id,label,label_name,category,subcategory,channel,text,reason,source_note
1,1,스팸_사기,광고성스팸,로또번호_추천광고,SMS,"[복권천재] AI 분석으로 뽑은 이번주 1등 예상번호 무료 공개, 확인: hxxp://복권천재-169.kr/4802","확인 불가능한 당첨 이력 주장, 개인정보 입력 후 유료 결제로 유도하는 경우 많음",나무위키 스팸메일 문서의 로또번호 추천 사이트 광고 유형 참고
2,1,스팸_사기,악성_해킹시도,카드발급사칭_스미싱,SMS,🔒 고객님 명의로 우리카드가 신규 발급 신청되었습니다. 본인이 아니라면 즉시 확인 hxxp://card-verify-kr-729.top/6183,"신청한 적 없는 카드 발급 안내, 확인을 명목으로 악성 링크 클릭 유도",KB Think 스미싱 대처법 페이지(신청한 적 없는 카드 스미싱) 패턴 참고
3,1,스팸_사기,광고성스팸,불법대출광고,SMS,"[케이캐시대부] 정부지원 서민대출 사칭, 최대 500만원. 문의 010-8250-7155","미등록 대부업 의심, '신용조회 없이' 문구, 무자격자 대상 고액 대출 미끼",신한카드 불법대출광고 유형 안내 페이지 패턴 참고
4,0,정상,정상,은행정상알림,SMS,"[우리은행] 체크카드 120,000원 승인. 가맹점: 올리브영",해당없음(정상 메시지),일상적으로 발생하는 정상 업무/생활 커뮤니케이션 예시(합성)
5,1,스팸_사기,광고성스팸,불법대출광고,SMS,"[행복저축은행(사칭)] 당일 즉시 입금, 최대 500만원. 문의 010-1746-1177 📢","미등록 대부업 의심, '신용조회 없이' 문구, 무자격자 대상 고액 대출 미끼",신한카드 불법대출광고 유형 안내 페이지 패턴 참고
6,0,정상,정상,은행정상알림,SMS,"[카카오뱅크] 승인알림: 40,000원 결제(출금) 완료. 잔여 55만원",해당없음(정상 메시지),일상적으로 발생하는 정상 업무/생활 커뮤니케이션 예시(합성)
7,1,스팸_사기,광고성스팸,불법대출광고,SMS,"[믿음저축] 신용조회 없이 당일승인, 최대 5000만원. 뮨의 ０１０-6066-8424 🎉","미등록 대부업 의심, '신용조회 없이' 문구, 무자격자 대상 고액 대출 미끼",신한카드 불법대출광고 유형 안내 페이지 패턴 참고
8,1,스팸_사기,악성_해킹시도,택배사칭_스미싱,SMS,[쿠팡물류센터] 송장번호(1553844782) 결제 정보 확인이 필요합니다. 확인: hxxp://쿠팡물류센터-577.com/1575,"실제 주문내역 없음, 단축/변형 URL, 클릭 시 악성 앱 설치 유도",이스트시큐리티 알약 블로그·cashnote 스미싱 총정리 패턴 참고
9,1,스팸_사기,악성_해킹시도,택배사칭_스미싱,SMS,[쿠팡물류센터] 송장번호(7829696375) 부재중으로 반송 예정입니다. 확인: hxxp://쿠팡물류센터-967.com/8241,"실제 주문내역 없음, 단축/변형 URL, 클릭 시 악성 앱 설치 유도",이스트시큐리티 알약 블로그·cashnote 스미싱 총정리 패턴 참고
10,0,정상,정상,정상택배안내,SMS,[CJ대한통운] 상품이 출고되어 배송을 시작합니다. 예상 도착일은 내일 오전입니다.,해당없음(정상 메시지),일상적으로 발생하는 정상 업무/생활 커뮤니케이션 예시(합성)
11,1,스팸_사기,사기_투자로맨스,가짜투자앱유도,SMS,"[VIP리딩방] 오늘 가입자 한정 혜택! 50만원으로 시작, 설치링크 hxxp://invest-vip-app-394.xyz/4595","공식 앱스토어가 아닌 링크로 앱 설치 유도, 초기 소액 출금으로 신뢰 형성 후 거액 유도",일반적 리딩방-가짜거래소 연계 사기 패턴 참고
12,1,스팸_사기,가짜채용,현금수거책_고액알바,SMS,단순 심부름 업무로 일당 40만원 드립니다. 광주 인근 지정 장소에서 현금이 든 쇼핑백을 수거해 전달만 하시면 됩니다. 경력/면접 없이 바로 시작 가능 💼,"비대면 채용, 현금 운반이라는 비정상적 업무, 고액 일당 대비 매우 단순한 업무 내용",정책브리핑·잡플래닛 고액알바 위험성 안내 패턴 참고
13,1,스팸_사기,광고성스팸,불법도박광고,SMS,"[로얄카지노] 루징 캐시백 10%! 신규가입시 최대 100만원 지급, 지금 바로 가입 hxxp://로얄카지노-727.xyz/1365 📢","080 수신거부 번호 없음, 단축/변형 URL, 미신고 도박사이트, 고액 지급 미끼",방통위·KISA 문자스팸 통계(도박 유형 약 40%) 패턴 참고
14,0,정상,정상,은행정상알림,SMS,"[하나은행] 승인알림: 360,000원 결제(출금) 완료. 잔여 928만원",해당없음(정상 메시지),일상적으로 발생하는 정상 업무/생활 커뮤니케이션 예시(합성)
15,1,스팸_사기,악성_해킹시도,청첩장_부고장사칭_스미싱,SMS,[모바일초대장] OOO님이 장례식 초대장을 보냈습니다. 아래에서 확인해주세요 hxxp://mcard-invite-283.xyz/3163,"지인 사칭, 모바일 청첩장/부고장 클릭 유도 후 악성 앱 설치, 실제 지인 확인 불가",cashnote 스미싱 총정리(모바일청첩장 클릭 후 대출 피해) 패턴 참고
16,0,정상,정상,학교공지,SMS,"[OO초등학교] 학부모 상담 신청 안내: 12월 14일, 알림장 앱 이용 바랍니다",해당없음(정상 메시지),일상적으로 발생하는 정상 업무/생활 커뮤니케이션 예시(합성)
17,0,정상,정상,은행정상알림,SMS,"[신한은행] 자동납부 예정: 7일 350,000원, 잔액을 미리 확인해주세요",해당없음(정상 메시지),일상적으로 발생하는 정상 업무/생활 커뮤니케이션 예시(합성)
18,1,스팸_사기,가짜채용,현금수거책_고액알바,SMS,단순 심부름 업무로 일당 ２０만원 드립니다. 부산 인근 지정 장소에서 현금이 든 쇼핑백을 수거해 전달만 하시면 됩니다. 경력/면접 없이 바로 시작 가능,"비대면 채용, 현금 운반이라는 비정상적 업무, 고액 일당 대비 매우 단순한 업무 내용",정책브리핑·잡플래닛 고액알바 위험성 안내 패턴 참고
19,1,스팸_사기,광고성스팸,로또번호_추천광고,SMS,"[복권천재] 이번주 1등 당첨번호 무료공개! 지금까지 2회 연속 적중, 확인은 hxxp://복권천재-274.kr/６２１１ 🔥","확인 불가능한 당첨 이력 주장, 개인정보 입력 후 유료 결제로 유도하는 경우 많음",나무위키 스팸메일 문서의 로또번호 추천 사이트 광고 유형 참고
20,0,정상,정상,은행정상알림,SMS,"[우리은행] 체크카드 50,000원 사용, 현재 잔액 285만원입니다",해당없음(정상 메시지),일상적으로 발생하는 정상 업무/생활 커뮤니케이션 예시(합성)
21,1,스팸_사기,악성_해킹시도,청첩장_부고장사칭_스미싱,SMS,[모바일초대장] OOO님이 결혼식 초대장을 보냈습니다. 아래에서 확인해주세요 hxxp://mcard-invite-741.xyz/8299,"지인 사칭, 모바일 청첩장/부고장 클릭 유도 후 악성 앱 설치, 실제 지인 확인 불가",cashnote 스미싱 총정리(모바일청첩장 클릭 후 대출 피해) 패턴 참고
22,1,스팸_사기,악성_해킹시도,공공기관사칭_스미싱,SMS,[교통민원#24] 2024년 5월 위반사실이 확인되어 통지서가 발송되었습니다. 상세조회: hxxp://traffic-24check-628.top/4647,"실제 정부기관은 개인 URL 링크로 벌금 안내를 하지 않음, 가짜 정부사이트 유도",cashnote 스미싱 총정리(경찰청교통민원24 사칭 유형) 패턴 참고
23,0,정상,정상,은행정상알림,SMS,"[카카오뱅크] 고객님 계좌에서 400,000원이 출금되었습니다 (잔액 27만원)",해당없음(정상 메시지),일상적으로 발생하는 정상 업무/생활 커뮤니케이션 예시(합성)
24,0,정상,정상,은행정상알림,SMS,"[국민은행] 체크카드 150,000원 승인. 가맹점: 쿠팡",해당없음(정상 메시지),일상적으로 발생하는 정상 업무/생활 커뮤니케이션 예시(합성)
25,0,정상,정상,정상택배안내,SMS,[CJ대한통운] 택배가 배송 완료되었어요. 송장번호: 633234132392,해당없음(정상 메시지),일상적으로 발생하는 정상 업무/생활 커뮤니케이션 예시(합성)
26,1,스팸_사기,사기_투자로맨스,가짜투자앱유도,SMS,[VIP리딩방] 무료체험 자리 얼마 안 남았어요. 50만원 넣고 바로 확인해보세요 hxxp://invest-vip-app-734.net/６４９６,"공식 앱스토어가 아닌 링크로 앱 설치 유도, 초기 소액 출금으로 신뢰 형성 후 거액 유도",일반적 리딩방-가짜거래소 연계 사기 패턴 참고
27,0,정상,정상,은행정상알림,SMS,"[우리은행] 310,000원이 정상 출금되었어요. 잔액은 72만원입니다",해당없음(정상 메시지),일상적으로 발생하는 정상 업무/생활 커뮤니케이션 예시(합성)
28,1,스팸_사기,광고성스팸,불법도박광고,SMS,"[슈퍼토토] 첫충 200% 이벤트! 신규가입시 최대 200만원 지급, 지금 바로 가입 hxxp://슈퍼토토-111.kr/７８４４","080 수신거부 번호 없음, 단축/변형 URL, 미신고 도박사이트, 고액 지급 미끼",방통위·KISA 문자스팸 통계(도박 유형 약 40%) 패턴 참고
29,0,정상,정상,은행정상알림,SMS,"[하나은행] 체크카드 400,000원 승인. 가맹점: 29CM",해당없음(정상 메시지),일상적으로 발생하는 정상 업무/생활 커뮤니케이션 예시(합성)
30,1,스팸_사기,악성_해킹시도,카드발급사칭_스미싱,SMS,고객님 명의로 우리카드가 신규 발급 신청되었습니다. 본인이 아니라면 즉시 확인 hxxp://card-verify-kr-268.xyz/2744,"신청한 적 없는 카드 발급 안내, 확인을 명목으로 악성 링크 클릭 유도",KB Think 스미싱 대처법 페이지(신청한 적 없는 카드 스미싱) 패턴 참고
31,1,스팸_사기,광고성스팸,로또번호_추천광고,SMS,"[행운의숫자] 이번주 1등 당첨번호 무료공개! 지금까지 2회 연속 적중, 확인은 hxxp://행운의숫자-241.xyz/1414","확인 불가능한 당첨 이력 주장, 개인정보 입력 후 유료 결제로 유도하는 경우 많음",나무위키 스팸메일 문서의 로또번호 추천 사이트 광고 유형 참고
32,1,스팸_사기,가짜채용,현금수거책_고액알바,SMS,단순 심부름 업무로 일당 25만원 드립니다. 강남 인근 지정 장소에서 현금이 든 쇼핑백을 수거해 전달만 하시면 됩니다. 경력/면접 없이 바로 시작 가능,"비대면 채용, 현금 운반이라는 비정상적 업무, 고액 일당 대비 매우 단순한 업무 내용",정책브리핑·잡플래닛 고액알바 위험성 안내 패턴 참고
34,1,스팸_사기,사기_보이스피싱,소액결제사칭,SMS,"[해외결제] 121,000원이 승인되었습니다. 본인 확인 필요 시 1588-1867","허위 소액결제 문자로 불안감 조성 후 사기범이 안내하는 번호로 유도, 실제 결제 내역 없음",보안뉴스 경찰청 보이스피싱 사례(허위 소액결제 문자 유형) 패턴 참고
35,1,스팸_사기,악성_해킹시도,청첩장_부고장사칭_스미싱,SMS,OOO님의 결혼식에 초대합니다. 모바일 부고장 화긴하기 hxxp://mcard-invite-466.kr/5488,"지인 사칭, 모바일 청첩장/부고장 클릭 유도 후 악성 앱 설치, 실제 지인 확인 불가",cashnote 스미싱 총정리(모바일청첩장 클릭 후 대출 피해) 패턴 참고
36,0,정상,정상,은행정상알림,SMS,"[하나은행] 체크카드 220,000원 승인. 가맹점: 올리브영",해당없음(정상 메시지),일상적으로 발생하는 정상 업무/생활 커뮤니케이션 예시(합성)
37,1,스팸_사기,광고성스팸,로또번호_추천광고,SMS,"📢 [1등예측단] 이번주 1등 당첨번호 무료공개! 지금까지 2회 연속 적중, 확인은 hxxp://1등예측단-498.net/2742","확인 불가능한 당첨 이력 주장, 개인정보 입력 후 유료 결제로 유도하는 경우 많음",나무위키 스팸메일 문서의 로또번호 추천 사이트 광고 유형 참고
38,1,스팸_사기,악성_해킹시도,택배사칭_스미싱,SMS,[CJ대한통운] 송장번호(7287726670) 결제 정보 확인이 필요합니다. 확인: hxxp://cj대한통운-598.net/7276,"실제 주문내역 없음, 단축/변형 URL, 클릭 시 악성 앱 설치 유도",이스트시큐리티 알약 블로그·cashnote 스미싱 총정리 패턴 참고
39,1,스팸_사기,광고성스팸,불법대출광고,SMS,"[새희망대부] 카드론 대환 특별상품, 최대 5OOO만원. 문의 010-2409-3900","미등록 대부업 의심, '신용조회 없이' 문구, 무자격자 대상 고액 대출 미끼",신한카드 불법대출광고 유형 안내 페이지 패턴 참고
40,1,스팸_사기,광고성스팸,불법대출광고,SMS,"[믿음저축] 서류 없이 전화상담만으로 심사, 최대 500만원. 문의 010-9812-4548","미등록 대부업 의심, '신용조회 없이' 문구, 무자격자 대상 고액 대출 미끼",신한카드 불법대출광고 유형 안내 페이지 패턴 참고
41,1,스팸_사기,악성_해킹시도,공공기관사칭_스미싱,SMS,[경찰청교통민원24] 교통법규위반 사실 확인 통지서가 발송되었습니다(2O24년 11월). 조회: hxxp://traffic-24check-287.top/6770,"실제 정부기관은 개인 URL 링크로 벌금 안내를 하지 않음, 가짜 정부사이트 유도",cashnote 스미싱 총정리(경찰청교통민원24 사칭 유형) 패턴 참고
42,1,스팸_사기,광고성스팸,불법대출광고,SMS,"[스마일캐피탈] 무직자,저신용자 환영, 최대 500만원. 문의 010-5886-2137","미등록 대부업 의심, '신용조회 없이' 문구, 무자격자 대상 고액 대출 미끼",신한카드 불법대출광고 유형 안내 페이지 패턴 참고
43,1,스팸_사기,사기_투자로맨스,투자리딩방,SMS,"[마스터리딩방] 삼성자산운용(사칭) 마스터 리딩방입니다. 전문가가 직접 매수/매도 신호를 드리며, 이번 주 수익률 5OO% 인증 종목 공개! 지금 무료 입장하세요.","비공식 오픈채팅방 운영, 비현실적 수익률 인증 캡처, 이후 유료방/투자앱 설치 유도",보안뉴스 추석 금융사기 예방 기사(투자리딩방 피해 규모) 패턴 참고
44,1,스팸_사기,광고성스팸,로또번호_추천광고,SMS,"[복권천재] 회원님만을 위한 특별 당첨번호, 지금 확인하세요 hxxp://복권천재-795.top/3035","확인 불가능한 당첨 이력 주장, 개인정보 입력 후 유료 결제로 유도하는 경우 많음",나무위키 스팸메일 문서의 로또번호 추천 사이트 광고 유형 참고
45,1,스팸_사기,광고성스팸,불법대출광고,SMS,"[든든머니대부] 무직자,저신용자 환영, 최대 5000만원. 문의 010-6790-5084 🎉","미등록 대부업 의심, '신용조회 없이' 문구, 무자격자 대상 고액 대출 미끼",신한카드 불법대출광고 유형 안내 페이지 패턴 참고
46,0,정상,정상,은행정상알림,SMS,"[하나은행] 자동이체 예정 안내: 24일 160,000원 출금 예정입니다.",해당없음(정상 메시지),일상적으로 발생하는 정상 업무/생활 커뮤니케이션 예시(합성)
47,1,스팸_사기,광고성스팸,로또번호_추천광고,SMS,"[로또마스터] 이번주 l등 당첨번호 무료공개! 지금까지 4회 연속 적중, 확인은 hxxp://로또마스터-696.top/7975","확인 불가능한 당첨 이력 주장, 개인정보 입력 후 유료 결제로 유도하는 경우 많음",나무위키 스팸메일 문서의 로또번호 추천 사이트 광고 유형 참고
48,0,정상,정상,은행정상알림,SMS,"[토스뱅크] 체크카드 380,000원 승인. 가맹점: 무신사",해당없음(정상 메시지),일상적으로 발생하는 정상 업무/생활 커뮤니케이션 예시(합성)
49,0,정상,정상,은행정상알림,SMS,"[하나은행] 자동이체 예정 안내: 25일 390,000원 출금 예정입니다.",해당없음(정상 메시지),일상적으로 발생하는 정상 업무/생활 커뮤니케이션 예시(합성)
50,1,스팸_사기,악성_해킹시도,청첩장_부고장사칭_스미싱,SMS,결혼식 안내드립니다. 참석 여부와 함께 청첩장를 확인해주세요: hxxp://mcard-invite-681.com/4473,"지인 사칭, 모바일 청첩장/부고장 클릭 유도 후 악성 앱 설치, 실제 지인 확인 불가",cashnote 스미싱 총정리(모바일청첩장 클릭 후 대출 피해) 패턴 참고
51,0,정상,정상,은행정상알림,SMS,"[국민은행] 출금 130,000원 처리되었어요. 남은 잔액은 60만원",해당없음(정상 메시지),일상적으로 발생하는 정상 업무/생활 커뮤니케이션 예시(합성)
52,0,정상,정상,은행정상알림,SMS,"[하나은행] 정기 자동이체 안내 - 21일 430,000원 출금될 예정이에요",해당없음(정상 메시지),일상적으로 발생하는 정상 업무/생활 커뮤니케이션 예시(합성)
53,0,정상,정상,은행정상알림,SMS,"[토스뱅크] 자동납부 예정: 2일 320,000원, 잔액을 미리 확인해주세요",해당없음(정상 메시지),일상적으로 발생하는 정상 업무/생활 커뮤니케이션 예시(합성)
54,0,정상,정상,은행정상알림,SMS,"[하나은행] 체크카드 150,000원 승인. 가맹점: 마켓컬리",해당없음(정상 메시지),일상적으로 발생하는 정상 업무/생활 커뮤니케이션 예시(합성)
55,1,스팸_사기,악성_해킹시도,택배사칭_스미싱,SMS,[우체국택배] 송장번호(1908897828) 주소 불일치로 물품 보관 중입니다. 확인: hxxp://우체국택배-942.kr/9181,"실제 주문내역 없음, 단축/변형 URL, 클릭 시 악성 앱 설치 유도",이스트시큐리티 알약 블로그·cashnote 스미싱 총정리 패턴 참고
57,1,스팸_사기,가짜채용,재택부업_리뷰알바사기,SMS,"📋 재택으로 상품 리뷰만 작성하면 건당 １２,０００원! 하루 30분 투자로 월 250만원 가능합니다. 지금 카톡 문의 @review_job","선입금(상품구매 대금 선결제) 요구로 이어지는 경우 多, 비현실적 고수익 강조, 기업 정보 불명확",보안뉴스 추석 금융사기 예방 기사(부업 아르바이트/리뷰알바 사기) 패턴 참고
58,1,스팸_사기,악성_해킹시도,청첩장_부고장사칭_스미싱,SMS,OOO님의 장례식에 초대합니다. 모바일 부고장 화긴하기 hxxp://mcard-invite-167.xyz/1368,"지인 사칭, 모바일 청첩장/부고장 클릭 유도 후 악성 앱 설치, 실제 지인 확인 불가",cashnote 스미싱 총정리(모바일청첩장 클릭 후 대출 피해) 패턴 참고
59,1,스팸_사기,광고성스팸,불법대출광고,SMS,"[믿음저축] 당일 즉시 입금, 최대 1000만원. 문의 ０１０-4723-8416","미등록 대부업 의심, '신용조회 없이' 문구, 무자격자 대상 고액 대출 미끼",신한카드 불법대출광고 유형 안내 페이지 패턴 참고
60,1,스팸_사기,악성_해킹시도,청첩장_부고장사칭_스미싱,SMS,OOO님의 장례식에 초대합니다. 모바일 청첩장 화긴하기 hxxp://mcard-invite-510.kr/5692,"지인 사칭, 모바일 청첩장/부고장 클릭 유도 후 악성 앱 설치, 실제 지인 확인 불가",cashnote 스미싱 총정리(모바일청첩장 클릭 후 대출 피해) 패턴 참고
61,1,스팸_사기,광고성스팸,불법대출광고,SMS,"[빠른캐피탈] 정부지원 서민대출 사칭, 최대 5000만원. 문의 010-8592-2339 🔥","미등록 대부업 의심, '신용조회 없이' 문구, 무자격자 대상 고액 대출 미끼",신한카드 불법대출광고 유형 안내 페이지 패턴 참고
62,1,스팸_사기,사기_투자로맨스,가짜투자앱유도,SMS,"[VIP리딩방] 소액 10만원부터 체험 가능, 수익 인증샷 보내드릴게요! 설치: hxxp://invest-vip-app-554.com/3661","공식 앱스토어가 아닌 링크로 앱 설치 유도, 초기 소액 출금으로 신뢰 형성 후 거액 유도",일반적 리딩방-가짜거래소 연계 사기 패턴 참고
63,0,정상,정상,은행정상알림,SMS,"[국민은행] 430,000원이 정상 출금되었어요. 잔액은 406만원입니다",해당없음(정상 메시지),일상적으로 발생하는 정상 업무/생활 커뮤니케이션 예시(합성)
64,1,스팸_사기,광고성스팸,불법대출광고,SMS,"🎉 [직장인우대론] 정부지원 서민대출 사칭, 최대 １０００만원. 문의 010-7050-5154","미등록 대부업 의심, '신용조회 없이' 문구, 무자격자 대상 고액 대출 미끼",신한카드 불법대출광고 유형 안내 페이지 패턴 참고
65,1,스팸_사기,악성_해킹시도,청첩장_부고장사칭_스미싱,SMS,결혼식 안내드립니다. 참석 여부와 함께 부고장를 확인해주세요: hxxp://mcard-invite-188.xyz/7367,"지인 사칭, 모바일 청첩장/부고장 클릭 유도 후 악성 앱 설치, 실제 지인 확인 불가",cashnote 스미싱 총정리(모바일청첩장 클릭 후 대출 피해) 패턴 참고
66,1,스팸_사기,악성_해킹시도,청첩장_부고장사칭_스미싱,SMS,🔒 OOO님의 결혼식에 초대합니다. 모바일 부고장 화긴하기 hxxp://mcard-invite-553.com/3858,"지인 사칭, 모바일 청첩장/부고장 클릭 유도 후 악성 앱 설치, 실제 지인 확인 불가",cashnote 스미싱 총정리(모바일청첩장 클릭 후 대출 피해) 패턴 참고
67,1,스팸_사기,가짜채용,재택부업_리뷰알바사기,SMS,"📋 재택으로 상품 리뷰만 작성하면 건당 20,000원! 하루 30분 투자로 월 300만원 가능합니다. 지금 카톡 문의 @homework_job","선입금(상품구매 대금 선결제) 요구로 이어지는 경우 多, 비현실적 고수익 강조, 기업 정보 불명확",보안뉴스 추석 금융사기 예방 기사(부업 아르바이트/리뷰알바 사기) 패턴 참고
68,1,스팸_사기,광고성스팸,불법도박광고,SMS,"[챔피언벳] 매충 30% 상시지급! 신규가입시 최대 150만원 지급, 지금 바로 가입 hxxp://챔피언벳-830.kr/3090 📢","080 수신거부 번호 없음, 단축/변형 URL, 미신고 도박사이트, 고액 지급 미끼",방통위·KISA 문자스팸 통계(도박 유형 약 40%) 패턴 참고
69,0,정상,정상,은행정상알림,SMS,"[국민은행] 체크카드 170,000원 승인. 가맹점: 올리브영",해당없음(정상 메시지),일상적으로 발생하는 정상 업무/생활 커뮤니케이션 예시(합성)
70,1,스팸_사기,광고성스팸,불법대출광고,SMS,"[직장인우대론] 카드론 대환 특별상품, 최대 1500만원. 문의 010-4285-4430 🎉","미등록 대부업 의심, '신용조회 없이' 문구, 무자격자 대상 고액 대출 미끼",신한카드 불법대출광고 유형 안내 페이지 패턴 참고
72,1,스팸_사기,악성_해킹시도,택배사칭_스미싱,SMS,🔒 [롯데택배] 송장번호(9897037449) 부재중으로 반송 예정입니다. 확인: hxxp://롯데택배-813.kr/6707,"실제 주문내역 없음, 단축/변형 URL, 클릭 시 악성 앱 설치 유도",이스트시큐리티 알약 블로그·cashnote 스미싱 총정리 패턴 참고
74,1,스팸_사기,광고성스팸,불법대출광고,SMS,"[국민든든대부] 서류 없이 전화상담만으로 심사, 최대 5000만원. 문의 010-5262-7655 🎉","미등록 대부업 의심, '신용조회 없이' 문구, 무자격자 대상 고액 대출 미끼",신한카드 불법대출광고 유형 안내 페이지 패턴 참고
75,1,스팸_사기,광고성스팸,불법대출광고,SMS,"[스마일캐피탈] 무직자,저신용자 환영, 최대 5000만원. 문의 010-5945-６２４８","미등록 대부업 의심, '신용조회 없이' 문구, 무자격자 대상 고액 대출 미끼",신한카드 불법대출광고 유형 안내 페이지 패턴 참고
76,1,스팸_사기,악성_해킹시도,택배사칭_스미싱,SMS,[롯데택배] 송장번호(2407871036) 결제 정보 확인이 필요합니다. 확인: hxxp://롯데택배-871.kr/3445,"실제 주문내역 없음, 단축/변형 URL, 클릭 시 악성 앱 설치 유도",이스트시큐리티 알약 블로그·cashnote 스미싱 총정리 패턴 참고
77,0,정상,정상,은행정상알림,SMS,"[신한은행] 고객님 계좌에서 480,000원이 출금되었습니다 (잔액 818만원)",해당없음(정상 메시지),일상적으로 발생하는 정상 업무/생활 커뮤니케이션 예시(합성)
78,1,스팸_사기,광고성스팸,불법도박광고,SMS,"[로얄카지노] 신규회원 콤프 지급! 신규가입시 최대 200만원 지급, 지금 바로 가입 hxxp://로얄카지노-313.xyz/4393","080 수신거부 번호 없음, 단축/변형 URL, 미신고 도박사이트, 고액 지급 미끼",방통위·KISA 문자스팸 통계(도박 유형 약 40%) 패턴 참고
79,1,스팸_사기,광고성스팸,불법대출광고,SMS,"[케이캐시대부] 신용조회 없이 당일승인, 최대 2000만원. 뮨의 010-4881-1773","미등록 대부업 의심, '신용조회 없이' 문구, 무자격자 대상 고액 대출 미끼",신한카드 불법대출광고 유형 안내 페이지 패턴 참고
80,0,정상,정상,은행정상알림,SMS,"[신한은행] 고객님 계좌에서 110,000원이 출금되었습니다 (잔액 49만원)",해당없음(정상 메시지),일상적으로 발생하는 정상 업무/생활 커뮤니케이션 예시(합성)
81,1,스팸_사기,광고성스팸,로또번호_추천광고,SMS,"🎉 [로또마스터] 이번주 1등 당첨번호 무료공개! 지금까지 2회 연속 적중, 화긴은 hxxp://로또마스터-352.top/4328","확인 불가능한 당첨 이력 주장, 개인정보 입력 후 유료 결제로 유도하는 경우 많음",나무위키 스팸메일 문서의 로또번호 추천 사이트 광고 유형 참고
82,0,정상,정상,은행정상알림,SMS,"[하나은행] 체크카드 350,000원 승인. 가맹점: 무신사",해당없음(정상 메시지),일상적으로 발생하는 정상 업무/생활 커뮤니케이션 예시(합성)
83,0,정상,정상,은행정상알림,SMS,"[토스뱅크] 390,000원이 정상 출금되었어요. 잔액은 879만원입니다",해당없음(정상 메시지),일상적으로 발생하는 정상 업무/생활 커뮤니케이션 예시(합성)
84,1,스팸_사기,광고성스팸,불법대출광고,SMS,"[직장인우대론] 서류 없이 전화상담만으로 심사, 최대 2000만원. 문의 010-7065-4715 🎉","미등록 대부업 의심, '신용조회 없이' 문구, 무자격자 대상 고액 대출 미끼",신한카드 불법대출광고 유형 안내 페이지 패턴 참고
85,0,정상,정상,은행정상알림,SMS,"[토스뱅크] 12일에 480,000원 자동이체가 예정되어 있습니다",해당없음(정상 메시지),일상적으로 발생하는 정상 업무/생활 커뮤니케이션 예시(합성)
86,1,스팸_사기,광고성스팸,불법도박광고,SMS,"[머니라인] 매충 30% 상시지급! 신규가입시 최대 200만원 지급, 지금 바로 가입 hxxp://머니라인-174.top/5960 📢","080 수신거부 번호 없음, 단축/변형 URL, 미신고 도박사이트, 고액 지급 미끼",방통위·KISA 문자스팸 통계(도박 유형 약 40%) 패턴 참고
88,1,스팸_사기,광고성스팸,불법도박광고,SMS,"[머니라인] 출석체크 포인트 지급! 신규가입시 최대 150만원 지급, 지금 바로 가입 hxxp://머니라인-231.kr/9654","080 수신거부 번호 없음, 단축/변형 URL, 미신고 도박사이트, 고액 지급 미끼",방통위·KISA 문자스팸 통계(도박 유형 약 40%) 패턴 참고
89,1,스팸_사기,광고성스팸,로또번호_추천광고,SMS,"[복권천재] 이번주 l등 당첨번호 무료공개! 지금까지 3회 연속 적중, 확인은 hxxp://복권천재-755.top/7627","확인 불가능한 당첨 이력 주장, 개인정보 입력 후 유료 결제로 유도하는 경우 많음",나무위키 스팸메일 문서의 로또번호 추천 사이트 광고 유형 참고
90,1,스팸_사기,악성_해킹시도,카드발급사칭_스미싱,SMS,고객님 명의로 현대카드가 신규 발급 신청되었슴니다. 본인이 아니라면 즉시 확인 hxxp://card-verify-kr-575.kr/7574,"신청한 적 없는 카드 발급 안내, 확인을 명목으로 악성 링크 클릭 유도",KB Think 스미싱 대처법 페이지(신청한 적 없는 카드 스미싱) 패턴 참고
91,0,정상,정상,정상택배안내,SMS,[우체국택배] 고객님의 상품이 배송 완료되었습니다. 송장번호: 183348947835,해당없음(정상 메시지),일상적으로 발생하는 정상 업무/생활 커뮤니케이션 예시(합성)
93,1,스팸_사기,가짜채용,재택부업_리뷰알바사기,SMS,재택으로 상품 리뷰만 작성하면 건당 25천원! 하루 30분 투자로 월 300만원 가능합니다. 지금 카톡 문의 @homework_job,"선입금(상품구매 대금 선결제) 요구로 이어지는 경우 多, 비현실적 고수익 강조, 기업 정보 불명확",보안뉴스 추석 금융사기 예방 기사(부업 아르바이트/리뷰알바 사기) 패턴 참고
94,1,스팸_사기,가짜채용,통장대여_이체알바,SMS,"[재택알바] 본인 명의 계좌만 빌려주시면 건당 5만원, 이체 심부름 알바 구합니다. 텔레그램으로 연랔주세요 @job136 💼","통장 대여는 전자금융거래법 위반, 텔레그램 등 익명 메신저로만 소통, 실제로는 보이스피싱 자금 세탁에 이용",kbthink 이체알바 사기 안내(통장 대여 시 처벌 규정) 패턴 참고
95,0,정상,정상,은행정상알림,SMS,"[우리은행] 체크카드 380,000원 사용, 현재 잔액 269만원입니다",해당없음(정상 메시지),일상적으로 발생하는 정상 업무/생활 커뮤니케이션 예시(합성)
96,0,정상,정상,은행정상알림,SMS,"[토스뱅크] 정기 자동이체 안내 - 7일 40,000원 출금될 예정이에요",해당없음(정상 메시지),일상적으로 발생하는 정상 업무/생활 커뮤니케이션 예시(합성)
97,1,스팸_사기,광고성스팸,불법대출광고,SMS,"[국민든든대부] 서류 없이 전화상담만으로 심사, 최대 3000만원. 문의 010-6578-2204","미등록 대부업 의심, '신용조회 없이' 문구, 무자격자 대상 고액 대출 미끼",신한카드 불법대출광고 유형 안내 페이지 패턴 참고
99,0,정상,정상,은행정상알림,SMS,"[카카오뱅크] 이체 140,000원 출금 처리완료. 잔액 216만원 남았습니다",해당없음(정상 메시지),일상적으로 발생하는 정상 업무/생활 커뮤니케이션 예시(합성)
101,1,스팸_사기,광고성스팸,불법도박광고,SMS,"[황금벳] 신규회원 콤프 지급! 신규가입시 최대 200만원 지급, 지금 바로 가입 hxxp://황금벳-675.xyz/2038 🎉","080 수신거부 번호 없음, 단축/변형 URL, 미신고 도박사이트, 고액 지급 미끼",방통위·KISA 문자스팸 통계(도박 유형 약 40%) 패턴 참고
103,0,정상,정상,은행정상알림,SMS,"[카카오뱅크] 25일 자동이체 50,000원 출금 예정이오니 참고 바랍니다",해당없음(정상 메시지),일상적으로 발생하는 정상 업무/생활 커뮤니케이션 예시(합성)
104,0,정상,정상,은행정상알림,SMS,"[우리은행] 체크카드 320,000원 승인. 가맹점: 올리브영",해당없음(정상 메시지),일상적으로 발생하는 정상 업무/생활 커뮤니케이션 예시(합성)
105,1,스팸_사기,악성_해킹시도,택배사칭_스미싱,SMS,[롯데택배] 송장번호(2184508132) 부재중으로 반송 예정입니다. 확인: hxxp://롯데택배-888.net/7143,"실제 주문내역 없음, 단축/변형 URL, 클릭 시 악성 앱 설치 유도",이스트시큐리티 알약 블로그·cashnote 스미싱 총정리 패턴 참고
106,1,스팸_사기,광고성스팸,불법도박광고,SMS,"[챔피언벳] 루징 캐시백 10%! 신규가입시 최대 150만원 지급, 지금 바로 가입 hxxp://챔피언벳-475.xyz/9802","080 수신거부 번호 없음, 단축/변형 URL, 미신고 도박사이트, 고액 지급 미끼",방통위·KISA 문자스팸 통계(도박 유형 약 40%) 패턴 참고
107,0,정상,정상,은행정상알림,SMS,"[토스뱅크] 체크카드 470,000원 승인. 가맹점: 29CM",해당없음(정상 메시지),일상적으로 발생하는 정상 업무/생활 커뮤니케이션 예시(합성)
108,0,정상,정상,정상택배안내,SMS,[롯데택배] 주문하신 상품이 안전하게 도착했습니다. (송장번호 390758827535),해당없음(정상 메시지),일상적으로 발생하는 정상 업무/생활 커뮤니케이션 예시(합성)
109,1,스팸_사기,가짜채용,현금수거책_고액알바,SMS,💼 단순 심부름 업무로 일당 30만원 드립니다. 대전 인근 지정 장소에서 현금이 든 쇼핑백을 수거해 전달만 하시면 됩니다. 경력/면접 없이 바로 시작 가능,"비대면 채용, 현금 운반이라는 비정상적 업무, 고액 일당 대비 매우 단순한 업무 내용",정책브리핑·잡플래닛 고액알바 위험성 안내 패턴 참고
110,0,정상,정상,정상택배안내,SMS,[롯데택배] 택배가 배송 완료되었어요. 송장번호: 414564751468,해당없음(정상 메시지),일상적으로 발생하는 정상 업무/생활 커뮤니케이션 예시(합성)
111,1,스팸_사기,광고성스팸,불법대출광고,SMS,"[행운대부] 신용조회 없이 당일승인, 최대 1500만원. 문의 OlO-6843-9562","미등록 대부업 의심, '신용조회 없이' 문구, 무자격자 대상 고액 대출 미끼",신한카드 불법대출광고 유형 안내 페이지 패턴 참고
112,1,스팸_사기,광고성스팸,불법대출광고,SMS,"📢 [직장인우대론] 카드론 대환 특별상품, 최대 3000만원. 문의 010-1031-8855","미등록 대부업 의심, '신용조회 없이' 문구, 무자격자 대상 고액 대출 미끼",신한카드 불법대출광고 유형 안내 페이지 패턴 참고
113,1,스팸_사기,광고성스팸,불법도박광고,SMS,"[빅토리벳] 루징 캐시백 10%! 신규가입시 최대 200만원 지급, 지금 바로 가입 hxxp://빅토리벳-511.xyz/3602","080 수신거부 번호 없음, 단축/변형 URL, 미신고 도박사이트, 고액 지급 미끼",방통위·KISA 문자스팸 통계(도박 유형 약 40%) 패턴 참고
114,0,정상,정상,은행정상알림,SMS,"[국민은행] 6일에 10,000원 자동이체가 예정되어 있습니다",해당없음(정상 메시지),일상적으로 발생하는 정상 업무/생활 커뮤니케이션 예시(합성)
115,1,스팸_사기,악성_해킹시도,청첩장_부고장사칭_스미싱,SMS,소중한 분의 장례식 소식을 전해드립니다. 모바일 부고장 링크: hxxp://mcard-invite-5l3.net/7495,"지인 사칭, 모바일 청첩장/부고장 클릭 유도 후 악성 앱 설치, 실제 지인 확인 불가",cashnote 스미싱 총정리(모바일청첩장 클릭 후 대출 피해) 패턴 참고
116,0,정상,정상,은행정상알림,SMS,"[카카오뱅크] 체크카드 350,000원 승인. 가맹점: 올리브영",해당없음(정상 메시지),일상적으로 발생하는 정상 업무/생활 커뮤니케이션 예시(합성)
117,1,스팸_사기,사기_보이스피싱,검찰_금감원사칭,SMS,여기는 금융결제원(사칭)입니다. 귀하의 명의로 대포통장이 개설되어 수사가 진행 중입니다. 자산보호를 위해 대출받은 10000만원을 안내하는 안전계좌로 즉시 이체하셔야 합니다.,"검찰·경찰·금감원은 안전계좌 이체를 요구하지 않음, 전화로 수사 고지 및 송금 요구",보안뉴스 경찰청 보이스피싱 최다피해유형 사례(기관사칭형) 패턴 참고
119,1,스팸_사기,광고성스팸,불법대출광고,SMS,"[행복저축은행(사칭)] 카드론 대환 특별상품, 최대 1500만원. 문의 010-７１６２-6178","미등록 대부업 의심, '신용조회 없이' 문구, 무자격자 대상 고액 대출 미끼",신한카드 불법대출광고 유형 안내 페이지 패턴 참고
120,1,스팸_사기,광고성스팸,불법도박광고,SMS,"[프리미엄카지노] 출석체크 포인트 지급! 신규가입시 최대 200만원 지급, 지금 바로 가입 hxxp://프리미엄카지노-151.top/9099 🎉","080 수신거부 번호 없음, 단축/변형 URL, 미신고 도박사이트, 고액 지급 미끼",방통위·KISA 문자스팸 통계(도박 유형 약 40%) 패턴 참고
122,1,스팸_사기,악성_해킹시도,택배사칭_스미싱,SMS,[우체국택배] 송장번호(2726688324) 배송 지연으로 재배송 신청이 필요합니다. 확인: hxxp://우체국택배-265.top/9708 ⚠️,"실제 주문내역 없음, 단축/변형 URL, 클릭 시 악성 앱 설치 유도",이스트시큐리티 알약 블로그·cashnote 스미싱 총정리 패턴 참고
123,0,정상,정상,은행정상알림,SMS,"[국민은행] 체크카드 320,000원 승인. 가맹점: 29CM",해당없음(정상 메시지),일상적으로 발생하는 정상 업무/생활 커뮤니케이션 예시(합성)
124,1,스팸_사기,악성_해킹시도,청첩장_부고장사칭_스미싱,SMS,소중한 분의 장례식 소식을 전해드립니다. 모바일 부고장 링크: hxxp://mcard-invite-520.xyz/7958,"지인 사칭, 모바일 청첩장/부고장 클릭 유도 후 악성 앱 설치, 실제 지인 확인 불가",cashnote 스미싱 총정리(모바일청첩장 클릭 후 대출 피해) 패턴 참고
125,1,스팸_사기,가짜채용,재택부업_리뷰알바사기,SMS,재택으로 상품 리뷰만 작성하면 건당 25천원! 하루 30분 투자로 월 300만원 가능합니다. 지금 카톡 문의 @review_job,"선입금(상품구매 대금 선결제) 요구로 이어지는 경우 多, 비현실적 고수익 강조, 기업 정보 불명확",보안뉴스 추석 금융사기 예방 기사(부업 아르바이트/리뷰알바 사기) 패턴 참고
126,0,정상,정상,은행정상알림,SMS,"[국민은행] 체크카드 80,000원 승인. 가맹점: 올리브영",해당없음(정상 메시지),일상적으로 발생하는 정상 업무/생활 커뮤니케이션 예시(합성)
127,1,스팸_사기,광고성스팸,로또번호_추천광고,SMS,"[로또명당] 이번주 1등 당첨번호 무료공개! 지금까지 3회 연속 적중, 확인은 hxxp://로또명당-347.xyz/3113 📢","확인 불가능한 당첨 이력 주장, 개인정보 입력 후 유료 결제로 유도하는 경우 많음",나무위키 스팸메일 문서의 로또번호 추천 사이트 광고 유형 참고
128,1,스팸_사기,광고성스팸,로또번호_추천광고,SMS,"[1등예측단] 이번주 1등 당첨번호 무료공개! 지금까지 5회 연속 적중, 화긴은 hxxp://1등예측단-272.kr/2885","확인 불가능한 당첨 이력 주장, 개인정보 입력 후 유료 결제로 유도하는 경우 많음",나무위키 스팸메일 문서의 로또번호 추천 사이트 광고 유형 참고
129,1,스팸_사기,광고성스팸,불법도박광고,SMS,"[빅토리벳] 루징 캐시백 10%! 신규가입시 최대 200만원 지급, 지금 바로 가입 hxxp://빅토리벳-523.com/4440","080 수신거부 번호 없음, 단축/변형 URL, 미신고 도박사이트, 고액 지급 미끼",방통위·KISA 문자스팸 통계(도박 유형 약 40%) 패턴 참고
130,1,스팸_사기,광고성스팸,불법도박광고,SMS,"📢 [슈퍼토토] 루징 캐시백 １０%! 신규가입시 최대 150만원 지급, 지금 바로 가입 hxxp://슈퍼토토-118.net/2523","080 수신거부 번호 없음, 단축/변형 URL, 미신고 도박사이트, 고액 지급 미끼",방통위·KISA 문자스팸 통계(도박 유형 약 40%) 패턴 참고
131,0,정상,정상,은행정상알림,SMS,"[우리은행] 정기 자동이체 안내 - 22일 400,000원 출금될 예정이에요",해당없음(정상 메시지),일상적으로 발생하는 정상 업무/생활 커뮤니케이션 예시(합성)
132,0,정상,정상,은행정상알림,SMS,"[하나은행] 이체 60,000원 출금 처리완료. 잔액 595만원 남았습니다",해당없음(정상 메시지),일상적으로 발생하는 정상 업무/생활 커뮤니케이션 예시(합성)
133,0,정상,정상,은행정상알림,SMS,"[우리은행] 480,000원이 정상 출금되었어요. 잔액은 491만원입니다",해당없음(정상 메시지),일상적으로 발생하는 정상 업무/생활 커뮤니케이션 예시(합성)
134,1,스팸_사기,가짜채용,통장대여_이체알바,SMS,"✅ [재택알바] 본인 명의 계좌만 빌려주시면 건당 10만원, 이체 심부름 알바 구합니다. 텔레그램으로 연랔주세요 @job819","통장 대여는 전자금융거래법 위반, 텔레그램 등 익명 메신저로만 소통, 실제로는 보이스피싱 자금 세탁에 이용",kbthink 이체알바 사기 안내(통장 대여 시 처벌 규정) 패턴 참고
135,1,스팸_사기,가짜채용,현금수거책_고액알바,SMS,단순 심부름 업무로 일당 30만원 드립니다. 인천 인근 지정 장소에서 현금이 든 쇼핑백을 수거해 전달만 하시면 됩니다. 경력/면접 없이 바로 시작 가눙,"비대면 채용, 현금 운반이라는 비정상적 업무, 고액 일당 대비 매우 단순한 업무 내용",정책브리핑·잡플래닛 고액알바 위험성 안내 패턴 참고
136,1,스팸_사기,광고성스팸,불법도박광고,SMS,"[프리미엄카노지] 출석체크 포인트 지급! 신규가입시 최대 50만원 지급, 지금 바로 가입 hxxp://프리미엄카지노-298.top/9058","080 수신거부 번호 없음, 단축/변형 URL, 미신고 도박사이트, 고액 지급 미끼",방통위·KISA 문자스팸 통계(도박 유형 약 40%) 패턴 참고
137,1,스팸_사기,악성_해킹시도,택배사칭_스미싱,SMS,[로젠택배] 송장번호(7911713014) 배송 지연으로 재배송 신청이 필요합니다. 확인: hxxp://로젠택배-788.top/6908,"실제 주문내역 없음, 단축/변형 URL, 클릭 시 악성 앱 설치 유도",이스트시큐리티 알약 블로그·cashnote 스미싱 총정리 패턴 참고
138,1,스팸_사기,악성_해킹시도,청첩장_부고장사칭_스미싱,SMS,[모바일초대장] OOO님이 장례식 초대장을 보냈습니다. 아래에서 확인해주세요 hxxp://mcard-invite-788.kr/9724,"지인 사칭, 모바일 청첩장/부고장 클릭 유도 후 악성 앱 설치, 실제 지인 확인 불가",cashnote 스미싱 총정리(모바일청첩장 클릭 후 대출 피해) 패턴 참고
139,1,스팸_사기,광고성스팸,불법도박광고,SMS,"[로얄카지노] 가입머니 5만원 즉시지급! 신규가입시 최대 150만원 지급, 지금 바로 가입 hxxp://로얄카지노-560.net/5053","080 수신거부 번호 없음, 단축/변형 URL, 미신고 도박사이트, 고액 지급 미끼",방통위·KISA 문자스팸 통계(도박 유형 약 40%) 패턴 참고
140,1,스팸_사기,가짜채용,통장대여_이체알바,SMS,"💼 [재택알바] 본인 명의 계좌만 빌려주시면 건당 8만원, 이체 심부름 알바 구합니다. 텔레그램으로 연락주세요 @job845","통장 대여는 전자금융거래법 위반, 텔레그램 등 익명 메신저로만 소통, 실제로는 보이스피싱 자금 세탁에 이용",kbthink 이체알바 사기 안내(통장 대여 시 처벌 규정) 패턴 참고
141,0,정상,정상,은행정상알림,SMS,"[우리은행] 자동납부 예정: 19일 500,000원, 잔액을 미리 확인해주세요",해당없음(정상 메시지),일상적으로 발생하는 정상 업무/생활 커뮤니케이션 예시(합성)
143,1,스팸_사기,가짜채용,불법구인_밀폐공간면접,SMS,면접은 저희 사무실이 아니라 근처 공원에서 진행할게요. 채용 확정되면 바로 현금으로 일당 지급해드립니다.,"정식 사업장이 아닌 곳에서 면접 진행, 기업 정보 비공개, 채용플랫폼 정식 절차 회피",동네알바톡 불법구인 안내(밀폐공간/비사업장 면접) 패턴 참고
145,1,스팸_사기,악성_해킹시도,카드발급사칭_스미싱,SMS,고객님 명의로 국민카드가 신규 발급 신청되었슴니다. 본인이 아니라면 즉시 확인 hxxp://card-verify-kr-314.com/２１６１ 🔒,"신청한 적 없는 카드 발급 안내, 확인을 명목으로 악성 링크 클릭 유도",KB Think 스미싱 대처법 페이지(신청한 적 없는 카드 스미싱) 패턴 참고
146,0,정상,정상,은행정상알림,SMS,"[카카오뱅크] 체크카드 230,000원 사용, 현재 잔액 85만원입니다",해당없음(정상 메시지),일상적으로 발생하는 정상 업무/생활 커뮤니케이션 예시(합성)
147,1,스팸_사기,광고성스팸,불법도박광고,SMS,"[메이저파크] 루징 캐시백 10%! 신규가입시 최대 100만원 지급, 지금 바로 가입 hxxp://메이저파크-783.top/3645","080 수신거부 번호 없음, 단축/변형 URL, 미신고 도박사이트, 고액 지급 미끼",방통위·KISA 문자스팸 통계(도박 유형 약 40%) 패턴 참고
148,1,스팸_사기,광고성스팸,불법대출광고,SMS,"🔥 [새희망대부] 카드론 대환 특별상품, 최대 1500만원. 뮨의 ０１０-7854-5128","미등록 대부업 의심, '신용조회 없이' 문구, 무자격자 대상 고액 대출 미끼",신한카드 불법대출광고 유형 안내 페이지 패턴 참고
149,0,정상,정상,은행정상알림,SMS,"[카카오뱅크] 승인알림: 70,000원 결제(출금) 완료. 잔여 668만원",해당없음(정상 메시지),일상적으로 발생하는 정상 업무/생활 커뮤니케이션 예시(합성)
150,1,스팸_사기,광고성스팸,로또번호_추천광고,SMS,[로또명당] 5회 연속 적중 기록 보유! 이번주 번호도 놓치지 마세요 hxxp://로또명당-665.com/6337,"확인 불가능한 당첨 이력 주장, 개인정보 입력 후 유료 결제로 유도하는 경우 많음",나무위키 스팸메일 문서의 로또번호 추천 사이트 광고 유형 참고
151,0,정상,정상,은행정상알림,SMS,"[신한은행] 체크카드 440,000원 승인. 가맹점: 마켓컬리",해당없음(정상 메시지),일상적으로 발생하는 정상 업무/생활 커뮤니케이션 예시(합성)
152,1,스팸_사기,악성_해킹시도,택배사칭_스미싱,SMS,[쿠팡물류센터] 송장번호(7825775376) 부재중으로 반송 예정입니다. 확인: hxxp://쿠팡물류센터-642.kr/7130,"실제 주문내역 없음, 단축/변형 URL, 클릭 시 악성 앱 설치 유도",이스트시큐리티 알약 블로그·cashnote 스미싱 총정리 패턴 참고
153,1,스팸_사기,광고성스팸,불법도박광고,SMS,"[황금벳] 매충 30% 상시지급! 신규가입시 최대 150만원 지급, 지금 바로 가입 hxxp://황금벳-777.kr/3959 📢","080 수신거부 번호 없음, 단축/변형 URL, 미신고 도박사이트, 고액 지급 미끼",방통위·KISA 문자스팸 통계(도박 유형 약 40%) 패턴 참고
155,1,스팸_사기,광고성스팸,불법도박광고,SMS,"[올인토토] 가입머니 5만원 즉시지급! 신규가입시 최대 150만원 지급, 지금 바로 가입 hxxp://올인토토-682.com/9653","080 수신거부 번호 없음, 단축/변형 URL, 미신고 도박사이트, 고액 지급 미끼",방통위·KISA 문자스팸 통계(도박 유형 약 40%) 패턴 참고
156,1,스팸_사기,사기_보이스피싱,검찰_금감원사칭,SMS,여기는 서울중앙지검입니다. 귀하의 명의로 대포통장이 개설되어 수사가 진행 중입니다. 자산보호를 위해 대출받은 15천만원을 안내하는 안전계좌로 즉시 이체하셔야 합니다.,"검찰·경찰·금감원은 안전계좌 이체를 요구하지 않음, 전화로 수사 고지 및 송금 요구",보안뉴스 경찰청 보이스피싱 최다피해유형 사례(기관사칭형) 패턴 참고
157,1,스팸_사기,광고성스팸,로또번호_추천광고,SMS,"[로또마스터] 놀라운 적중률! ４회 연속 성공, 이번주도 무료공개 hxxp://로또마스터-647.xyz/9847","확인 불가능한 당첨 이력 주장, 개인정보 입력 후 유료 결제로 유도하는 경우 많음",나무위키 스팸메일 문서의 로또번호 추천 사이트 광고 유형 참고
158,0,정상,정상,은행정상알림,SMS,"[국민은행] 28일 자동이체 110,000원 출금 예정이오니 참고 바랍니다",해당없음(정상 메시지),일상적으로 발생하는 정상 업무/생활 커뮤니케이션 예시(합성)
159,1,스팸_사기,가짜채용,현금수거책_고액알바,SMS,단순 심부름 업무로 일당 2O만원 드립니다. 수원 인근 지정 장소에서 현금이 든 쇼핑백을 수거해 전달만 하시면 됩니다. 경력/면접 없이 바로 시작 가능,"비대면 채용, 현금 운반이라는 비정상적 업무, 고액 일당 대비 매우 단순한 업무 내용",정책브리핑·잡플래닛 고액알바 위험성 안내 패턴 참고
160,0,정상,정상,은행정상알림,SMS,"[우리은행] 승인알림: 80,000원 결제(출금) 완료. 잔여 647만원",해당없음(정상 메시지),일상적으로 발생하는 정상 업무/생활 커뮤니케이션 예시(합성)
162,0,정상,정상,은행정상알림,SMS,"[국민은행] 370,000원 출금되었습니다. 잔액 889만원",해당없음(정상 메시지),일상적으로 발생하는 정상 업무/생활 커뮤니케이션 예시(합성)
163,0,정상,정상,은행정상알림,SMS,"[신한은행] 30,000원이 정상 출금되었어요. 잔액은 879만원입니다",해당없음(정상 메시지),일상적으로 발생하는 정상 업무/생활 커뮤니케이션 예시(합성)
165,1,스팸_사기,가짜채용,재택부업_리뷰알바사기,SMS,"재택으로 상품 리뷰만 작성하면 건당 8,000원! 하루 30분 투자로 월 200만원 가능합니다. 지금 카톡 문의 @parttime_kr 📋","선입금(상품구매 대금 선결제) 요구로 이어지는 경우 多, 비현실적 고수익 강조, 기업 정보 불명확",보안뉴스 추석 금융사기 예방 기사(부업 아르바이트/리뷰알바 사기) 패턴 참고
166,1,스팸_사기,악성_해킹시도,카드발급사칭_스미싱,SMS,🚨 고객님 명의로 현대카드가 신규 발급 신청되었습니다. 본인이 아니라면 즉시 확인 hxxp://card-verify-kr-290.net/1181,"신청한 적 없는 카드 발급 안내, 확인을 명목으로 악성 링크 클릭 유도",KB Think 스미싱 대처법 페이지(신청한 적 없는 카드 스미싱) 패턴 참고
167,0,정상,정상,은행정상알림,SMS,"[국민은행] 체크카드 220,000원 승인. 가맹점: 무신사",해당없음(정상 메시지),일상적으로 발생하는 정상 업무/생활 커뮤니케이션 예시(합성)
168,0,정상,정상,은행정상알림,SMS,"[토스뱅크] 체크카드 180,000원 승인. 가맹점: 올리브영",해당없음(정상 메시지),일상적으로 발생하는 정상 업무/생활 커뮤니케이션 예시(합성)
170,0,정상,정상,은행정상알림,SMS,"[신한은행] 정기 자동이체 안내 - 19일 420,000원 출금될 예정이에요",해당없음(정상 메시지),일상적으로 발생하는 정상 업무/생활 커뮤니케이션 예시(합성)
171,1,스팸_사기,광고성스팸,불법도박광고,SMS,"[챔피언벳] 루징 캐시백 10%! 신규가입시 최대 150만원 지급, 지금 바로 가입 hxxp://챔피언벳-289.com/6115","080 수신거부 번호 없음, 단축/변형 URL, 미신고 도박사이트, 고액 지급 미끼",방통위·KISA 문자스팸 통계(도박 유형 약 40%) 패턴 참고
173,1,스팸_사기,광고성스팸,불법도박광고,SMS,"[슈퍼토토] 첫충 200% 이벤트! 신규가입시 최대 100만원 지급, 지금 바로 가입 hxxp://슈퍼토토-535.xyz/5406","080 수신거부 번호 없음, 단축/변형 URL, 미신고 도박사이트, 고액 지급 미끼",방통위·KISA 문자스팸 통계(도박 유형 약 40%) 패턴 참고
174,1,스팸_사기,사기_투자로맨스,가짜투자앱유도,SMS,[VIP리딩방] 제가 알려드린 전용 앱에 가입하시고 10만원부터 넣어보세요. 첫 수익 나면 바로 출금 가능하니 걱정 마세요 :) 앱 설치: hxxp://invest-vip-app-734.xyz/4O59,"공식 앱스토어가 아닌 링크로 앱 설치 유도, 초기 소액 출금으로 신뢰 형성 후 거액 유도",일반적 리딩방-가짜거래소 연계 사기 패턴 참고
175,1,스팸_사기,가짜채용,현금수거책_고액알바,SMS,단순 심부름 업무로 일당 50만원 드립니다. 대구 인근 지정 장소에서 현금이 든 쇼핑백을 수거해 전달만 하시면 됩니다. 경력/면접 없이 바로 시작 가능,"비대면 채용, 현금 운반이라는 비정상적 업무, 고액 일당 대비 매우 단순한 업무 내용",정책브리핑·잡플래닛 고액알바 위험성 안내 패턴 참고
176,1,스팸_사기,가짜채용,재택부업_리뷰알바사기,SMS,재택으로 상품 리뷰만 작성하면 건당 1만원! 하루 30분 투자로 월 150만원 가능합니다. 지금 카톡 문의 @homework_job,"선입금(상품구매 대금 선결제) 요구로 이어지는 경우 多, 비현실적 고수익 강조, 기업 정보 불명확",보안뉴스 추석 금융사기 예방 기사(부업 아르바이트/리뷰알바 사기) 패턴 참고
177,1,스팸_사기,광고성스팸,불법대출광고,SMS,"[믿음저축] 신용조회 없이 당일승인, 최대 3000만원. 문의 010-9083-2455","미등록 대부업 의심, '신용조회 없이' 문구, 무자격자 대상 고액 대출 미끼",신한카드 불법대출광고 유형 안내 페이지 패턴 참고
178,1,스팸_사기,사기_보이스피싱,소액결제사칭,SMS,"[승인알림] lO2,OOO원 결제가 완료되었습니다. 본인이 아니라면 고객센터로 문의하세요 1588-7727","허위 소액결제 문자로 불안감 조성 후 사기범이 안내하는 번호로 유도, 실제 결제 내역 없음",보안뉴스 경찰청 보이스피싱 사례(허위 소액결제 문자 유형) 패턴 참고
179,0,정상,정상,은행정상알림,SMS,"[국민은행] 체크카드 420,000원 승인. 가맹점: 마켓컬리",해당없음(정상 메시지),일상적으로 발생하는 정상 업무/생활 커뮤니케이션 예시(합성)
180,1,스팸_사기,악성_해킹시도,택배사칭_스미싱,SMS,🚨 [CJ대한통운] 송장번호(２１３１５９９９５５) 관세 미납으로 통관이 보류되었슴니다. 확인: hxxp://cj대한통운-347.com/2734,"실제 주문내역 없음, 단축/변형 URL, 클릭 시 악성 앱 설치 유도",이스트시큐리티 알약 블로그·cashnote 스미싱 총정리 패턴 참고
181,0,정상,정상,은행정상알림,SMS,"[카카오뱅크] 승인알림: 40,000원 결제(출금) 완료. 잔여 719만원",해당없음(정상 메시지),일상적으로 발생하는 정상 업무/생활 커뮤니케이션 예시(합성)
182,0,정상,정상,은행정상알림,SMS,"[우리은행] 체크카드 430,000원 승인. 가맹점: 마켓컬리",해당없음(정상 메시지),일상적으로 발생하는 정상 업무/생활 커뮤니케이션 예시(합성)
183,0,정상,정상,은행정상알림,SMS,"[신한은행] 자동이체 예정 안내: 5일 230,000원 출금 예정입니다.",해당없음(정상 메시지),일상적으로 발생하는 정상 업무/생활 커뮤니케이션 예시(합성)
184,0,정상,정상,은행정상알림,SMS,"[우리은행] 정기 자동이체 안내 - 25일 350,000원 출금될 예정이에요",해당없음(정상 메시지),일상적으로 발생하는 정상 업무/생활 커뮤니케이션 예시(합성)
185,0,정상,정상,은행정상알림,SMS,"[우리은행] 승인알림: 340,000원 결제(출금) 완료. 잔여 265만원",해당없음(정상 메시지),일상적으로 발생하는 정상 업무/생활 커뮤니케이션 예시(합성)
186,0,정상,정상,은행정상알림,SMS,"[카카오뱅크] 정기 자동이체 안내 - 19일 200,000원 출금될 예정이에요",해당없음(정상 메시지),일상적으로 발생하는 정상 업무/생활 커뮤니케이션 예시(합성)
188,0,정상,정상,은행정상알림,SMS,"[국민은행] 체크카드 320,000원 승인. 가맹점: 올리브영",해당없음(정상 메시지),일상적으로 발생하는 정상 업무/생활 커뮤니케이션 예시(합성)
189,1,스팸_사기,악성_해킹시도,카드발급사칭_스미싱,SMS,고객님 명의로 현대카드가 신규 발급 신청되었습니다. 본인이 아니라면 즉시 확인 hxxp://card-verify-kr-802.top/7935,"신청한 적 없는 카드 발급 안내, 확인을 명목으로 악성 링크 클릭 유도",KB Think 스미싱 대처법 페이지(신청한 적 없는 카드 스미싱) 패턴 참고
190,1,스팸_사기,광고성스팸,불법대출광고,SMS,"[믿음저축] 무직자,저신용자 환영, 최대 3000만원. 문의 010-8506-4711","미등록 대부업 의심, '신용조회 없이' 문구, 무자격자 대상 고액 대출 미끼",신한카드 불법대출광고 유형 안내 페이지 패턴 참고
191,0,정상,정상,은행정상알림,SMS,"[토스뱅크] 체크카드 360,000원 사용, 현재 잔액 771만원입니다",해당없음(정상 메시지),일상적으로 발생하는 정상 업무/생활 커뮤니케이션 예시(합성)
193,0,정상,정상,은행정상알림,SMS,"[하나은행] 체크카드 20,000원 승인. 가맹점: 쿠팡",해당없음(정상 메시지),일상적으로 발생하는 정상 업무/생활 커뮤니케이션 예시(합성)
194,1,스팸_사기,광고성스팸,불법도박광고,SMS,"[코리아벳] 첫충 200% 이벤트! 신규가입시 최대 50만원 지급, 지금 바로 가입 hxxp://코리아벳-524.top/5220","080 수신거부 번호 없음, 단축/변형 URL, 미신고 도박사이트, 고액 지급 미끼",방통위·KISA 문자스팸 통계(도박 유형 약 40%) 패턴 참고
195,1,스팸_사기,광고성스팸,불법도박광고,SMS,"🔥 [황금벳] 매충 30% 상시지급! 신규가입시 최대 150만원 지급, 지금 바로 가입 hxxp://황금벳-873.xyz/4259","080 수신거부 번호 없음, 단축/변형 URL, 미신고 도박사이트, 고액 지급 미끼",방통위·KISA 문자스팸 통계(도박 유형 약 40%) 패턴 참고
196,1,스팸_사기,악성_해킹시도,택배사칭_스미싱,SMS,⚠️ [로젠택배] 송장번호(8356025255) 관세 미납으로 통관이 보류되었습니다. 확인: hxxp://로젠택배-912.xyz/2921,"실제 주문내역 없음, 단축/변형 URL, 클릭 시 악성 앱 설치 유도",이스트시큐리티 알약 블로그·cashnote 스미싱 총정리 패턴 참고
197,1,스팸_사기,광고성스팸,불법대출광고,SMS,"🔥 [케이캐시대부] 무직자,저신용자 환영, 최대 5000만원. 문의 010-2471-9298","미등록 대부업 의심, '신용조회 없이' 문구, 무자격자 대상 고액 대출 미끼",신한카드 불법대출광고 유형 안내 페이지 패턴 참고
198,0,정상,정상,정상택배안내,SMS,[우체국택배] 고객님의 상품이 배송 완료되었습니다. 송장번호: 789392295555,해당없음(정상 메시지),일상적으로 발생하는 정상 업무/생활 커뮤니케이션 예시(합성)
199,1,스팸_사기,광고성스팸,불법도박광고,SMS,"[메이저파크] 신규회원 콤프 지급! 신규가입시 최대 200만원 지급, 지금 바로 가입 hxxp://메이저파크-559.top/2786","080 수신거부 번호 없음, 단축/변형 URL, 미신고 도박사이트, 고액 지급 미끼",방통위·KISA 문자스팸 통계(도박 유형 약 40%) 패턴 참고
200,1,스팸_사기,가짜채용,현금수거책_고액알바,SMS,✅ 단순 심부름 업무로 일당 60만원 드립니다. 광주 인근 지정 장소에서 현금이 든 쇼핑백을 수거해 전달만 하시면 됩니다. 경력/면접 없이 바로 시작 가능,"비대면 채용, 현금 운반이라는 비정상적 업무, 고액 일당 대비 매우 단순한 업무 내용",정책브리핑·잡플래닛 고액알바 위험성 안내 패턴 참고
201,0,정상,정상,은행정상알림,SMS,"[우리은행] 자동이체 예정 안내: 7일 240,000원 출금 예정입니다.",해당없음(정상 메시지),일상적으로 발생하는 정상 업무/생활 커뮤니케이션 예시(합성)
202,1,스팸_사기,광고성스팸,로또번호_추천광고,SMS,"[로또명당] 회원님만을 위한 특별 당첨번호, 지금 확인하세요 hxxp://로또명당-675.kr/9197","확인 불가능한 당첨 이력 주장, 개인정보 입력 후 유료 결제로 유도하는 경우 많음",나무위키 스팸메일 문서의 로또번호 추천 사이트 광고 유형 참고
203,1,스팸_사기,광고성스팸,불법대출광고,SMS,"[케이캐시대부] 정부지원 서민대출 사칭, 최대 1500만원. 문의 010-5585-1993","미등록 대부업 의심, '신용조회 없이' 문구, 무자격자 대상 고액 대출 미끼",신한카드 불법대출광고 유형 안내 페이지 패턴 참고
206,0,정상,정상,은행정상알림,SMS,"[신한은행] 250,000원 출금되었습니다. 잔액 85만원",해당없음(정상 메시지),일상적으로 발생하는 정상 업무/생활 커뮤니케이션 예시(합성)
208,1,스팸_사기,악성_해킹시도,택배사칭_스미싱,SMS,[쿠팡물류센터] 송장번호(1246669281) 주소 불일치로 물품 보관 중입니다. 확인: hxxp://쿠팡물류센터-917.net/6629,"실제 주문내역 없음, 단축/변형 URL, 클릭 시 악성 앱 설치 유도",이스트시큐리티 알약 블로그·cashnote 스미싱 총정리 패턴 참고
209,1,스팸_사기,광고성스팸,불법대출광고,SMS,"[믿음저축] 신용조회 없이 당일승인, 최대 3000만원. 뮨의 010-6790-2632","미등록 대부업 의심, '신용조회 없이' 문구, 무자격자 대상 고액 대출 미끼",신한카드 불법대출광고 유형 안내 페이지 패턴 참고
210,1,스팸_사기,광고성스팸,로또번호_추천광고,SMS,"[로또마스터] 이번주 1등 당첨번호 무료공개! 지금까지 3회 연속 적중, 화긴은 hxxp://로또마스터-203.top/1605","확인 불가능한 당첨 이력 주장, 개인정보 입력 후 유료 결제로 유도하는 경우 많음",나무위키 스팸메일 문서의 로또번호 추천 사이트 광고 유형 참고
211,1,스팸_사기,악성_해킹시도,택배사칭_스미싱,SMS,[롯데택배] 송장번호(4713950518) 관세 미납으로 통관이 보류되었습니다. 확인: hxxp://롯데택배-752.top/5270,"실제 주문내역 없음, 단축/변형 URL, 클릭 시 악성 앱 설치 유도",이스트시큐리티 알약 블로그·cashnote 스미싱 총정리 패턴 참고
212,1,스팸_사기,광고성스팸,불법대출광고,SMS,"[스마일캐피탈] 신용조회 없이 당일승인, 최대 5000만원. 문의 010-６９９５-1319","미등록 대부업 의심, '신용조회 없이' 문구, 무자격자 대상 고액 대출 미끼",신한카드 불법대출광고 유형 안내 페이지 패턴 참고
213,1,스팸_사기,사기_보이스피싱,검찰_금감원사칭,SMS,여기는 관할 경찰서입니다. 귀하의 명의로 대포통장이 개설되어 수사가 진행 중입니다. 자산보호를 위해 대출받은 ３０００만원을 안내하는 안전계좌로 즉시 이체하셔야 합니다.,"검찰·경찰·금감원은 안전계좌 이체를 요구하지 않음, 전화로 수사 고지 및 송금 요구",보안뉴스 경찰청 보이스피싱 최다피해유형 사례(기관사칭형) 패턴 참고
214,0,정상,정상,은행정상알림,SMS,"[국민은행] 자동납부 예정: 11일 310,000원, 잔액을 미리 확인해주세요",해당없음(정상 메시지),일상적으로 발생하는 정상 업무/생활 커뮤니케이션 예시(합성)
215,0,정상,정상,정상택배안내,SMS,[우체국택배] 고객님의 상품이 배송 완료되었습니다. 송장번호: 914373593039,해당없음(정상 메시지),일상적으로 발생하는 정상 업무/생활 커뮤니케이션 예시(합성)
217,1,스팸_사기,광고성스팸,불법도박광고,SMS,"[프리미엄카지노] 매충 30% 상시지급! 신규가입시 최대 150만원 지급, 지금 바로 가입 hxxp://프리미엄카지노-245.xyz/1505","080 수신거부 번호 없음, 단축/변형 URL, 미신고 도박사이트, 고액 지급 미끼",방통위·KISA 문자스팸 통계(도박 유형 약 40%) 패턴 참고
218,1,스팸_사기,사기_보이스피싱,소액결제사칭,SMS,"[승인알림] 923,OOO원 결제가 완료되었습니다. 본인이 아니라면 고객센터로 문의하세요 1588-6171","허위 소액결제 문자로 불안감 조성 후 사기범이 안내하는 번호로 유도, 실제 결제 내역 없음",보안뉴스 경찰청 보이스피싱 사례(허위 소액결제 문자 유형) 패턴 참고
219,1,스팸_사기,광고성스팸,불법대출광고,SMS,"[든든머니대부] 서류 없이 전화상담만으로 심사, 최대 2000만원. 문의 010-6479-l99O","미등록 대부업 의심, '신용조회 없이' 문구, 무자격자 대상 고액 대출 미끼",신한카드 불법대출광고 유형 안내 페이지 패턴 참고
220,0,정상,정상,은행정상알림,SMS,"[신한은행] 6일 자동이체 460,000원 출금 예정이오니 참고 바랍니다",해당없음(정상 메시지),일상적으로 발생하는 정상 업무/생활 커뮤니케이션 예시(합성)
221,1,스팸_사기,악성_해킹시도,카드발급사칭_스미싱,SMS,🚨 고객님 명의로 삼성카드가 신규 발급 신청되었슴니다. 본인이 아니라면 즉시 확인 hxxp://card-verify-kr-979.xyz/9061,"신청한 적 없는 카드 발급 안내, 확인을 명목으로 악성 링크 클릭 유도",KB Think 스미싱 대처법 페이지(신청한 적 없는 카드 스미싱) 패턴 참고
222,1,스팸_사기,악성_해킹시도,청첩장_부고장사칭_스미싱,SMS,OOO님의 장례식에 초대합니다. 모바일 청첩장 확인하기 hxxp://mcard-invite-356.kr/1998,"지인 사칭, 모바일 청첩장/부고장 클릭 유도 후 악성 앱 설치, 실제 지인 확인 불가",cashnote 스미싱 총정리(모바일청첩장 클릭 후 대출 피해) 패턴 참고
224,1,스팸_사기,광고성스팸,불법대출광고,SMS,"[행복저축은행(사칭)] 무직자,저신용자 환영, 최대 2000만원. 뮨의 010-9757-3751 📢","미등록 대부업 의심, '신용조회 없이' 문구, 무자격자 대상 고액 대출 미끼",신한카드 불법대출광고 유형 안내 페이지 패턴 참고
225,1,스팸_사기,광고성스팸,불법도박광고,SMS,"[메이저파크] 신규회원 콤프 지급! 신규가입시 최대 200만원 지급, 지금 바로 가입 hxxp://메이저파크-557.xyz/1231","080 수신거부 번호 없음, 단축/변형 URL, 미신고 도박사이트, 고액 지급 미끼",방통위·KISA 문자스팸 통계(도박 유형 약 40%) 패턴 참고
226,1,스팸_사기,악성_해킹시도,청첩장_부고장사칭_스미싱,SMS,장례식 안내드립니다. 참석 여부와 함께 청첩장를 확인해주세요: hxxp://mcard-invite-872.top/1135,"지인 사칭, 모바일 청첩장/부고장 클릭 유도 후 악성 앱 설치, 실제 지인 확인 불가",cashnote 스미싱 총정리(모바일청첩장 클릭 후 대출 피해) 패턴 참고
228,0,정상,정상,은행정상알림,SMS,"[우리은행] 15일 자동이체 490,000원 출금 예정이오니 참고 바랍니다",해당없음(정상 메시지),일상적으로 발생하는 정상 업무/생활 커뮤니케이션 예시(합성)
229,1,스팸_사기,사기_보이스피싱,택배부재중_ARS사칭,SMS,⚠️ (ARS) 수취인 부재로 우편물이 반송될 예정입니다. 자세한 사항은 1번을 눌러 상담원과 연결하세요.,우편물/택배 사칭 ARS로 상담원 연결 유도 후 개인정보·금융정보 요구,banksalad 법원등기 보이스피싱 안내 페이지 패턴 참고
230,0,정상,정상,은행정상알림,SMS,"[카카오뱅크] 체크카드 20,000원 사용, 현재 잔액 237만원입니다",해당없음(정상 메시지),일상적으로 발생하는 정상 업무/생활 커뮤니케이션 예시(합성)
231,1,스팸_사기,광고성스팸,로또번호_추천광고,SMS,"[로또명당] 이번주 l등 당첨번호 무료공개! 지금까지 2회 연속 적중, 확인은 hxxp://로또명당-255.xyz/3185","확인 불가능한 당첨 이력 주장, 개인정보 입력 후 유료 결제로 유도하는 경우 많음",나무위키 스팸메일 문서의 로또번호 추천 사이트 광고 유형 참고
232,0,정상,정상,은행정상알림,SMS,"[우리은행] 정기 자동이체 안내 - 23일 310,000원 출금될 예정이에요",해당없음(정상 메시지),일상적으로 발생하는 정상 업무/생활 커뮤니케이션 예시(합성)
233,0,정상,정상,은행정상알림,SMS,"[토스뱅크] 9일 자동이체 150,000원 출금 예정이오니 참고 바랍니다",해당없음(정상 메시지),일상적으로 발생하는 정상 업무/생활 커뮤니케이션 예시(합성)
234,0,정상,정상,정상택배안내,SMS,[한진택배] 배송완료! 문 앞을 확인해주세요. 송장 976541184596,해당없음(정상 메시지),일상적으로 발생하는 정상 업무/생활 커뮤니케이션 예시(합성)
235,1,스팸_사기,광고성스팸,로또번호_추천광고,SMS,"[복권천재] 이번주 1등 당첨번호 무료공개! 지금까지 5회 연속 적중, 화긴은 hxxp://복권천재-802.com/5346","확인 불가능한 당첨 이력 주장, 개인정보 입력 후 유료 결제로 유도하는 경우 많음",나무위키 스팸메일 문서의 로또번호 추천 사이트 광고 유형 참고
236,1,스팸_사기,가짜채용,현금수거책_고액알바,SMS,단순 심부름 업무로 일당 20만원 드립니다. 광주 인근 지정 장소에서 현금이 든 쇼핑백을 수거해 전달만 하시면 됩니다. 경력/면접 없이 바로 시작 가능,"비대면 채용, 현금 운반이라는 비정상적 업무, 고액 일당 대비 매우 단순한 업무 내용",정책브리핑·잡플래닛 고액알바 위험성 안내 패턴 참고
237,0,정상,정상,은행정상알림,SMS,"[카카오뱅크] 체크카드 490,000원 승인. 가맹점: 29CM",해당없음(정상 메시지),일상적으로 발생하는 정상 업무/생활 커뮤니케이션 예시(합성)
238,0,정상,정상,은행정상알림,SMS,"[국민은행] 정기 자동이체 안내 - 16일 260,000원 출금될 예정이에요",해당없음(정상 메시지),일상적으로 발생하는 정상 업무/생활 커뮤니케이션 예시(합성)
240,1,스팸_사기,악성_해킹시도,택배사칭_스미싱,SMS,[CJ대한통운] 송장번호(１９５６０６６３６６) 주소 불일치로 물품 보관 중입니다. 확인: hxxp://cj대한통운-768.xyz/2302,"실제 주문내역 없음, 단축/변형 URL, 클릭 시 악성 앱 설치 유도",이스트시큐리티 알약 블로그·cashnote 스미싱 총정리 패턴 참고
241,1,스팸_사기,광고성스팸,불법도박광고,SMS,"[슈퍼토토] 신규회원 콤프 지급! 신규가입시 최대 100만원 지급, 지금 바로 가입 hxxp://슈퍼토토-264.top/9506","080 수신거부 번호 없음, 단축/변형 URL, 미신고 도박사이트, 고액 지급 미끼",방통위·KISA 문자스팸 통계(도박 유형 약 40%) 패턴 참고
243,1,스팸_사기,광고성스팸,로또번호_추천광고,SMS,"[1등예측단] 이번주 1등 당첨번호 무료공개! 지금까지 4회 연속 적중, 확인은 hxxp://1등예측단-211.net/8114 📢","확인 불가능한 당첨 이력 주장, 개인정보 입력 후 유료 결제로 유도하는 경우 많음",나무위키 스팸메일 문서의 로또번호 추천 사이트 광고 유형 참고
244,0,정상,정상,은행정상알림,SMS,"[하나은행] 이체 20,000원 출금 처리완료. 잔액 144만원 남았습니다",해당없음(정상 메시지),일상적으로 발생하는 정상 업무/생활 커뮤니케이션 예시(합성)
245,1,스팸_사기,광고성스팸,로또번호_추천광고,SMS,"[１등예측단] AI 분석으로 뽑은 이번주 1등 예상번호 무료 공개, 확인: hxxp://1등예측단-114.xyz/6609","확인 불가능한 당첨 이력 주장, 개인정보 입력 후 유료 결제로 유도하는 경우 많음",나무위키 스팸메일 문서의 로또번호 추천 사이트 광고 유형 참고
246,0,정상,정상,은행정상알림,SMS,"[하나은행] 140,000원 출금되었습니다. 잔액 350만원",해당없음(정상 메시지),일상적으로 발생하는 정상 업무/생활 커뮤니케이션 예시(합성)
247,0,정상,정상,은행정상알림,SMS,"[카카오뱅크] 다가오는 2일, 270,000원이 자동으로 이체됩니다",해당없음(정상 메시지),일상적으로 발생하는 정상 업무/생활 커뮤니케이션 예시(합성)
249,1,스팸_사기,사기_보이스피싱,검찰_금감원사칭,SMS,여기는 금융결제원(사칭)입니다. 귀하의 명의로 대포통장이 개설되어 수사가 진행 중입니다. 자산보호를 위해 대출받은 3OOO만원을 안내하는 안전계좌로 즉시 이체하셔야 합니다.,"검찰·경찰·금감원은 안전계좌 이체를 요구하지 않음, 전화로 수사 고지 및 송금 요구",보안뉴스 경찰청 보이스피싱 최다피해유형 사례(기관사칭형) 패턴 참고
250,1,스팸_사기,광고성스팸,불법대출광고,SMS,"[행운대부] 정부지원 서민대출 사칭, 최대 500만원. 문의 010-5484-2466","미등록 대부업 의심, '신용조회 없이' 문구, 무자격자 대상 고액 대출 미끼",신한카드 불법대출광고 유형 안내 페이지 패턴 참고
251,1,스팸_사기,악성_해킹시도,공공기관사칭_스미싱,SMS,"[민원#24] 미납 과태료 안내 - 2024년 5월 발생분, 확인: hxxp://traffic-24check-572.top/7087","실제 정부기관은 개인 URL 링크로 벌금 안내를 하지 않음, 가짜 정부사이트 유도",cashnote 스미싱 총정리(경찰청교통민원24 사칭 유형) 패턴 참고
252,1,스팸_사기,악성_해킹시도,청첩장_부고장사칭_스미싱,SMS,OOO님으로부터 결혼식 청첩장가 도착했습니다. 확인: hxxp://mcard-invite-608.top/7280,"지인 사칭, 모바일 청첩장/부고장 클릭 유도 후 악성 앱 설치, 실제 지인 확인 불가",cashnote 스미싱 총정리(모바일청첩장 클릭 후 대출 피해) 패턴 참고
253,1,스팸_사기,광고성스팸,불법도박광고,SMS,"[머니라인] 출석체크 포인트 지급! 신규가입시 최대 100만원 지급, 지금 바로 가입 hxxp://머니라인-673.net/5689 🎉","080 수신거부 번호 없음, 단축/변형 URL, 미신고 도박사이트, 고액 지급 미끼",방통위·KISA 문자스팸 통계(도박 유형 약 40%) 패턴 참고
254,1,스팸_사기,악성_해킹시도,카드발급사칭_스미싱,SMS,고객님 명의로 현대카드가 신규 발급 신청되었습니다. 본인이 아니라면 즉시 확인 hxxp://card-verify-kr-559.top/2964 🔒,"신청한 적 없는 카드 발급 안내, 확인을 명목으로 악성 링크 클릭 유도",KB Think 스미싱 대처법 페이지(신청한 적 없는 카드 스미싱) 패턴 참고
255,0,정상,정상,은행정상알림,SMS,"[하나은행] 자동이체 예정 안내: 8일 380,000원 출금 예정입니다.",해당없음(정상 메시지),일상적으로 발생하는 정상 업무/생활 커뮤니케이션 예시(합성)
256,1,스팸_사기,가짜채용,현금수거책_고액알바,SMS,📋 단순 심부름 업무로 일당 20만원 드립니다. 인천 인근 지정 장소에서 현금이 든 쇼핑백을 수거해 전달만 하시면 됩니다. 경력/면접 없이 바로 시작 가능,"비대면 채용, 현금 운반이라는 비정상적 업무, 고액 일당 대비 매우 단순한 업무 내용",정책브리핑·잡플래닛 고액알바 위험성 안내 패턴 참고
257,1,스팸_사기,광고성스팸,불법대출광고,SMS,"🔥 [빠른캐피탈] 카드론 대환 특별상품, 최대 1000만원. 문의 010-7555-3563","미등록 대부업 의심, '신용조회 없이' 문구, 무자격자 대상 고액 대출 미끼",신한카드 불법대출광고 유형 안내 페이지 패턴 참고
258,1,스팸_사기,광고성스팸,로또번호_추천광고,SMS,[로또명당] 아직도 안 보셨어요? 1등 무료번호 공개중 hxxp://로또명당-773.xyz/4201,"확인 불가능한 당첨 이력 주장, 개인정보 입력 후 유료 결제로 유도하는 경우 많음",나무위키 스팸메일 문서의 로또번호 추천 사이트 광고 유형 참고
259,1,스팸_사기,사기_보이스피싱,검찰_금감원사칭,SMS,여기는 관할 경찰서입니당. 귀하의 명의로 대포통장이 개설되어 수사가 진행 중입니다. 자산보호를 위해 대출받은 10000만원을 안내하는 안전계좌로 즉시 이체하셔야 합니다.,"검찰·경찰·금감원은 안전계좌 이체를 요구하지 않음, 전화로 수사 고지 및 송금 요구",보안뉴스 경찰청 보이스피싱 최다피해유형 사례(기관사칭형) 패턴 참고
260,1,스팸_사기,사기_투자로맨스,가짜투자앱유도,SMS,[VIP리딩방] 무료체험 자리 얼마 안 남았어요. 30만원 넣고 바로 확인해보세요 hxxp://invest-vip-app-639.top/9586,"공식 앱스토어가 아닌 링크로 앱 설치 유도, 초기 소액 출금으로 신뢰 형성 후 거액 유도",일반적 리딩방-가짜거래소 연계 사기 패턴 참고
262,1,스팸_사기,악성_해킹시도,청첩장_부고장사칭_스미싱,SMS,소중한 분의 장례식 소식을 전해드립니다. 모바일 부고장 링크: hxxp://mcard-invite-238.com/６３０９,"지인 사칭, 모바일 청첩장/부고장 클릭 유도 후 악성 앱 설치, 실제 지인 확인 불가",cashnote 스미싱 총정리(모바일청첩장 클릭 후 대출 피해) 패턴 참고
263,0,정상,정상,은행정상알림,SMS,"[토스뱅크] 이체 460,000원 출금 처리완료. 잔액 336만원 남았습니다",해당없음(정상 메시지),일상적으로 발생하는 정상 업무/생활 커뮤니케이션 예시(합성)
264,1,스팸_사기,광고성스팸,불법대출광고,SMS,"[행운대부] 무직자,저신용자 환영, 최대 5OO만원. 뮨의 010-5809-3365 📢","미등록 대부업 의심, '신용조회 없이' 문구, 무자격자 대상 고액 대출 미끼",신한카드 불법대출광고 유형 안내 페이지 패턴 참고
265,1,스팸_사기,광고성스팸,로또번호_추천광고,SMS,"[행운의숫자] 이번주 1등 당첨번호 무료공개! 지금까지 4회 연속 적중, 확인은 hxxp://행운의숫자-594.xyz/7847 🔥","확인 불가능한 당첨 이력 주장, 개인정보 입력 후 유료 결제로 유도하는 경우 많음",나무위키 스팸메일 문서의 로또번호 추천 사이트 광고 유형 참고
266,0,정상,정상,은행정상알림,SMS,"[국민은행] 승인알림: 500,000원 결제(출금) 완료. 잔여 524만원",해당없음(정상 메시지),일상적으로 발생하는 정상 업무/생활 커뮤니케이션 예시(합성)
267,1,스팸_사기,악성_해킹시도,청첩장_부고장사칭_스미싱,SMS,[모바일초대장] OOO님이 결혼식 초대장을 보냈습니다. 아래에서 확인해주세요 hxxp://mcard-invite-3Ol.com/4902,"지인 사칭, 모바일 청첩장/부고장 클릭 유도 후 악성 앱 설치, 실제 지인 확인 불가",cashnote 스미싱 총정리(모바일청첩장 클릭 후 대출 피해) 패턴 참고
268,0,정상,정상,은행정상알림,SMS,"[신한은행] 체크카드 160,000원 승인. 가맹점: 쿠팡",해당없음(정상 메시지),일상적으로 발생하는 정상 업무/생활 커뮤니케이션 예시(합성)
269,0,정상,정상,은행정상알림,SMS,"[우리은행] 체크카드 340,000원 승인. 가맹점: 쿠팡",해당없음(정상 메시지),일상적으로 발생하는 정상 업무/생활 커뮤니케이션 예시(합성)
270,1,스팸_사기,사기_보이스피싱,소액결제사칭,SMS,"[승인] 669,000원 사용내역 확인, 본인 결제가 아닐 경우 1588-7607 연락바랍니다","허위 소액결제 문자로 불안감 조성 후 사기범이 안내하는 번호로 유도, 실제 결제 내역 없음",보안뉴스 경찰청 보이스피싱 사례(허위 소액결제 문자 유형) 패턴 참고
271,1,스팸_사기,악성_해킹시도,청첩장_부고장사칭_스미싱,SMS,결혼식 안내드립니다. 참석 여부와 함께 부고장를 확인해주세요: hxxp://mcard-invite-843.com/5463,"지인 사칭, 모바일 청첩장/부고장 클릭 유도 후 악성 앱 설치, 실제 지인 확인 불가",cashnote 스미싱 총정리(모바일청첩장 클릭 후 대출 피해) 패턴 참고
273,1,스팸_사기,광고성스팸,불법도박광고,SMS,"[빅토리벳] 매충 30% 상시지급! 신규가입시 최대 100만원 지급, 지금 바로 가입 hxxp://빅토리벳-105.net/4672","080 수신거부 번호 없음, 단축/변형 URL, 미신고 도박사이트, 고액 지급 미끼",방통위·KISA 문자스팸 통계(도박 유형 약 40%) 패턴 참고
274,0,정상,정상,은행정상알림,SMS,"[신한은행] 체크카드 200,000원 사용, 현재 잔액 687만원입니다",해당없음(정상 메시지),일상적으로 발생하는 정상 업무/생활 커뮤니케이션 예시(합성)
275,1,스팸_사기,가짜채용,통장대여_이체알바,SMS,"[재택알바] 본인 명의 계좌만 빌려주시면 건당 5만원, 이체 심부름 알바 구합니다. 텔레그램으로 연락주세요 @job979 💼","통장 대여는 전자금융거래법 위반, 텔레그램 등 익명 메신저로만 소통, 실제로는 보이스피싱 자금 세탁에 이용",kbthink 이체알바 사기 안내(통장 대여 시 처벌 규정) 패턴 참고
276,0,정상,정상,은행정상알림,SMS,"[카카오뱅크] 체크카드 110,000원 승인. 가맹점: 마켓컬리",해당없음(정상 메시지),일상적으로 발생하는 정상 업무/생활 커뮤니케이션 예시(합성)
279,1,스팸_사기,광고성스팸,불법대출광고,SMS,"📢 [새희망대부] 정부지원 서민대출 사칭, 최대 500만원. 뮨의 010-5685-5119","미등록 대부업 의심, '신용조회 없이' 문구, 무자격자 대상 고액 대출 미끼",신한카드 불법대출광고 유형 안내 페이지 패턴 참고
280,0,정상,정상,은행정상알림,SMS,"[카카오뱅크] 체크카드 100,000원 승인. 가맹점: 올리브영",해당없음(정상 메시지),일상적으로 발생하는 정상 업무/생활 커뮤니케이션 예시(합성)
281,1,스팸_사기,가짜채용,현금수거책_고액알바,SMS,단순 심부름 업무로 일당 50만원 드립니다. 강남 인근 지정 장소에서 현금이 든 쇼핑백을 수거해 전달만 하시면 됩니다. 경력/면접 없이 바로 시작 가눙,"비대면 채용, 현금 운반이라는 비정상적 업무, 고액 일당 대비 매우 단순한 업무 내용",정책브리핑·잡플래닛 고액알바 위험성 안내 패턴 참고
282,0,정상,정상,은행정상알림,SMS,"[카카오뱅크] 13일 자동이체 60,000원 출금 예정이오니 참고 바랍니다",해당없음(정상 메시지),일상적으로 발생하는 정상 업무/생활 커뮤니케이션 예시(합성)
283,0,정상,정상,정상택배안내,SMS,"[우체국택배] 요청하신 상품, 배송 완료했습니다. 송장 915475633798",해당없음(정상 메시지),일상적으로 발생하는 정상 업무/생활 커뮤니케이션 예시(합성)
284,1,스팸_사기,광고성스팸,로또번호_추천광고,SMS,"[행운의숫자] 이번주 1등 당첨번호 무료공개! 지금까지 4회 연속 적중, 확인은 hxxp://행운의숫자-852.kr/7227 🔥","확인 불가능한 당첨 이력 주장, 개인정보 입력 후 유료 결제로 유도하는 경우 많음",나무위키 스팸메일 문서의 로또번호 추천 사이트 광고 유형 참고
285,0,정상,정상,정상택배안내,SMS,[한진택배] 고객님 상품 배송이 끝났습니다. 송장 조회: 140856086922,해당없음(정상 메시지),일상적으로 발생하는 정상 업무/생활 커뮤니케이션 예시(합성)
286,1,스팸_사기,가짜채용,통장대여_이체알바,SMS,"[재택알바] 본인 명의 계좌만 빌려주시면 건당 3만원, 이체 심부름 알바 구합니다. 텔레그램으로 연랔주세요 @job876","통장 대여는 전자금융거래법 위반, 텔레그램 등 익명 메신저로만 소통, 실제로는 보이스피싱 자금 세탁에 이용",kbthink 이체알바 사기 안내(통장 대여 시 처벌 규정) 패턴 참고
287,0,정상,정상,은행정상알림,SMS,"[우리은행] 체크카드 170,000원 승인. 가맹점: 올리브영",해당없음(정상 메시지),일상적으로 발생하는 정상 업무/생활 커뮤니케이션 예시(합성)
290,1,스팸_사기,가짜채용,재택부업_리뷰알바사기,SMS,"재택으로 상품 리뷰만 작성하면 건당 8,000원! 하루 30분 투자로 월 l5O만원 가눙합니다. 지금 카톡 문의 @homework_job 💼","선입금(상품구매 대금 선결제) 요구로 이어지는 경우 多, 비현실적 고수익 강조, 기업 정보 불명확",보안뉴스 추석 금융사기 예방 기사(부업 아르바이트/리뷰알바 사기) 패턴 참고
291,1,스팸_사기,가짜채용,통장대여_이체알바,SMS,"[재택알바] 본인 명의 계좌만 빌려주시면 건당 5만원, 이체 심부름 알바 구합니다. 텔레그램으로 연랔주세요 @job307","통장 대여는 전자금융거래법 위반, 텔레그램 등 익명 메신저로만 소통, 실제로는 보이스피싱 자금 세탁에 이용",kbthink 이체알바 사기 안내(통장 대여 시 처벌 규정) 패턴 참고
292,1,스팸_사기,광고성스팸,로또번호_추천광고,SMS,"[1등예측단] AI 분석으로 뽑은 이번주 1등 예상번호 무료 공개, 확인: hxxp://1등예측단-182.top/2673","확인 불가능한 당첨 이력 주장, 개인정보 입력 후 유료 결제로 유도하는 경우 많음",나무위키 스팸메일 문서의 로또번호 추천 사이트 광고 유형 참고
293,0,정상,정상,은행정상알림,SMS,"[하나은행] 50,000원이 정상 출금되었어요. 잔액은 282만원입니다",해당없음(정상 메시지),일상적으로 발생하는 정상 업무/생활 커뮤니케이션 예시(합성)
294,1,스팸_사기,사기_보이스피싱,소액결제사칭,SMS,[승인알림] 151천원 결제가 완료되었습니다. 본인이 아니라면 고객센터로 문의하세요 1588-2424 ⚠️,"허위 소액결제 문자로 불안감 조성 후 사기범이 안내하는 번호로 유도, 실제 결제 내역 없음",보안뉴스 경찰청 보이스피싱 사례(허위 소액결제 문자 유형) 패턴 참고
295,1,스팸_사기,가짜채용,현금수거책_고액알바,SMS,✅ 단순 심부름 업무로 일당 80만원 드립니다. 광주 인근 지정 장소에서 현금이 든 쇼핑백을 수거해 전달만 하시면 됩니다. 경력/면접 없이 바로 시작 가능,"비대면 채용, 현금 운반이라는 비정상적 업무, 고액 일당 대비 매우 단순한 업무 내용",정책브리핑·잡플래닛 고액알바 위험성 안내 패턴 참고
296,1,스팸_사기,광고성스팸,불법대출광고,SMS,"[케이캐시대부] 무직자,저신용자 환영, 최대 １０００만원. 문의 010-6066-2537","미등록 대부업 의심, '신용조회 없이' 문구, 무자격자 대상 고액 대출 미끼",신한카드 불법대출광고 유형 안내 페이지 패턴 참고
297,1,스팸_사기,사기_투자로맨스,투자리딩방,SMS,"[마스터리딩방] 글로벌인베스트 마스터 리딩방입니다. 전문가가 직접 매수/매도 신호를 드리며, 이번 주 수익률 300% 인증 종목 공개! 지금 무료 입장하세요.","비공식 오픈채팅방 운영, 비현실적 수익률 인증 캡처, 이후 유료방/투자앱 설치 유도",보안뉴스 추석 금융사기 예방 기사(투자리딩방 피해 규모) 패턴 참고
298,1,스팸_사기,악성_해킹시도,카드발급사칭_스미싱,SMS,고객님 명의로 신한카드가 신규 발급 신청되었습니다. 본인이 아니라면 즉시 확인 hxxp://card-verify-kr-545.com/443O,"신청한 적 없는 카드 발급 안내, 확인을 명목으로 악성 링크 클릭 유도",KB Think 스미싱 대처법 페이지(신청한 적 없는 카드 스미싱) 패턴 참고
299,1,스팸_사기,광고성스팸,불법도박광고,SMS,"[대박토토] 루징 캐시백 10%! 신규가입시 최대 200만원 지급, 지금 바로 가입 hxxp://대박토토-810.top/9199","080 수신거부 번호 없음, 단축/변형 URL, 미신고 도박사이트, 고액 지급 미끼",방통위·KISA 문자스팸 통계(도박 유형 약 40%) 패턴 참고
300,1,스팸_사기,광고성스팸,불법대출광고,SMS,"[직장인우대론] 신용조회 없이 당일승인, 최대 3000만원. 문의 ０１０-9670-3543","미등록 대부업 의심, '신용조회 없이' 문구, 무자격자 대상 고액 대출 미끼",신한카드 불법대출광고 유형 안내 페이지 패턴 참고
301,0,정상,정상,은행정상알림,SMS,"[카카오뱅크] 이체 460,000원 출금 처리완료. 잔액 751만원 남았습니다",해당없음(정상 메시지),일상적으로 발생하는 정상 업무/생활 커뮤니케이션 예시(합성)
302,1,스팸_사기,광고성스팸,로또번호_추천광고,SMS,"🎉 [로또명당] 이번주 1등 당첨번호 무료공개! 지금까지 5회 연속 적중, 확인은 hxxp://로또명당-834.top/1590","확인 불가능한 당첨 이력 주장, 개인정보 입력 후 유료 결제로 유도하는 경우 많음",나무위키 스팸메일 문서의 로또번호 추천 사이트 광고 유형 참고
303,0,정상,정상,은행정상알림,SMS,"[카카오뱅크] 자동이체 예정 안내: 14일 270,000원 출금 예정입니다.",해당없음(정상 메시지),일상적으로 발생하는 정상 업무/생활 커뮤니케이션 예시(합성)
304,1,스팸_사기,광고성스팸,불법도박광고,SMS,"[챔피언벳] 가입머니 5만원 즉시지급! 신규가입시 최대 150만원 지급, 지금 바로 가입 hxxp://챔피언벳-532.top/1692","080 수신거부 번호 없음, 단축/변형 URL, 미신고 도박사이트, 고액 지급 미끼",방통위·KISA 문자스팸 통계(도박 유형 약 40%) 패턴 참고
305,1,스팸_사기,악성_해킹시도,청첩장_부고장사칭_스미싱,SMS,[모바일초대장] OOO님이 결혼식 초대장을 보냈습니다. 아래에서 확인해주세요 hxxp://mcard-invite-９５０.net/6123,"지인 사칭, 모바일 청첩장/부고장 클릭 유도 후 악성 앱 설치, 실제 지인 확인 불가",cashnote 스미싱 총정리(모바일청첩장 클릭 후 대출 피해) 패턴 참고
306,1,스팸_사기,악성_해킹시도,카드발급사칭_스미싱,SMS,🚨 고객님 명의로 현대카드가 신규 발급 신청되었슴니다. 본인이 아니라면 즉시 확인 hxxp://card-verify-kr-５２２.kr/5941,"신청한 적 없는 카드 발급 안내, 확인을 명목으로 악성 링크 클릭 유도",KB Think 스미싱 대처법 페이지(신청한 적 없는 카드 스미싱) 패턴 참고
307,1,스팸_사기,악성_해킹시도,택배사칭_스미싱,SMS,[한진택배] 송장번호(2849882081) 관세 미납으로 통관이 보류되었슴니다. 확인: hxxp://한진택배-259.xyz/2154 🔒,"실제 주문내역 없음, 단축/변형 URL, 클릭 시 악성 앱 설치 유도",이스트시큐리티 알약 블로그·cashnote 스미싱 총정리 패턴 참고
308,0,정상,정상,은행정상알림,SMS,"[국민은행] 체크카드 190,000원 사용, 현재 잔액 531만원입니다",해당없음(정상 메시지),일상적으로 발생하는 정상 업무/생활 커뮤니케이션 예시(합성)
309,1,스팸_사기,사기_보이스피싱,소액결제사칭,SMS,[승인알림] 764천원 결제가 완료되었슴니다. 본인이 아니라면 고객센터로 문의하세요 1588-5254 ⚠️,"허위 소액결제 문자로 불안감 조성 후 사기범이 안내하는 번호로 유도, 실제 결제 내역 없음",보안뉴스 경찰청 보이스피싱 사례(허위 소액결제 문자 유형) 패턴 참고
310,1,스팸_사기,악성_해킹시도,택배사칭_스미싱,SMS,[롯데택배] 송장번호(4358277821) 주소 불일치로 물품 보관 중입니다. 확인: hxxp://롯데택배-231.kr/5822,"실제 주문내역 없음, 단축/변형 URL, 클릭 시 악성 앱 설치 유도",이스트시큐리티 알약 블로그·cashnote 스미싱 총정리 패턴 참고
311,0,정상,정상,은행정상알림,SMS,"[하나은행] 고객님 계좌에서 410,000원이 출금되었습니다 (잔액 346만원)",해당없음(정상 메시지),일상적으로 발생하는 정상 업무/생활 커뮤니케이션 예시(합성)
312,1,스팸_사기,악성_해킹시도,택배사칭_스미싱,SMS,[CJ대한통운] 송장번호(7092501206) 결제 정보 확인이 필요합니다. 확인: hxxp://cj대한통운-789.com/7383 ⚠️,"실제 주문내역 없음, 단축/변형 URL, 클릭 시 악성 앱 설치 유도",이스트시큐리티 알약 블로그·cashnote 스미싱 총정리 패턴 참고
313,0,정상,정상,은행정상알림,SMS,"[토스뱅크] 체크카드 400,000원 승인. 가맹점: 마켓컬리",해당없음(정상 메시지),일상적으로 발생하는 정상 업무/생활 커뮤니케이션 예시(합성)
314,1,스팸_사기,광고성스팸,로또번호_추천광고,SMS,"[행운의숫자] AI 분석으로 뽑은 이번주 1등 예상번호 무료 공개, 확인: hxxp://행운의숫자-880.net/6985","확인 불가능한 당첨 이력 주장, 개인정보 입력 후 유료 결제로 유도하는 경우 많음",나무위키 스팸메일 문서의 로또번호 추천 사이트 광고 유형 참고
315,1,스팸_사기,광고성스팸,불법대출광고,SMS,"[스마일캐피탈] 신용조회 없이 당일승인, 최대 1천만원. 문의 010-3983-7610","미등록 대부업 의심, '신용조회 없이' 문구, 무자격자 대상 고액 대출 미끼",신한카드 불법대출광고 유형 안내 페이지 패턴 참고
316,1,스팸_사기,사기_투자로맨스,가짜투자앱유도,SMS,[VIP리딩방] 제가 알려드린 전용 앱에 가입하시고 30만원부터 넣어보세요. 첫 수익 나면 바로 출금 가능하니 걱정 마세요 :) 앱 설치: hxxp://invest-vip-app-341.com/2406,"공식 앱스토어가 아닌 링크로 앱 설치 유도, 초기 소액 출금으로 신뢰 형성 후 거액 유도",일반적 리딩방-가짜거래소 연계 사기 패턴 참고
317,1,스팸_사기,광고성스팸,불법대출광고,SMS,"[빠른캐피탈] 당일 즉시 입금, 최대 2000만원. 문의 010-9864-4358 📢","미등록 대부업 의심, '신용조회 없이' 문구, 무자격자 대상 고액 대출 미끼",신한카드 불법대출광고 유형 안내 페이지 패턴 참고
319,1,스팸_사기,광고성스팸,불법대출광고,SMS,"[빠른캐피탈] 서류 없이 전화상담만으로 심사, 최대 1000만원. 뮨의 010-9590-9623 🎉","미등록 대부업 의심, '신용조회 없이' 문구, 무자격자 대상 고액 대출 미끼",신한카드 불법대출광고 유형 안내 페이지 패턴 참고
320,0,정상,정상,은행정상알림,SMS,"[토스뱅크] 체크카드 210,000원 승인. 가맹점: 마켓컬리",해당없음(정상 메시지),일상적으로 발생하는 정상 업무/생활 커뮤니케이션 예시(합성)
321,1,스팸_사기,악성_해킹시도,청첩장_부고장사칭_스미싱,SMS,소중한 분의 장례식 소식을 전해드립니다. 모바일 부고장 링크: hxxp://mcard-invite-579.xyz/2766,"지인 사칭, 모바일 청첩장/부고장 클릭 유도 후 악성 앱 설치, 실제 지인 확인 불가",cashnote 스미싱 총정리(모바일청첩장 클릭 후 대출 피해) 패턴 참고
322,0,정상,정상,은행정상알림,SMS,"[토스뱅크] 1일 자동이체 390,000원 출금 예정이오니 참고 바랍니다",해당없음(정상 메시지),일상적으로 발생하는 정상 업무/생활 커뮤니케이션 예시(합성)
325,1,스팸_사기,사기_투자로맨스,투자리딩방,SMS,"[마스터리딩방] OO증권 마스터 리딩방입니다. 전문가가 직접 매수/매도 신호를 드리며, 이번 주 수익률 900% 인증 종목 공개! 지금 무료 입장하세요.","비공식 오픈채팅방 운영, 비현실적 수익률 인증 캡처, 이후 유료방/투자앱 설치 유도",보안뉴스 추석 금융사기 예방 기사(투자리딩방 피해 규모) 패턴 참고
326,1,스팸_사기,광고성스팸,불법도박광고,SMS,"[슈퍼토토] 매충 30% 상시지급! 신규가입시 최대 100만원 지급, 지금 바로 가입 hxxp://슈퍼토토-701.com/9322","080 수신거부 번호 없음, 단축/변형 URL, 미신고 도박사이트, 고액 지급 미끼",방통위·KISA 문자스팸 통계(도박 유형 약 40%) 패턴 참고
327,1,스팸_사기,광고성스팸,로또번호_추천광고,SMS,"[로또명당] 이번주 1등 당첨번호 무료공개! 지금까지 2회 연속 적중, 화긴은 hxxp://로또명당-733.top/9133","확인 불가능한 당첨 이력 주장, 개인정보 입력 후 유료 결제로 유도하는 경우 많음",나무위키 스팸메일 문서의 로또번호 추천 사이트 광고 유형 참고
328,1,스팸_사기,광고성스팸,불법대출광고,SMS,"[행운대부] 카드론 대환 특별상품, 최대 1500만원. 문의 010-9242-8418 🎉","미등록 대부업 의심, '신용조회 없이' 문구, 무자격자 대상 고액 대출 미끼",신한카드 불법대출광고 유형 안내 페이지 패턴 참고
329,1,스팸_사기,광고성스팸,로또번호_추천광고,SMS,"📢 [로또명당] 이번주 1등 당첨번호 무료공개! 지금까지 5회 연속 적중, 확인은 hxxp://로또명당-926.com/6585","확인 불가능한 당첨 이력 주장, 개인정보 입력 후 유료 결제로 유도하는 경우 많음",나무위키 스팸메일 문서의 로또번호 추천 사이트 광고 유형 참고
330,0,정상,정상,은행정상알림,SMS,"[신한은행] 승인알림: 270,000원 결제(출금) 완료. 잔여 150만원",해당없음(정상 메시지),일상적으로 발생하는 정상 업무/생활 커뮤니케이션 예시(합성)
332,1,스팸_사기,가짜채용,재택부업_리뷰알바사기,SMS,"재택으로 상품 리뷰만 작성하면 건당 12,000원! 하루 3O분 투자로 월 300만원 가능합니다. 지금 카톡 문의 @easymoney_job","선입금(상품구매 대금 선결제) 요구로 이어지는 경우 多, 비현실적 고수익 강조, 기업 정보 불명확",보안뉴스 추석 금융사기 예방 기사(부업 아르바이트/리뷰알바 사기) 패턴 참고
333,1,스팸_사기,광고성스팸,로또번호_추천광고,SMS,"[복권천재] 놀라운 적중률! 3회 연속 성공, 이번주도 무료공개 hxxp://복권천재-754.com/2493","확인 불가능한 당첨 이력 주장, 개인정보 입력 후 유료 결제로 유도하는 경우 많음",나무위키 스팸메일 문서의 로또번호 추천 사이트 광고 유형 참고
334,0,정상,정상,정상택배안내,SMS,[한진택배] 상품이 출고되어 배송을 시작합니다. 예상 도착일은 내일 오전입니다.,해당없음(정상 메시지),일상적으로 발생하는 정상 업무/생활 커뮤니케이션 예시(합성)
337,0,정상,정상,은행정상알림,SMS,"[하나은행] 출금 360,000원 처리되었어요. 남은 잔액은 23만원",해당없음(정상 메시지),일상적으로 발생하는 정상 업무/생활 커뮤니케이션 예시(합성)
338,1,스팸_사기,광고성스팸,불법대출광고,SMS,"🎉 [믿음저축] 무직자,저신용자 환영, 최대 1000만원. 문의 010-5988-6144","미등록 대부업 의심, '신용조회 없이' 문구, 무자격자 대상 고액 대출 미끼",신한카드 불법대출광고 유형 안내 페이지 패턴 참고
339,0,정상,정상,은행정상알림,SMS,"[국민은행] 체크카드 260,000원 사용, 현재 잔액 123만원입니다",해당없음(정상 메시지),일상적으로 발생하는 정상 업무/생활 커뮤니케이션 예시(합성)
340,1,스팸_사기,가짜채용,통장대여_이체알바,SMS,"[재택알바] 본인 명의 계좌만 빌려주시면 건당 3만원, 이체 심부름 알바 구합니다. 텔레그램으로 연랔주세요 @job528","통장 대여는 전자금융거래법 위반, 텔레그램 등 익명 메신저로만 소통, 실제로는 보이스피싱 자금 세탁에 이용",kbthink 이체알바 사기 안내(통장 대여 시 처벌 규정) 패턴 참고
341,0,정상,정상,은행정상알림,SMS,"[하나은행] 고객님 계좌에서 490,000원이 출금되었습니다 (잔액 676만원)",해당없음(정상 메시지),일상적으로 발생하는 정상 업무/생활 커뮤니케이션 예시(합성)
342,1,스팸_사기,광고성스팸,불법대출광고,SMS,"[행복저축은행(사칭)] 서류 없이 전화상담만으로 심사, 최대 3000만원. 문의 OlO-3760-2674","미등록 대부업 의심, '신용조회 없이' 문구, 무자격자 대상 고액 대출 미끼",신한카드 불법대출광고 유형 안내 페이지 패턴 참고
343,1,스팸_사기,사기_보이스피싱,소액결제사칭,SMS,"⚠️ [승인알림] 273,000원 결제가 완료되었슴니다. 본인이 아니라면 고객센터로 문의하세요 l588-6538","허위 소액결제 문자로 불안감 조성 후 사기범이 안내하는 번호로 유도, 실제 결제 내역 없음",보안뉴스 경찰청 보이스피싱 사례(허위 소액결제 문자 유형) 패턴 참고
344,1,스팸_사기,광고성스팸,불법대출광고,SMS,"[든든머니대부] 신용조회 없이 당일승인, 최대 1500만원. 문의 OlO-5798-6819","미등록 대부업 의심, '신용조회 없이' 문구, 무자격자 대상 고액 대출 미끼",신한카드 불법대출광고 유형 안내 페이지 패턴 참고
345,0,정상,정상,은행정상알림,SMS,"[국민은행] 체크카드 100,000원 승인. 가맹점: 쿠팡",해당없음(정상 메시지),일상적으로 발생하는 정상 업무/생활 커뮤니케이션 예시(합성)
346,0,정상,정상,은행정상알림,SMS,"[카카오뱅크] 체크카드 70,000원 승인. 가맹점: 쿠팡",해당없음(정상 메시지),일상적으로 발생하는 정상 업무/생활 커뮤니케이션 예시(합성)
349,1,스팸_사기,광고성스팸,불법대출광고,SMS,"[스마일캐피탈] 카드론 대환 특별상품, 최대 1500만원. 문의 ０１０-7316-8742","미등록 대부업 의심, '신용조회 없이' 문구, 무자격자 대상 고액 대출 미끼",신한카드 불법대출광고 유형 안내 페이지 패턴 참고
350,1,스팸_사기,악성_해킹시도,택배사칭_스미싱,SMS,[롯데택배] 송장번호(7797646155) 부재중으로 반송 예정입니다. 확인: hxxp://롯데택배-112.top/1331,"실제 주문내역 없음, 단축/변형 URL, 클릭 시 악성 앱 설치 유도",이스트시큐리티 알약 블로그·cashnote 스미싱 총정리 패턴 참고
351,0,정상,정상,정상택배안내,SMS,[한진택배] 고객님 상품 배송이 끝났습니다. 송장 조회: 301330576200,해당없음(정상 메시지),일상적으로 발생하는 정상 업무/생활 커뮤니케이션 예시(합성)
352,1,스팸_사기,악성_해킹시도,카드발급사칭_스미싱,SMS,🚨 고객님 명의로 삼성카드가 신규 발급 신청되었습니다. 본인이 아니라면 즉시 확인 hxxp://card-verify-kr-733.xyz/2719,"신청한 적 없는 카드 발급 안내, 확인을 명목으로 악성 링크 클릭 유도",KB Think 스미싱 대처법 페이지(신청한 적 없는 카드 스미싱) 패턴 참고
354,0,정상,정상,은행정상알림,SMS,"[국민은행] 23일에 220,000원 자동이체가 예정되어 있습니다",해당없음(정상 메시지),일상적으로 발생하는 정상 업무/생활 커뮤니케이션 예시(합성)
355,0,정상,정상,은행정상알림,SMS,"[토스뱅크] 체크카드 340,000원 사용, 현재 잔액 703만원입니다",해당없음(정상 메시지),일상적으로 발생하는 정상 업무/생활 커뮤니케이션 예시(합성)
356,0,정상,정상,은행정상알림,SMS,"[우리은행] 16일 자동이체 340,000원 출금 예정이오니 참고 바랍니다",해당없음(정상 메시지),일상적으로 발생하는 정상 업무/생활 커뮤니케이션 예시(합성)
357,0,정상,정상,은행정상알림,SMS,"[신한은행] 19일에 490,000원 자동이체가 예정되어 있습니다",해당없음(정상 메시지),일상적으로 발생하는 정상 업무/생활 커뮤니케이션 예시(합성)
358,1,스팸_사기,광고성스팸,불법대출광고,SMS,"[케이캐시대부] 무직자,저신용자 환영, 최대 500만원. 문의 ０１０-9632-4906","미등록 대부업 의심, '신용조회 없이' 문구, 무자격자 대상 고액 대출 미끼",신한카드 불법대출광고 유형 안내 페이지 패턴 참고
359,0,정상,정상,은행정상알림,SMS,"[하나은행] 체크카드 110,000원 승인. 가맹점: 29CM",해당없음(정상 메시지),일상적으로 발생하는 정상 업무/생활 커뮤니케이션 예시(합성)
360,1,스팸_사기,광고성스팸,불법대출광고,SMS,"[스마일캐피탈] 서류 없이 전화상담만으로 심사, 최대 1000만원. 문의 010-8787-9622","미등록 대부업 의심, '신용조회 없이' 문구, 무자격자 대상 고액 대출 미끼",신한카드 불법대출광고 유형 안내 페이지 패턴 참고
361,0,정상,정상,정상택배안내,SMS,[롯데택배] 고객님 상품 배송이 끝났습니다. 송장 조회: 398313220438,해당없음(정상 메시지),일상적으로 발생하는 정상 업무/생활 커뮤니케이션 예시(합성)
363,1,스팸_사기,가짜채용,통장대여_이체알바,SMS,"[재택알바] 본인 명의 계좌만 빌려주시면 건당 3만원, 이체 심부름 알바 구합니다. 텔레그램으로 연락주세요 @job850 💼","통장 대여는 전자금융거래법 위반, 텔레그램 등 익명 메신저로만 소통, 실제로는 보이스피싱 자금 세탁에 이용",kbthink 이체알바 사기 안내(통장 대여 시 처벌 규정) 패턴 참고
364,0,정상,정상,은행정상알림,SMS,"[국민은행] 140,000원 출금되었습니다. 잔액 851만원",해당없음(정상 메시지),일상적으로 발생하는 정상 업무/생활 커뮤니케이션 예시(합성)
365,1,스팸_사기,가짜채용,재택부업_리뷰알바사기,SMS,"재택으로 상품 리뷰만 작성하면 건당 8,000원! 하루 30분 투자로 월 250만원 가눙합니다. 지금 카톡 문의 @review_job","선입금(상품구매 대금 선결제) 요구로 이어지는 경우 多, 비현실적 고수익 강조, 기업 정보 불명확",보안뉴스 추석 금융사기 예방 기사(부업 아르바이트/리뷰알바 사기) 패턴 참고
366,1,스팸_사기,광고성스팸,로또번호_추천광고,SMS,"[로또명당] 이번주 1등 당첨번호 무료공개! 지금까지 3회 연속 적중, 확인은 hxxp://로또명당-575.top/4013","확인 불가능한 당첨 이력 주장, 개인정보 입력 후 유료 결제로 유도하는 경우 많음",나무위키 스팸메일 문서의 로또번호 추천 사이트 광고 유형 참고
367,0,정상,정상,은행정상알림,SMS,"[신한은행] 자동이체 예정 안내: 13일 180,000원 출금 예정입니다.",해당없음(정상 메시지),일상적으로 발생하는 정상 업무/생활 커뮤니케이션 예시(합성)
368,0,정상,정상,은행정상알림,SMS,"[신한은행] 다가오는 7일, 200,000원이 자동으로 이체됩니다",해당없음(정상 메시지),일상적으로 발생하는 정상 업무/생활 커뮤니케이션 예시(합성)
369,1,스팸_사기,광고성스팸,불법도박광고,SMS,"[황금벳] 루징 캐시백 10%! 신규가입시 최대 ５０만원 지급, 지금 바로 가입 hxxp://황금벳-308.com/9752","080 수신거부 번호 없음, 단축/변형 URL, 미신고 도박사이트, 고액 지급 미끼",방통위·KISA 문자스팸 통계(도박 유형 약 40%) 패턴 참고
370,1,스팸_사기,가짜채용,통장대여_이체알바,SMS,"📋 [재택알바] 본인 명의 계좌만 빌려주시면 건당 5만원, 이체 심부름 알바 구합니다. 텔레그램으로 연락주세요 @job612","통장 대여는 전자금융거래법 위반, 텔레그램 등 익명 메신저로만 소통, 실제로는 보이스피싱 자금 세탁에 이용",kbthink 이체알바 사기 안내(통장 대여 시 처벌 규정) 패턴 참고
371,0,정상,정상,은행정상알림,SMS,"[토스뱅크] 정기 자동이체 안내 - 11일 340,000원 출금될 예정이에요",해당없음(정상 메시지),일상적으로 발생하는 정상 업무/생활 커뮤니케이션 예시(합성)
373,1,스팸_사기,광고성스팸,불법대출광고,SMS,"[빠른캐피탈] 카드론 대환 특별상품, 최대 2000만원. 문의 010-2251-6909","미등록 대부업 의심, '신용조회 없이' 문구, 무자격자 대상 고액 대출 미끼",신한카드 불법대출광고 유형 안내 페이지 패턴 참고
374,1,스팸_사기,광고성스팸,불법도박광고,SMS,"[코리아벳] 출석체크 포인트 지급! 신규가입시 최대 50만원 지급, 지금 바로 가입 hxxp://코리아벳-484.top/7384","080 수신거부 번호 없음, 단축/변형 URL, 미신고 도박사이트, 고액 지급 미끼",방통위·KISA 문자스팸 통계(도박 유형 약 40%) 패턴 참고
375,1,스팸_사기,사기_투자로맨스,가짜투자앱유도,SMS,[VIP리딩방] 무료체험 자리 얼마 안 남았어요. 30만원 넣고 바로 확인해보세요 hxxp://invest-vip-app-１４８.xyz/1594,"공식 앱스토어가 아닌 링크로 앱 설치 유도, 초기 소액 출금으로 신뢰 형성 후 거액 유도",일반적 리딩방-가짜거래소 연계 사기 패턴 참고
376,1,스팸_사기,사기_보이스피싱,검찰_금감원사칭,SMS,⚠️ 여기는 금융결제원(사칭)입니다. 귀하의 명의로 대포통장이 개설되어 수사가 진행 중입니다. 자산보호를 위해 대출받은 5000만원을 안내하는 안전계좌로 즉시 이체하셔야 합니다.,"검찰·경찰·금감원은 안전계좌 이체를 요구하지 않음, 전화로 수사 고지 및 송금 요구",보안뉴스 경찰청 보이스피싱 최다피해유형 사례(기관사칭형) 패턴 참고
377,0,정상,정상,은행정상알림,SMS,"[신한은행] 체크카드 160,000원 승인. 가맹점: 29CM",해당없음(정상 메시지),일상적으로 발생하는 정상 업무/생활 커뮤니케이션 예시(합성)
378,1,스팸_사기,광고성스팸,불법대출광고,SMS,"[행복저축은행(사칭)] 정부지원 서민대출 사칭, 최대 1000만원. 문의 010-2475-6433","미등록 대부업 의심, '신용조회 없이' 문구, 무자격자 대상 고액 대출 미끼",신한카드 불법대출광고 유형 안내 페이지 패턴 참고
379,1,스팸_사기,사기_보이스피싱,소액결제사칭,SMS,"[승인알림] 28O,OOO원 결제가 완료되었습니다. 본인이 아니라면 고객센터로 문의하세요 1588-5046","허위 소액결제 문자로 불안감 조성 후 사기범이 안내하는 번호로 유도, 실제 결제 내역 없음",보안뉴스 경찰청 보이스피싱 사례(허위 소액결제 문자 유형) 패턴 참고
381,1,스팸_사기,광고성스팸,로또번호_추천광고,SMS,"[행운의숫자] 회원님만을 위한 특별 당첨번호, 지금 확인하세요 hxxp://행운의숫자-862.kr/7680","확인 불가능한 당첨 이력 주장, 개인정보 입력 후 유료 결제로 유도하는 경우 많음",나무위키 스팸메일 문서의 로또번호 추천 사이트 광고 유형 참고
382,0,정상,정상,은행정상알림,SMS,"[국민은행] 120,000원 출금되었습니다. 잔액 309만원",해당없음(정상 메시지),일상적으로 발생하는 정상 업무/생활 커뮤니케이션 예시(합성)
383,1,스팸_사기,악성_해킹시도,카드발급사칭_스미싱,SMS,고객님 명의로 신한카드가 신규 발급 신청되었습니다. 본인이 아니라면 즉시 확인 hxxp://card-verify-kr-431.net/8339,"신청한 적 없는 카드 발급 안내, 확인을 명목으로 악성 링크 클릭 유도",KB Think 스미싱 대처법 페이지(신청한 적 없는 카드 스미싱) 패턴 참고
384,0,정상,정상,은행정상알림,SMS,"[카카오뱅크] 15일 자동이체 390,000원 출금 예정이오니 참고 바랍니다",해당없음(정상 메시지),일상적으로 발생하는 정상 업무/생활 커뮤니케이션 예시(합성)
385,1,스팸_사기,악성_해킹시도,택배사칭_스미싱,SMS,[우체국택배] 송장번호(1881657452) 결제 정보 확인이 필요합니다. 확인: hxxp://우체국택배-984.kr/9778,"실제 주문내역 없음, 단축/변형 URL, 클릭 시 악성 앱 설치 유도",이스트시큐리티 알약 블로그·cashnote 스미싱 총정리 패턴 참고
386,1,스팸_사기,악성_해킹시도,청첩장_부고장사칭_스미싱,SMS,OOO님으로부터 장례식 청첩장가 도착했습니다. 확인: hxxp://mcard-invite-673.net/7761,"지인 사칭, 모바일 청첩장/부고장 클릭 유도 후 악성 앱 설치, 실제 지인 확인 불가",cashnote 스미싱 총정리(모바일청첩장 클릭 후 대출 피해) 패턴 참고
387,1,스팸_사기,광고성스팸,로또번호_추천광고,SMS,"[1등예측단] 회원님만을 위한 특별 당첨번호, 지금 확인하세요 hxxp://1등예측단-７４３.top/7567","확인 불가능한 당첨 이력 주장, 개인정보 입력 후 유료 결제로 유도하는 경우 많음",나무위키 스팸메일 문서의 로또번호 추천 사이트 광고 유형 참고
389,1,스팸_사기,악성_해킹시도,택배사칭_스미싱,SMS,[쿠팡물류센터] 송장번호(4189972515) 주소 불일치로 물품 보관 중입니다. 확인: hxxp://쿠팡물류센터-832.com/3825,"실제 주문내역 없음, 단축/변형 URL, 클릭 시 악성 앱 설치 유도",이스트시큐리티 알약 블로그·cashnote 스미싱 총정리 패턴 참고
390,1,스팸_사기,악성_해킹시도,택배사칭_스미싱,SMS,🔒 [로젠택배] 송장번호(8937783996) 주소 불일치로 물품 보관 중입니다. 확인: hxxp://로젠택배-560.top/3926,"실제 주문내역 없음, 단축/변형 URL, 클릭 시 악성 앱 설치 유도",이스트시큐리티 알약 블로그·cashnote 스미싱 총정리 패턴 참고
391,0,정상,정상,은행정상알림,SMS,"[국민은행] 체크카드 500,000원 승인. 가맹점: 마켓컬리",해당없음(정상 메시지),일상적으로 발생하는 정상 업무/생활 커뮤니케이션 예시(합성)
393,1,스팸_사기,사기_보이스피싱,소액결제사칭,SMS,"고객님의 카드에서 393,000원이 결제되었습니다. 이용하신 적 없다면 １５８８-4154으로 문의바랍니다","허위 소액결제 문자로 불안감 조성 후 사기범이 안내하는 번호로 유도, 실제 결제 내역 없음",보안뉴스 경찰청 보이스피싱 사례(허위 소액결제 문자 유형) 패턴 참고
394,1,스팸_사기,악성_해킹시도,택배사칭_스미싱,SMS,[CJ대한통운] 송장번호(6220150751) 주소 불일치로 물품 보관 중입니다. 확인: hxxp://cj대한통운-715.net/2318,"실제 주문내역 없음, 단축/변형 URL, 클릭 시 악성 앱 설치 유도",이스트시큐리티 알약 블로그·cashnote 스미싱 총정리 패턴 참고
395,1,스팸_사기,악성_해킹시도,택배사칭_스미싱,SMS,⚠️ [CJ대한통운] 송장번호(3325249245) 부재중으로 반송 예정입니다. 확인: hxxp://cj대한통운-597.xyz/2434,"실제 주문내역 없음, 단축/변형 URL, 클릭 시 악성 앱 설치 유도",이스트시큐리티 알약 블로그·cashnote 스미싱 총정리 패턴 참고
396,0,정상,정상,정상택배안내,SMS,[CJ대한통운] 고객님의 상품이 배송 완료되었습니다. 송장번호: 150443586663,해당없음(정상 메시지),일상적으로 발생하는 정상 업무/생활 커뮤니케이션 예시(합성)
397,1,스팸_사기,광고성스팸,불법대출광고,SMS,"[믿음저축] 무직자,저신용자 환영, 최대 ５００만원. 문의 010-1047-2281","미등록 대부업 의심, '신용조회 없이' 문구, 무자격자 대상 고액 대출 미끼",신한카드 불법대출광고 유형 안내 페이지 패턴 참고
398,1,스팸_사기,악성_해킹시도,택배사칭_스미싱,SMS,[로젠택배] 송장번호(4101003281) 주소 불일치로 물품 보관 중입니다. 확인: hxxp://로젠택배-945.com/9671,"실제 주문내역 없음, 단축/변형 URL, 클릭 시 악성 앱 설치 유도",이스트시큐리티 알약 블로그·cashnote 스미싱 총정리 패턴 참고
399,1,스팸_사기,사기_보이스피싱,가족지인사칭_메신저피싱,SMS,엄마 나 폰 액정이 깨져서 임시폰이야. 확인할 결제내역이 있는데 대신 좀 해줄 수 있어? 신분증이랑 계좌번호도 같이 보내줘,"휴대폰 파손/분실을 핑계로 낯선 번호 사용 설명, 신분증·계좌정보 요구, 화상통화 등 본인확인 회피",banksalad·kbthink 가족사칭 메신저피싱 사례 패턴 참고
400,1,스팸_사기,악성_해킹시도,청첩장_부고장사칭_스미싱,SMS,OOO님의 장례식에 초대합니다. 모바일 부고장 화긴하기 hxxp://mcard-invite-956.xyz/1273,"지인 사칭, 모바일 청첩장/부고장 클릭 유도 후 악성 앱 설치, 실제 지인 확인 불가",cashnote 스미싱 총정리(모바일청첩장 클릭 후 대출 피해) 패턴 참고
401,0,정상,정상,은행정상알림,SMS,"[신한은행] 130,000원이 정상 출금되었어요. 잔액은 439만원입니다",해당없음(정상 메시지),일상적으로 발생하는 정상 업무/생활 커뮤니케이션 예시(합성)
402,0,정상,정상,은행정상알림,SMS,"[국민은행] 140,000원이 정상 출금되었어요. 잔액은 848만원입니다",해당없음(정상 메시지),일상적으로 발생하는 정상 업무/생활 커뮤니케이션 예시(합성)
403,1,스팸_사기,광고성스팸,불법도박광고,SMS,"[올인토토] 가입머니 5만원 즉시지급! 신규가입시 최대 100만원 지급, 지금 바로 가입 hxxp://올인토토-468.net/1664","080 수신거부 번호 없음, 단축/변형 URL, 미신고 도박사이트, 고액 지급 미끼",방통위·KISA 문자스팸 통계(도박 유형 약 40%) 패턴 참고
404,0,정상,정상,은행정상알림,SMS,"[하나은행] 승인알림: 100,000원 결제(출금) 완료. 잔여 755만원",해당없음(정상 메시지),일상적으로 발생하는 정상 업무/생활 커뮤니케이션 예시(합성)
405,0,정상,정상,은행정상알림,SMS,"[국민은행] 체크카드 500,000원 승인. 가맹점: 무신사",해당없음(정상 메시지),일상적으로 발생하는 정상 업무/생활 커뮤니케이션 예시(합성)
406,1,스팸_사기,광고성스팸,불법대출광고,SMS,"[국민든든대부] 무직자,저신용자 환영, 최대 1000만원. 문의 010-1853-4399 🎉","미등록 대부업 의심, '신용조회 없이' 문구, 무자격자 대상 고액 대출 미끼",신한카드 불법대출광고 유형 안내 페이지 패턴 참고
407,1,스팸_사기,광고성스팸,불법대출광고,SMS,"🔥 [행운대부] 정부지원 서민대출 사칭, 최대 5000만원. 문의 010-7493-4245","미등록 대부업 의심, '신용조회 없이' 문구, 무자격자 대상 고액 대출 미끼",신한카드 불법대출광고 유형 안내 페이지 패턴 참고
408,0,정상,정상,은행정상알림,SMS,"[토스뱅크] 18일 자동이체 320,000원 출금 예정이오니 참고 바랍니다",해당없음(정상 메시지),일상적으로 발생하는 정상 업무/생활 커뮤니케이션 예시(합성)
409,1,스팸_사기,광고성스팸,불법대출광고,SMS,"[케이캐시대부] 카드론 대환 특별상품, 최대 1500만원. 문의 010-1073-5922","미등록 대부업 의심, '신용조회 없이' 문구, 무자격자 대상 고액 대출 미끼",신한카드 불법대출광고 유형 안내 페이지 패턴 참고
410,0,정상,정상,은행정상알림,SMS,"[토스뱅크] 체크카드 430,000원 사용, 현재 잔액 17만원입니다",해당없음(정상 메시지),일상적으로 발생하는 정상 업무/생활 커뮤니케이션 예시(합성)
411,1,스팸_사기,광고성스팸,로또번호_추천광고,SMS,"[1등예측단] AI 분석으로 뽑은 이번주 1등 예상번호 무료 공개, 확인: hxxp://1등예측단-824.top/4944","확인 불가능한 당첨 이력 주장, 개인정보 입력 후 유료 결제로 유도하는 경우 많음",나무위키 스팸메일 문서의 로또번호 추천 사이트 광고 유형 참고
413,1,스팸_사기,광고성스팸,불법대출광고,SMS,"[국민든든대부] 신용조회 없이 당일승인, 최대 1500만원. 문의 010-1064-8955 🎉","미등록 대부업 의심, '신용조회 없이' 문구, 무자격자 대상 고액 대출 미끼",신한카드 불법대출광고 유형 안내 페이지 패턴 참고
414,1,스팸_사기,악성_해킹시도,택배사칭_스미싱,SMS,[우체국택배] 송장번호(3276448128) 배송 지연으로 재배송 신청이 필요합니다. 확인: hxxp://우체국택배-816.xyz/6177,"실제 주문내역 없음, 단축/변형 URL, 클릭 시 악성 앱 설치 유도",이스트시큐리티 알약 블로그·cashnote 스미싱 총정리 패턴 참고
416,1,스팸_사기,악성_해킹시도,청첩장_부고장사칭_스미싱,SMS,소중한 분의 장례식 소식을 전해드립니다. 모바일 청첩장 링크: hxxp://mcard-invite-696.kr/8704,"지인 사칭, 모바일 청첩장/부고장 클릭 유도 후 악성 앱 설치, 실제 지인 확인 불가",cashnote 스미싱 총정리(모바일청첩장 클릭 후 대출 피해) 패턴 참고
417,0,정상,정상,은행정상알림,SMS,"[토스뱅크] 승인알림: 500,000원 결제(출금) 완료. 잔여 465만원",해당없음(정상 메시지),일상적으로 발생하는 정상 업무/생활 커뮤니케이션 예시(합성)
418,1,스팸_사기,악성_해킹시도,카드발급사칭_스미싱,SMS,고객님 명의로 삼성카드가 신규 발급 신청되었슴니다. 본인이 아니라면 즉시 확인 hxxp://card-verify-kr-635.kr/1911,"신청한 적 없는 카드 발급 안내, 확인을 명목으로 악성 링크 클릭 유도",KB Think 스미싱 대처법 페이지(신청한 적 없는 카드 스미싱) 패턴 참고
419,1,스팸_사기,광고성스팸,로또번호_추천광고,SMS,"🔥 [1등예측단] 이번주 1등 당첨번호 무료공개! 지금까지 5회 연속 적중, 확인은 hxxp://1등예측단-125.net/5070","확인 불가능한 당첨 이력 주장, 개인정보 입력 후 유료 결제로 유도하는 경우 많음",나무위키 스팸메일 문서의 로또번호 추천 사이트 광고 유형 참고
420,0,정상,정상,은행정상알림,SMS,"[국민은행] 자동이체 예정 안내: 22일 330,000원 출금 예정입니다.",해당없음(정상 메시지),일상적으로 발생하는 정상 업무/생활 커뮤니케이션 예시(합성)
421,0,정상,정상,은행정상알림,SMS,"[신한은행] 체크카드 370,000원 승인. 가맹점: 마켓컬리",해당없음(정상 메시지),일상적으로 발생하는 정상 업무/생활 커뮤니케이션 예시(합성)
423,1,스팸_사기,가짜채용,재택부업_리뷰알바사기,SMS,"재택으로 상품 리뷰만 작성하면 건당 10,000원! 하루 30분 투자로 월 300만원 가능합니다. 지금 카톡 문의 @review_job 💼","선입금(상품구매 대금 선결제) 요구로 이어지는 경우 多, 비현실적 고수익 강조, 기업 정보 불명확",보안뉴스 추석 금융사기 예방 기사(부업 아르바이트/리뷰알바 사기) 패턴 참고
424,1,스팸_사기,가짜채용,통장대여_이체알바,SMS,"[재택알바] 본인 명의 계좌만 빌려주시면 건당 10만원, 이체 심부름 알바 구합니다. 텔레그램으로 연락주세요 @job785 💼","통장 대여는 전자금융거래법 위반, 텔레그램 등 익명 메신저로만 소통, 실제로는 보이스피싱 자금 세탁에 이용",kbthink 이체알바 사기 안내(통장 대여 시 처벌 규정) 패턴 참고
425,0,정상,정상,은행정상알림,SMS,"[우리은행] 다가오는 17일, 80,000원이 자동으로 이체됩니다",해당없음(정상 메시지),일상적으로 발생하는 정상 업무/생활 커뮤니케이션 예시(합성)
426,1,스팸_사기,광고성스팸,불법대출광고,SMS,"[빠른캐피탈] 서류 없이 전화상담만으로 심사, 최대 2OOO만원. 문의 010-8314-9410","미등록 대부업 의심, '신용조회 없이' 문구, 무자격자 대상 고액 대출 미끼",신한카드 불법대출광고 유형 안내 페이지 패턴 참고
427,0,정상,정상,은행정상알림,SMS,"[우리은행] 체크카드 350,000원 승인. 가맹점: 마켓컬리",해당없음(정상 메시지),일상적으로 발생하는 정상 업무/생활 커뮤니케이션 예시(합성)
429,0,정상,정상,은행정상알림,SMS,"[신한은행] 승인알림: 150,000원 결제(출금) 완료. 잔여 535만원",해당없음(정상 메시지),일상적으로 발생하는 정상 업무/생활 커뮤니케이션 예시(합성)
430,1,스팸_사기,사기_보이스피싱,소액결제사칭,SMS,"고객님의 카드에서 837,000원이 결제되었습니다. 이용하신 적 없다면 1588-9026으로 문의바랍니다","허위 소액결제 문자로 불안감 조성 후 사기범이 안내하는 번호로 유도, 실제 결제 내역 없음",보안뉴스 경찰청 보이스피싱 사례(허위 소액결제 문자 유형) 패턴 참고
431,0,정상,정상,은행정상알림,SMS,"[카카오뱅크] 정기 자동이체 안내 - 24일 500,000원 출금될 예정이에요",해당없음(정상 메시지),일상적으로 발생하는 정상 업무/생활 커뮤니케이션 예시(합성)
432,0,정상,정상,은행정상알림,SMS,"[신한은행] 자동납부 예정: 20일 110,000원, 잔액을 미리 확인해주세요",해당없음(정상 메시지),일상적으로 발생하는 정상 업무/생활 커뮤니케이션 예시(합성)
433,1,스팸_사기,광고성스팸,불법도박광고,SMS,"[킹스벳] 매충 30% 상시지급! 신규가입시 최대 100만원 지급, 지금 바로 가입 hxxp://킹스벳-375.net/1059","080 수신거부 번호 없음, 단축/변형 URL, 미신고 도박사이트, 고액 지급 미끼",방통위·KISA 문자스팸 통계(도박 유형 약 40%) 패턴 참고
434,1,스팸_사기,광고성스팸,로또번호_추천광고,SMS,"[로또마스터] 이번주 1등 당첨번호 무료공개! 지금까지 2회 연속 적중, 확인은 hxxp://로또마스터-727.xyz/9947 📢","확인 불가능한 당첨 이력 주장, 개인정보 입력 후 유료 결제로 유도하는 경우 많음",나무위키 스팸메일 문서의 로또번호 추천 사이트 광고 유형 참고
435,1,스팸_사기,광고성스팸,불법도박광고,SMS,"[황금벳] 가입머니 5만원 즉시지급! 신규가입시 최대 50만원 지급, 지금 바로 가입 hxxp://황금벳-247.net/1682 🎉","080 수신거부 번호 없음, 단축/변형 URL, 미신고 도박사이트, 고액 지급 미끼",방통위·KISA 문자스팸 통계(도박 유형 약 40%) 패턴 참고
436,1,스팸_사기,악성_해킹시도,택배사칭_스미싱,SMS,[한진택배] 송장번호(7729482OO4) 주소 불일치로 물품 보관 중입니다. 확인: hxxp://한진택배-983.net/5200,"실제 주문내역 없음, 단축/변형 URL, 클릭 시 악성 앱 설치 유도",이스트시큐리티 알약 블로그·cashnote 스미싱 총정리 패턴 참고
437,1,스팸_사기,광고성스팸,로또번호_추천광고,SMS,"[복권천재] 이번주 1등 당첨번호 무료공개! 지금까지 3회 연속 적중, 확인은 hxxp://복권천재-416.kr/6314 📢","확인 불가능한 당첨 이력 주장, 개인정보 입력 후 유료 결제로 유도하는 경우 많음",나무위키 스팸메일 문서의 로또번호 추천 사이트 광고 유형 참고
438,1,스팸_사기,가짜채용,현금수거책_고액알바,SMS,📋 단순 심부름 업무로 일당 25만원 드립니다. 대전 인근 지정 장소에서 현금이 든 쇼핑백을 수거해 전달만 하시면 됩니다. 경력/면접 없이 바로 시작 가능,"비대면 채용, 현금 운반이라는 비정상적 업무, 고액 일당 대비 매우 단순한 업무 내용",정책브리핑·잡플래닛 고액알바 위험성 안내 패턴 참고
439,1,스팸_사기,악성_해킹시도,청첩장_부고장사칭_스미싱,SMS,장례식 안내드립니다. 참석 여부와 함께 청첩장를 확인해주세요: hxxp://mcard-invite-777.com/8930,"지인 사칭, 모바일 청첩장/부고장 클릭 유도 후 악성 앱 설치, 실제 지인 확인 불가",cashnote 스미싱 총정리(모바일청첩장 클릭 후 대출 피해) 패턴 참고
440,1,스팸_사기,광고성스팸,불법도박광고,SMS,"[프리미엄카지노] 가입머니 5만원 즉시지급! 신규가입시 최대 100만원 지급, 지금 바로 가입 hxxp://프리미엄카지노-643.kr/1245","080 수신거부 번호 없음, 단축/변형 URL, 미신고 도박사이트, 고액 지급 미끼",방통위·KISA 문자스팸 통계(도박 유형 약 40%) 패턴 참고
441,1,스팸_사기,광고성스팸,불법대출광고,SMS,"🎉 [직장인우대론] 카드론 대환 특별상품, 최대 5000만원. 문의 010-1838-6148","미등록 대부업 의심, '신용조회 없이' 문구, 무자격자 대상 고액 대출 미끼",신한카드 불법대출광고 유형 안내 페이지 패턴 참고
442,0,정상,정상,은행정상알림,SMS,"[카카오뱅크] 정기 자동이체 안내 - 18일 120,000원 출금될 예정이에요",해당없음(정상 메시지),일상적으로 발생하는 정상 업무/생활 커뮤니케이션 예시(합성)
443,1,스팸_사기,사기_투자로맨스,가짜투자앱유도,SMS,[VIP리딩방] 제가 알려드린 전용 앱에 가입하시고 5O만원부터 넣어보세요. 첫 수익 나면 바로 출금 가능하니 걱정 마세요 :) 앱 설치: hxxp://invest-vip-app-302.net/1765,"공식 앱스토어가 아닌 링크로 앱 설치 유도, 초기 소액 출금으로 신뢰 형성 후 거액 유도",일반적 리딩방-가짜거래소 연계 사기 패턴 참고
444,1,스팸_사기,악성_해킹시도,카드발급사칭_스미싱,SMS,고객님 명의로 신한카드가 신규 발급 신청되었습니다. 본인이 아니라면 즉시 확인 hxxp://card-verify-kr-625.com/3858 🚨,"신청한 적 없는 카드 발급 안내, 확인을 명목으로 악성 링크 클릭 유도",KB Think 스미싱 대처법 페이지(신청한 적 없는 카드 스미싱) 패턴 참고
445,1,스팸_사기,가짜채용,불법구인_밀폐공간면접,SMS,면접은 저희 사무실이 아니라 근처 주차장에서 진행할게요. 채용 확정되면 바로 현금으로 일당 지급해드립니다.,"정식 사업장이 아닌 곳에서 면접 진행, 기업 정보 비공개, 채용플랫폼 정식 절차 회피",동네알바톡 불법구인 안내(밀폐공간/비사업장 면접) 패턴 참고
446,0,정상,정상,은행정상알림,SMS,"[하나은행] 170,000원이 정상 출금되었어요. 잔액은 398만원입니다",해당없음(정상 메시지),일상적으로 발생하는 정상 업무/생활 커뮤니케이션 예시(합성)
447,1,스팸_사기,광고성스팸,불법도박광고,SMS,"[슈퍼토토] 가입머니 5만원 즉시지급! 신규가입시 최대 50만원 지급, 지금 바로 가입 hxxp://슈퍼토토-377.top/8242 📢","080 수신거부 번호 없음, 단축/변형 URL, 미신고 도박사이트, 고액 지급 미끼",방통위·KISA 문자스팸 통계(도박 유형 약 40%) 패턴 참고
448,0,정상,정상,은행정상알림,SMS,"[하나은행] 고객님 계좌에서 80,000원이 출금되었습니다 (잔액 642만원)",해당없음(정상 메시지),일상적으로 발생하는 정상 업무/생활 커뮤니케이션 예시(합성)
449,1,스팸_사기,광고성스팸,불법대출광고,SMS,"📢 [스마일캐피탈] 당일 즉시 입금, 최대 2000만원. 문의 010-8474-2126","미등록 대부업 의심, '신용조회 없이' 문구, 무자격자 대상 고액 대출 미끼",신한카드 불법대출광고 유형 안내 페이지 패턴 참고
450,1,스팸_사기,가짜채용,현금수거책_고액알바,SMS,단순 심부름 업무로 일당 5O만원 드립니다. 대전 인근 지정 장소에서 현금이 든 쇼핑백을 수거해 전달만 하시면 됩니다. 경력/면접 없이 바로 시작 가능,"비대면 채용, 현금 운반이라는 비정상적 업무, 고액 일당 대비 매우 단순한 업무 내용",정책브리핑·잡플래닛 고액알바 위험성 안내 패턴 참고
451,0,정상,정상,은행정상알림,SMS,"[우리은행] 자동이체 예정 안내: 4일 80,000원 출금 예정입니다.",해당없음(정상 메시지),일상적으로 발생하는 정상 업무/생활 커뮤니케이션 예시(합성)
452,1,스팸_사기,사기_보이스피싱,소액결제사칭,SMS,"⚠️ [승인알림] 708,000원 결제가 완료되었슴니다. 본인이 아니라면 고객센터로 문의하세요 l588-4072","허위 소액결제 문자로 불안감 조성 후 사기범이 안내하는 번호로 유도, 실제 결제 내역 없음",보안뉴스 경찰청 보이스피싱 사례(허위 소액결제 문자 유형) 패턴 참고
453,0,정상,정상,은행정상알림,SMS,"[신한은행] 체크카드 490,000원 승인. 가맹점: 무신사",해당없음(정상 메시지),일상적으로 발생하는 정상 업무/생활 커뮤니케이션 예시(합성)
454,0,정상,정상,은행정상알림,SMS,"[하나은행] 정기 자동이체 안내 - 15일 470,000원 출금될 예정이에요",해당없음(정상 메시지),일상적으로 발생하는 정상 업무/생활 커뮤니케이션 예시(합성)
455,0,정상,정상,은행정상알림,SMS,"[신한은행] 320,000원 출금되었습니다. 잔액 32만원",해당없음(정상 메시지),일상적으로 발생하는 정상 업무/생활 커뮤니케이션 예시(합성)
456,0,정상,정상,정상택배안내,SMS,"[한진택배] 요청하신 상품, 배송 완료했습니다. 송장 406585125031",해당없음(정상 메시지),일상적으로 발생하는 정상 업무/생활 커뮤니케이션 예시(합성)
457,0,정상,정상,은행정상알림,SMS,"[신한은행] 체크카드 20,000원 사용, 현재 잔액 272만원입니다",해당없음(정상 메시지),일상적으로 발생하는 정상 업무/생활 커뮤니케이션 예시(합성)
458,1,스팸_사기,광고성스팸,로또번호_추천광고,SMS,"[행운의숫자] 이번주 l등 당첨번호 무료공개! 지금까지 2회 연속 적중, 확인은 hxxp://행운의숫자-377.top/7300","확인 불가능한 당첨 이력 주장, 개인정보 입력 후 유료 결제로 유도하는 경우 많음",나무위키 스팸메일 문서의 로또번호 추천 사이트 광고 유형 참고
460,1,스팸_사기,사기_보이스피싱,소액결제사칭,SMS,"고객님의 카드에서 322,000원이 결제되었습니다. 이용하신 적 없다면 １５８８-4753으로 문의바랍니다","허위 소액결제 문자로 불안감 조성 후 사기범이 안내하는 번호로 유도, 실제 결제 내역 없음",보안뉴스 경찰청 보이스피싱 사례(허위 소액결제 문자 유형) 패턴 참고
461,0,정상,정상,은행정상알림,SMS,"[카카오뱅크] 10,000원 출금 완료, 잔액 21만원 확인하세요",해당없음(정상 메시지),일상적으로 발생하는 정상 업무/생활 커뮤니케이션 예시(합성)
462,1,스팸_사기,광고성스팸,로또번호_추천광고,SMS,"[행운의숫자] 놀라운 적중률! 4회 연속 성공, 이번주도 무료공개 hxxp://행운의숫자-594.com/7461","확인 불가능한 당첨 이력 주장, 개인정보 입력 후 유료 결제로 유도하는 경우 많음",나무위키 스팸메일 문서의 로또번호 추천 사이트 광고 유형 참고
463,1,스팸_사기,악성_해킹시도,청첩장_부고장사칭_스미싱,SMS,[모바일초대장] OOO님이 결혼식 초대장을 보냈습니다. 아래에서 확인해주세요 hxxp://mcard-invite-５７４.net/6593,"지인 사칭, 모바일 청첩장/부고장 클릭 유도 후 악성 앱 설치, 실제 지인 확인 불가",cashnote 스미싱 총정리(모바일청첩장 클릭 후 대출 피해) 패턴 참고
464,0,정상,정상,은행정상알림,SMS,"[토스뱅크] 체크카드 190,000원 승인. 가맹점: 무신사",해당없음(정상 메시지),일상적으로 발생하는 정상 업무/생활 커뮤니케이션 예시(합성)
465,1,스팸_사기,가짜채용,재택부업_리뷰알바사기,SMS,"재택으로 상품 리뷰만 작성하면 건당 25,000원! 하루 30분 투자로 월 250만원 가눙합니다. 지금 카톡 문의 @easymoney_job","선입금(상품구매 대금 선결제) 요구로 이어지는 경우 多, 비현실적 고수익 강조, 기업 정보 불명확",보안뉴스 추석 금융사기 예방 기사(부업 아르바이트/리뷰알바 사기) 패턴 참고
466,1,스팸_사기,광고성스팸,불법대출광고,SMS,"[새희망대부] 정부지원 서민대출 사칭, 최대 1000만원. 문의 010-4961-3127","미등록 대부업 의심, '신용조회 없이' 문구, 무자격자 대상 고액 대출 미끼",신한카드 불법대출광고 유형 안내 페이지 패턴 참고
467,1,스팸_사기,광고성스팸,로또번호_추천광고,SMS,"🎉 [로또명당] 이번주 1등 당첨번호 무료공개! 지금까지 5회 연속 적중, 확인은 hxxp://로또명당-779.net/6613","확인 불가능한 당첨 이력 주장, 개인정보 입력 후 유료 결제로 유도하는 경우 많음",나무위키 스팸메일 문서의 로또번호 추천 사이트 광고 유형 참고
468,0,정상,정상,은행정상알림,SMS,"[카카오뱅크] 출금 490,000원 처리되었어요. 남은 잔액은 31만원",해당없음(정상 메시지),일상적으로 발생하는 정상 업무/생활 커뮤니케이션 예시(합성)
469,1,스팸_사기,악성_해킹시도,청첩장_부고장사칭_스미싱,SMS,소중한 분의 결혼식 소식을 전해드립니다. 모바일 부고장 링크: hxxp://mcard-invite-630.net/4074,"지인 사칭, 모바일 청첩장/부고장 클릭 유도 후 악성 앱 설치, 실제 지인 확인 불가",cashnote 스미싱 총정리(모바일청첩장 클릭 후 대출 피해) 패턴 참고
470,1,스팸_사기,악성_해킹시도,택배사칭_스미싱,SMS,[쿠팡물류센터] 송장번호(1216857816) 결제 정보 확인이 필요합니다. 확인: hxxp://쿠팡물류센터-354.top/2377,"실제 주문내역 없음, 단축/변형 URL, 클릭 시 악성 앱 설치 유도",이스트시큐리티 알약 블로그·cashnote 스미싱 총정리 패턴 참고
471,1,스팸_사기,악성_해킹시도,청첩장_부고장사칭_스미싱,SMS,[초대장 도착] 장례식 청첩장를 보내드립니다. hxxp://mcard-invite-883.top/１５０６에서 열어보세요,"지인 사칭, 모바일 청첩장/부고장 클릭 유도 후 악성 앱 설치, 실제 지인 확인 불가",cashnote 스미싱 총정리(모바일청첩장 클릭 후 대출 피해) 패턴 참고
472,0,정상,정상,학교공지,SMS,겨울방학 안내: 방학식은 이번 달 마지막 주 금요일입니다.,해당없음(정상 메시지),일상적으로 발생하는 정상 업무/생활 커뮤니케이션 예시(합성)
474,1,스팸_사기,악성_해킹시도,청첩장_부고장사칭_스미싱,SMS,OOO님의 결혼식에 초대합니다. 모바일 부고장 화긴하기 hxxp://mcard-invite-271.xyz/6144,"지인 사칭, 모바일 청첩장/부고장 클릭 유도 후 악성 앱 설치, 실제 지인 확인 불가",cashnote 스미싱 총정리(모바일청첩장 클릭 후 대출 피해) 패턴 참고
475,1,스팸_사기,사기_투자로맨스,투자리딩방,SMS,"[마스터리딩방] 글로벌인베스트 마스터 리딩방입니다. 전문가가 직접 매수/매도 신호를 드리며, 이번 주 수익률 500% 인증 종목 공개! 지금 무료 입장하새요.","비공식 오픈채팅방 운영, 비현실적 수익률 인증 캡처, 이후 유료방/투자앱 설치 유도",보안뉴스 추석 금융사기 예방 기사(투자리딩방 피해 규모) 패턴 참고
476,0,정상,정상,은행정상알림,SMS,"[하나은행] 체크카드 490,000원 승인. 가맹점: 쿠팡",해당없음(정상 메시지),일상적으로 발생하는 정상 업무/생활 커뮤니케이션 예시(합성)
477,1,스팸_사기,가짜채용,통장대여_이체알바,SMS,"[재택알바] 본인 명의 계좌만 빌려주시면 건당 １０만원, 이체 심부름 알바 구합니다. 텔레그램으로 연랔주세요 @job653 ✅","통장 대여는 전자금융거래법 위반, 텔레그램 등 익명 메신저로만 소통, 실제로는 보이스피싱 자금 세탁에 이용",kbthink 이체알바 사기 안내(통장 대여 시 처벌 규정) 패턴 참고
479,1,스팸_사기,광고성스팸,로또번호_추천광고,SMS,"[복권천재] 이번주 １등 당첨번호 무료공개! 지금까지 2회 연속 적중, 화긴은 hxxp://복권천재-164.kr/4369 📢","확인 불가능한 당첨 이력 주장, 개인정보 입력 후 유료 결제로 유도하는 경우 많음",나무위키 스팸메일 문서의 로또번호 추천 사이트 광고 유형 참고
480,1,스팸_사기,사기_보이스피싱,택배부재중_ARS사칭,SMS,(ARS) 수취인 부재로 우편물이 반송될 예정입니다. 자세한 사항은 5번을 눌러 상담원과 연결하세요. ⚠️,우편물/택배 사칭 ARS로 상담원 연결 유도 후 개인정보·금융정보 요구,banksalad 법원등기 보이스피싱 안내 페이지 패턴 참고
481,0,정상,정상,은행정상알림,SMS,"[카카오뱅크] 1일 자동이체 20,000원 출금 예정이오니 참고 바랍니다",해당없음(정상 메시지),일상적으로 발생하는 정상 업무/생활 커뮤니케이션 예시(합성)
483,0,정상,정상,은행정상알림,SMS,"[토스뱅크] 430,000원 출금 완료, 잔액 320만원 확인하세요",해당없음(정상 메시지),일상적으로 발생하는 정상 업무/생활 커뮤니케이션 예시(합성)
484,1,스팸_사기,사기_투자로맨스,가짜투자앱유도,SMS,"[VIP리딩방] 소액 30만원부터 체험 가능, 수익 인증샷 보내드릴게요! 설치: hxxp://invest-vip-app-784.kr/4392","공식 앱스토어가 아닌 링크로 앱 설치 유도, 초기 소액 출금으로 신뢰 형성 후 거액 유도",일반적 리딩방-가짜거래소 연계 사기 패턴 참고
485,1,스팸_사기,악성_해킹시도,택배사칭_스미싱,SMS,[우체국택배] 송장번호(5583565388) 관세 미납으로 통관이 보류되었습니다. 확인: hxxp://우체국택배-929.com/1196,"실제 주문내역 없음, 단축/변형 URL, 클릭 시 악성 앱 설치 유도",이스트시큐리티 알약 블로그·cashnote 스미싱 총정리 패턴 참고
486,1,스팸_사기,광고성스팸,불법대출광고,SMS,"[행운대부] 서류 없이 전화상담만으로 심사, 최대 1500만원. 뮨의 010-1369-8564","미등록 대부업 의심, '신용조회 없이' 문구, 무자격자 대상 고액 대출 미끼",신한카드 불법대출광고 유형 안내 페이지 패턴 참고
487,1,스팸_사기,가짜채용,재택부업_리뷰알바사기,SMS,"✅ 재택으로 상품 리뷰만 작성하면 건당 12,000원! 하루 30분 투자로 월 200만원 가능합니다. 지금 카톡 문의 @easymoney_job","선입금(상품구매 대금 선결제) 요구로 이어지는 경우 多, 비현실적 고수익 강조, 기업 정보 불명확",보안뉴스 추석 금융사기 예방 기사(부업 아르바이트/리뷰알바 사기) 패턴 참고
488,1,스팸_사기,광고성스팸,로또번호_추천광고,SMS,"[1등예측단] 이번주 1등 당첨번호 무료공개! 지금까지 4회 연속 적중, 확인은 hxxp://1등예측단-901.net/9253 📢","확인 불가능한 당첨 이력 주장, 개인정보 입력 후 유료 결제로 유도하는 경우 많음",나무위키 스팸메일 문서의 로또번호 추천 사이트 광고 유형 참고
489,0,정상,정상,은행정상알림,SMS,"[하나은행] 체크카드 140,000원 사용, 현재 잔액 977만원입니다",해당없음(정상 메시지),일상적으로 발생하는 정상 업무/생활 커뮤니케이션 예시(합성)
490,1,스팸_사기,광고성스팸,로또번호_추천광고,SMS,"📢 [로또명당] 이번주 1등 당첨번호 무료공개! 지금까지 2회 연속 적중, 확인은 hxxp://로또명당-162.xyz/2305","확인 불가능한 당첨 이력 주장, 개인정보 입력 후 유료 결제로 유도하는 경우 많음",나무위키 스팸메일 문서의 로또번호 추천 사이트 광고 유형 참고
491,1,스팸_사기,광고성스팸,로또번호_추천광고,SMS,"[로또마스터] 이번주 l등 당첨번호 무료공개! 지금까지 4회 연속 적중, 확인은 hxxp://로또마스터-928.xyz/5350","확인 불가능한 당첨 이력 주장, 개인정보 입력 후 유료 결제로 유도하는 경우 많음",나무위키 스팸메일 문서의 로또번호 추천 사이트 광고 유형 참고
492,1,스팸_사기,광고성스팸,불법도박광고,SMS,"[로얄카지노] 가입머니 5만원 즉시지급! 신규가입시 최대 200만원 지급, 지금 바로 가입 hxxp://로얄카지노-777.com/7745","080 수신거부 번호 없음, 단축/변형 URL, 미신고 도박사이트, 고액 지급 미끼",방통위·KISA 문자스팸 통계(도박 유형 약 40%) 패턴 참고
493,0,정상,정상,은행정상알림,SMS,"[토스뱅크] 고객님 계좌에서 150,000원이 출금되었습니다 (잔액 897만원)",해당없음(정상 메시지),일상적으로 발생하는 정상 업무/생활 커뮤니케이션 예시(합성)
494,0,정상,정상,은행정상알림,SMS,"[국민은행] 체크카드 10,000원 승인. 가맹점: 쿠팡",해당없음(정상 메시지),일상적으로 발생하는 정상 업무/생활 커뮤니케이션 예시(합성)
495,1,스팸_사기,광고성스팸,불법도박광고,SMS,"[슈퍼토토] 가입머니 5만원 즉시지급! 신규가입시 최대 200만원 지급, 지금 바로 가입 hxxp://슈퍼토토-518.top/8289 🎉","080 수신거부 번호 없음, 단축/변형 URL, 미신고 도박사이트, 고액 지급 미끼",방통위·KISA 문자스팸 통계(도박 유형 약 40%) 패턴 참고
497,1,스팸_사기,광고성스팸,불법도박광고,SMS,"[코리아벳] 첫충 200% 이벤트! 신규가입시 최대 50만원 지급, 지금 바로 가입 hxxp://코리아벳-371.kr/1648","080 수신거부 번호 없음, 단축/변형 URL, 미신고 도박사이트, 고액 지급 미끼",방통위·KISA 문자스팸 통계(도박 유형 약 40%) 패턴 참고
498,1,스팸_사기,광고성스팸,로또번호_추천광고,SMS,"[로또마스터] 회원님만을 위한 특별 당첨번호, 지금 확인하세요 hxxp://로또마스터-664.xyz/1022","확인 불가능한 당첨 이력 주장, 개인정보 입력 후 유료 결제로 유도하는 경우 많음",나무위키 스팸메일 문서의 로또번호 추천 사이트 광고 유형 참고
499,1,스팸_사기,사기_보이스피싱,소액결제사칭,SMS,"[승인알림] 556,000원 결제가 완료되었습니다. 본인이 아니라면 고객센터로 문의하세요 l588-9526","허위 소액결제 문자로 불안감 조성 후 사기범이 안내하는 번호로 유도, 실제 결제 내역 없음",보안뉴스 경찰청 보이스피싱 사례(허위 소액결제 문자 유형) 패턴 참고
500,0,정상,정상,은행정상알림,SMS,"[하나은행] 210,000원이 정상 출금되었어요. 잔액은 513만원입니다",해당없음(정상 메시지),일상적으로 발생하는 정상 업무/생활 커뮤니케이션 예시(합성)
501,1,스팸_사기,광고성스팸,로또번호_추천광고,SMS,"📢 [로또마스터] 이번주 1등 당첨번호 무료공개! 지금까지 5회 연속 적중, 확인은 hxxp://로또마스터-720.top/2939","확인 불가능한 당첨 이력 주장, 개인정보 입력 후 유료 결제로 유도하는 경우 많음",나무위키 스팸메일 문서의 로또번호 추천 사이트 광고 유형 참고
502,1,스팸_사기,광고성스팸,로또번호_추천광고,SMS,"[행운의숫자] 놀라운 적중률! 2회 연속 성공, 이번주도 무료공개 hxxp://행운의숫자-459.top/8234","확인 불가능한 당첨 이력 주장, 개인정보 입력 후 유료 결제로 유도하는 경우 많음",나무위키 스팸메일 문서의 로또번호 추천 사이트 광고 유형 참고
503,1,스팸_사기,악성_해킹시도,카드발급사칭_스미싱,SMS,🚨 고객님 명의로 신한카드가 신규 발급 신청되었습니다. 본인이 아니라면 즉시 확인 hxxp://card-verify-kr-102.xyz/９９２５,"신청한 적 없는 카드 발급 안내, 확인을 명목으로 악성 링크 클릭 유도",KB Think 스미싱 대처법 페이지(신청한 적 없는 카드 스미싱) 패턴 참고
504,1,스팸_사기,사기_투자로맨스,가짜투자앱유도,SMS,"[VIP리딩방] 오늘 가입자 한정 혜택! 50만원으로 시작, 설치링크 hxxp://invest-vip-app-688.xyz/45OO","공식 앱스토어가 아닌 링크로 앱 설치 유도, 초기 소액 출금으로 신뢰 형성 후 거액 유도",일반적 리딩방-가짜거래소 연계 사기 패턴 참고
505,0,정상,정상,학교공지,SMS,[OO초등학교] 7월 24일부터 학부모 상담주간이 시작됩니다. 알림장 앱에서 신청해주세요,해당없음(정상 메시지),일상적으로 발생하는 정상 업무/생활 커뮤니케이션 예시(합성)
506,1,스팸_사기,광고성스팸,로또번호_추천광고,SMS,"[1등예측단] 이번주 1등 당첨번호 무료공개! 지금까지 2회 연속 적중, 화긴은 hxxp://1등예측단-905.net/7236","확인 불가능한 당첨 이력 주장, 개인정보 입력 후 유료 결제로 유도하는 경우 많음",나무위키 스팸메일 문서의 로또번호 추천 사이트 광고 유형 참고
507,0,정상,정상,은행정상알림,SMS,"[신한은행] 460,000원이 정상 출금되었어요. 잔액은 703만원입니다",해당없음(정상 메시지),일상적으로 발생하는 정상 업무/생활 커뮤니케이션 예시(합성)
508,1,스팸_사기,광고성스팸,로또번호_추천광고,SMS,"[로또명당] 놀라운 적중률! 3회 연속 성공, 이번주도 무료공개 hxxp://로또명당-173.kr/5096","확인 불가능한 당첨 이력 주장, 개인정보 입력 후 유료 결제로 유도하는 경우 많음",나무위키 스팸메일 문서의 로또번호 추천 사이트 광고 유형 참고
510,1,스팸_사기,가짜채용,통장대여_이체알바,SMS,"[재택알바] 본인 명의 계좌만 빌려주시면 건당 １０만원, 이체 심부름 알바 구합니다. 텔레그램으로 연락주세요 @job671","통장 대여는 전자금융거래법 위반, 텔레그램 등 익명 메신저로만 소통, 실제로는 보이스피싱 자금 세탁에 이용",kbthink 이체알바 사기 안내(통장 대여 시 처벌 규정) 패턴 참고
511,0,정상,정상,은행정상알림,SMS,"[카카오뱅크] 체크카드 130,000원 승인. 가맹점: 올리브영",해당없음(정상 메시지),일상적으로 발생하는 정상 업무/생활 커뮤니케이션 예시(합성)
512,1,스팸_사기,사기_보이스피싱,택배부재중_ARS사칭,SMS,(ARS) 수취인 부재로 우편물이 반송될 예정입니다. 자세한 사항은 2번을 눌러 상담원과 연결하새요. ⚠️,우편물/택배 사칭 ARS로 상담원 연결 유도 후 개인정보·금융정보 요구,banksalad 법원등기 보이스피싱 안내 페이지 패턴 참고
514,0,정상,정상,은행정상알림,SMS,"[토스뱅크] 390,000원 출금 완료, 잔액 636만원 확인하세요",해당없음(정상 메시지),일상적으로 발생하는 정상 업무/생활 커뮤니케이션 예시(합성)
515,1,스팸_사기,악성_해킹시도,택배사칭_스미싱,SMS,[한진택배] 송장번호(5476ll62O6) 배송 지연으로 재배송 신청이 필요합니다. 확인: hxxp://한진택배-658.net/4236,"실제 주문내역 없음, 단축/변형 URL, 클릭 시 악성 앱 설치 유도",이스트시큐리티 알약 블로그·cashnote 스미싱 총정리 패턴 참고
516,1,스팸_사기,악성_해킹시도,청첩장_부고장사칭_스미싱,SMS,🔒 OOO님의 장례식에 초대합니다. 모바일 부고장 화긴하기 hxxp://mcard-invite-224.xyz/6330,"지인 사칭, 모바일 청첩장/부고장 클릭 유도 후 악성 앱 설치, 실제 지인 확인 불가",cashnote 스미싱 총정리(모바일청첩장 클릭 후 대출 피해) 패턴 참고
517,1,스팸_사기,사기_보이스피싱,소액결제사칭,SMS,"[승인알림] l38,OOO원 결제가 완료되었습니다. 본인이 아니라면 고객센터로 문의하세요 1588-2878","허위 소액결제 문자로 불안감 조성 후 사기범이 안내하는 번호로 유도, 실제 결제 내역 없음",보안뉴스 경찰청 보이스피싱 사례(허위 소액결제 문자 유형) 패턴 참고
518,0,정상,정상,은행정상알림,SMS,"[카카오뱅크] 체크카드 420,000원 승인. 가맹점: 올리브영",해당없음(정상 메시지),일상적으로 발생하는 정상 업무/생활 커뮤니케이션 예시(합성)
519,1,스팸_사기,가짜채용,통장대여_이체알바,SMS,"[재택알바] 본인 명의 계좌만 빌려주시면 건당 lO만원, 이체 심부름 알바 구합니다. 텔레그램으로 연락주세요 @job194","통장 대여는 전자금융거래법 위반, 텔레그램 등 익명 메신저로만 소통, 실제로는 보이스피싱 자금 세탁에 이용",kbthink 이체알바 사기 안내(통장 대여 시 처벌 규정) 패턴 참고
520,1,스팸_사기,악성_해킹시도,택배사칭_스미싱,SMS,🚨 [경동택배] 송장번호(2232350701) 주소 불일치로 물품 보관 중입니다. 확인: hxxp://경동택배-909.kr/6008,"실제 주문내역 없음, 단축/변형 URL, 클릭 시 악성 앱 설치 유도",이스트시큐리티 알약 블로그·cashnote 스미싱 총정리 패턴 참고
521,1,스팸_사기,가짜채용,현금수거책_고액알바,SMS,단순 심부름 업무로 일당 60만원 드립니다. 대구 인근 지정 장소에서 현금이 든 쇼핑백을 수거해 전달만 하시면 됩니다. 경력/면접 없이 바로 시작 가능,"비대면 채용, 현금 운반이라는 비정상적 업무, 고액 일당 대비 매우 단순한 업무 내용",정책브리핑·잡플래닛 고액알바 위험성 안내 패턴 참고
522,0,정상,정상,정상택배안내,SMS,[롯데택배] 고객님의 상품이 배송 완료되었습니다. 송장번호: 413318892098,해당없음(정상 메시지),일상적으로 발생하는 정상 업무/생활 커뮤니케이션 예시(합성)
523,1,스팸_사기,가짜채용,재택부업_리뷰알바사기,SMS,"재택으로 상품 리뷰만 작성하면 건당 8,000원! 하루 30분 투자로 월 250만원 가눙합니다. 지금 카톡 문의 @homework_job","선입금(상품구매 대금 선결제) 요구로 이어지는 경우 多, 비현실적 고수익 강조, 기업 정보 불명확",보안뉴스 추석 금융사기 예방 기사(부업 아르바이트/리뷰알바 사기) 패턴 참고
524,0,정상,정상,은행정상알림,SMS,"[신한은행] 1일에 10,000원 자동이체가 예정되어 있습니다",해당없음(정상 메시지),일상적으로 발생하는 정상 업무/생활 커뮤니케이션 예시(합성)
527,0,정상,정상,은행정상알림,SMS,"[신한은행] 다가오는 9일, 370,000원이 자동으로 이체됩니다",해당없음(정상 메시지),일상적으로 발생하는 정상 업무/생활 커뮤니케이션 예시(합성)
528,1,스팸_사기,악성_해킹시도,청첩장_부고장사칭_스미싱,SMS,OOO님의 결혼식에 초대합니다. 모바일 부고장 확인하기 hxxp://mcard-invite-674.xyz/1085,"지인 사칭, 모바일 청첩장/부고장 클릭 유도 후 악성 앱 설치, 실제 지인 확인 불가",cashnote 스미싱 총정리(모바일청첩장 클릭 후 대출 피해) 패턴 참고
529,0,정상,정상,정상택배안내,SMS,[롯데택배] 부재중으로 경비실에 보관중입니다. 자세한 내용은 공식 앱에서 확인하세요.,해당없음(정상 메시지),일상적으로 발생하는 정상 업무/생활 커뮤니케이션 예시(합성)
530,1,스팸_사기,악성_해킹시도,택배사칭_스미싱,SMS,[우체국택배] 송장번호(9575068150) 주소 불일치로 물품 보관 중입니다. 확인: hxxp://우체국택배-307.top/6499,"실제 주문내역 없음, 단축/변형 URL, 클릭 시 악성 앱 설치 유도",이스트시큐리티 알약 블로그·cashnote 스미싱 총정리 패턴 참고
531,1,스팸_사기,사기_보이스피싱,소액결제사칭,SMS,[승인알림] 627천원 결제가 완료되었습니다. 본인이 아니라면 고객센터로 문의하세요 1588-3532,"허위 소액결제 문자로 불안감 조성 후 사기범이 안내하는 번호로 유도, 실제 결제 내역 없음",보안뉴스 경찰청 보이스피싱 사례(허위 소액결제 문자 유형) 패턴 참고
532,1,스팸_사기,광고성스팸,로또번호_추천광고,SMS,"🔥 [1등예측단] 이번주 1등 당첨번호 무료공개! 지금까지 4회 연속 적중, 확인은 hxxp://1등예측단-940.com/7895","확인 불가능한 당첨 이력 주장, 개인정보 입력 후 유료 결제로 유도하는 경우 많음",나무위키 스팸메일 문서의 로또번호 추천 사이트 광고 유형 참고
533,1,스팸_사기,광고성스팸,불법도박광고,SMS,"[대박토토] 신규회원 콤프 지급! 신규가입시 최대 200만원 지급, 지금 바로 가입 hxxp://대박토토-768.top/l423","080 수신거부 번호 없음, 단축/변형 URL, 미신고 도박사이트, 고액 지급 미끼",방통위·KISA 문자스팸 통계(도박 유형 약 40%) 패턴 참고
534,0,정상,정상,은행정상알림,SMS,"[토스뱅크] 체크카드 200,000원 승인. 가맹점: 29CM",해당없음(정상 메시지),일상적으로 발생하는 정상 업무/생활 커뮤니케이션 예시(합성)
535,0,정상,정상,은행정상알림,SMS,"[국민은행] 체크카드 410,000원 사용, 현재 잔액 525만원입니다",해당없음(정상 메시지),일상적으로 발생하는 정상 업무/생활 커뮤니케이션 예시(합성)
536,1,스팸_사기,가짜채용,재택부업_리뷰알바사기,SMS,"재택으로 상품 리뷰만 작성하면 건당 25,000원! 하루 30분 투자로 월 １５０만원 가능합니다. 지금 카톡 문의 @homework_job 📋","선입금(상품구매 대금 선결제) 요구로 이어지는 경우 多, 비현실적 고수익 강조, 기업 정보 불명확",보안뉴스 추석 금융사기 예방 기사(부업 아르바이트/리뷰알바 사기) 패턴 참고
537,0,정상,정상,은행정상알림,SMS,"[국민은행] 400,000원이 정상 출금되었어요. 잔액은 895만원입니다",해당없음(정상 메시지),일상적으로 발생하는 정상 업무/생활 커뮤니케이션 예시(합성)
538,0,정상,정상,은행정상알림,SMS,"[신한은행] 정기 자동이체 안내 - 19일 380,000원 출금될 예정이에요",해당없음(정상 메시지),일상적으로 발생하는 정상 업무/생활 커뮤니케이션 예시(합성)
539,1,스팸_사기,사기_투자로맨스,투자리딩방,SMS,"[마스터리딩방] 블록체인마스터스 마스터 리딩방입니다. 전문가가 직접 매수/매도 신호를 드리며, 이번 주 수익률 9OO% 인증 종목 공개! 지금 무료 입장하세요.","비공식 오픈채팅방 운영, 비현실적 수익률 인증 캡처, 이후 유료방/투자앱 설치 유도",보안뉴스 추석 금융사기 예방 기사(투자리딩방 피해 규모) 패턴 참고
540,1,스팸_사기,사기_보이스피싱,가족지인사칭_메신저피싱,SMS,오빠 나 기기변경 중이라 임시폰이라 임시폰이야. 확인할 결제내역이 있는데 대신 좀 해줄 수 있어? 신분증이랑 계좌번호도 같이 보내줘,"휴대폰 파손/분실을 핑계로 낯선 번호 사용 설명, 신분증·계좌정보 요구, 화상통화 등 본인확인 회피",banksalad·kbthink 가족사칭 메신저피싱 사례 패턴 참고
541,1,스팸_사기,가짜채용,통장대여_이체알바,SMS,"[재택알바] 본인 명의 계좌만 빌려주시면 건당 5만원, 이체 심부름 알바 구합니다. 텔레그램으로 연락주세요 @job961 ✅","통장 대여는 전자금융거래법 위반, 텔레그램 등 익명 메신저로만 소통, 실제로는 보이스피싱 자금 세탁에 이용",kbthink 이체알바 사기 안내(통장 대여 시 처벌 규정) 패턴 참고
544,1,스팸_사기,가짜채용,통장대여_이체알바,SMS,"📋 [재택알바] 본인 명의 계좌만 빌려주시면 건당 8만원, 이체 심부름 알바 구합니다. 텔레그램으로 연락주세요 @job147","통장 대여는 전자금융거래법 위반, 텔레그램 등 익명 메신저로만 소통, 실제로는 보이스피싱 자금 세탁에 이용",kbthink 이체알바 사기 안내(통장 대여 시 처벌 규정) 패턴 참고
545,1,스팸_사기,광고성스팸,불법대출광고,SMS,"📢 [믿음저축] 정부지원 서민대출 사칭, 최대 3000만원. 뮨의 010-2294-9386","미등록 대부업 의심, '신용조회 없이' 문구, 무자격자 대상 고액 대출 미끼",신한카드 불법대출광고 유형 안내 페이지 패턴 참고
546,0,정상,정상,은행정상알림,SMS,"[신한은행] 자동이체 예정 안내: 24일 120,000원 출금 예정입니다.",해당없음(정상 메시지),일상적으로 발생하는 정상 업무/생활 커뮤니케이션 예시(합성)
547,1,스팸_사기,사기_보이스피싱,가족지인사칭_메신저피싱,SMS,이모 나 폰을 수리 맡겨서 임시폰이야. 확인할 결제내역이 있는데 대신 좀 해줄 수 있어? 신분증이랑 계좌번호도 같이 보내줘,"휴대폰 파손/분실을 핑계로 낯선 번호 사용 설명, 신분증·계좌정보 요구, 화상통화 등 본인확인 회피",banksalad·kbthink 가족사칭 메신저피싱 사례 패턴 참고
550,0,정상,정상,은행정상알림,SMS,"[카카오뱅크] 다가오는 18일, 90,000원이 자동으로 이체됩니다",해당없음(정상 메시지),일상적으로 발생하는 정상 업무/생활 커뮤니케이션 예시(합성)
551,1,스팸_사기,광고성스팸,불법도박광고,SMS,"[챔피언벳] 루징 캐시백 10%! 신규가입시 최대 150만원 지급, 지금 바로 가입 hxxp://챔피언벳-952.net/3015","080 수신거부 번호 없음, 단축/변형 URL, 미신고 도박사이트, 고액 지급 미끼",방통위·KISA 문자스팸 통계(도박 유형 약 40%) 패턴 참고
552,1,스팸_사기,악성_해킹시도,택배사칭_스미싱,SMS,[롯데택배] 송장번호(8972093588) 배송 지연으로 재배송 신청이 필요합니다. 확인: hxxp://롯데택배-523.kr/4431,"실제 주문내역 없음, 단축/변형 URL, 클릭 시 악성 앱 설치 유도",이스트시큐리티 알약 블로그·cashnote 스미싱 총정리 패턴 참고
554,1,스팸_사기,악성_해킹시도,택배사칭_스미싱,SMS,[한진택배] 송장번호(2654430845) 결제 정보 확인이 필요합니다. 확인: hxxp://한진택배-480.kr/3185,"실제 주문내역 없음, 단축/변형 URL, 클릭 시 악성 앱 설치 유도",이스트시큐리티 알약 블로그·cashnote 스미싱 총정리 패턴 참고
555,1,스팸_사기,광고성스팸,로또번호_추천광고,SMS,"📢 [복권천재] 이번주 1등 당첨번호 무료공개! 지금까지 4회 연속 적중, 확인은 hxxp://복권천재-164.top/6397","확인 불가능한 당첨 이력 주장, 개인정보 입력 후 유료 결제로 유도하는 경우 많음",나무위키 스팸메일 문서의 로또번호 추천 사이트 광고 유형 참고
556,1,스팸_사기,악성_해킹시도,청첩장_부고장사칭_스미싱,SMS,[초대장 도착] 결혼식 부고장를 보내드립니다. hxxp://mcard-invite-288.net/9303에서 열어보세요,"지인 사칭, 모바일 청첩장/부고장 클릭 유도 후 악성 앱 설치, 실제 지인 확인 불가",cashnote 스미싱 총정리(모바일청첩장 클릭 후 대출 피해) 패턴 참고
557,1,스팸_사기,광고성스팸,불법도박광고,SMS,"[빅토리벳] 신규회원 콤프 지급! 신규가입시 최대 50만원 지급, 지금 바로 가입 hxxp://빅토리벳-775.com/2082","080 수신거부 번호 없음, 단축/변형 URL, 미신고 도박사이트, 고액 지급 미끼",방통위·KISA 문자스팸 통계(도박 유형 약 40%) 패턴 참고
558,0,정상,정상,은행정상알림,SMS,"[국민은행] 이체 120,000원 출금 처리완료. 잔액 162만원 남았습니다",해당없음(정상 메시지),일상적으로 발생하는 정상 업무/생활 커뮤니케이션 예시(합성)
559,1,스팸_사기,광고성스팸,불법대출광고,SMS,"🔥 [직장인우대론] 당일 즉시 입금, 최대 ５０００만원. 문의 010-5853-1375","미등록 대부업 의심, '신용조회 없이' 문구, 무자격자 대상 고액 대출 미끼",신한카드 불법대출광고 유형 안내 페이지 패턴 참고
560,0,정상,정상,은행정상알림,SMS,"[하나은행] 350,000원 출금되었습니다. 잔액 742만원",해당없음(정상 메시지),일상적으로 발생하는 정상 업무/생활 커뮤니케이션 예시(합성)
561,0,정상,정상,은행정상알림,SMS,"[신한은행] 출금 50,000원 처리되었어요. 남은 잔액은 297만원",해당없음(정상 메시지),일상적으로 발생하는 정상 업무/생활 커뮤니케이션 예시(합성)
562,0,정상,정상,은행정상알림,SMS,"[신한은행] 410,000원 출금 완료, 잔액 706만원 확인하세요",해당없음(정상 메시지),일상적으로 발생하는 정상 업무/생활 커뮤니케이션 예시(합성)
563,1,스팸_사기,가짜채용,재택부업_리뷰알바사기,SMS,"재택으로 상품 리뷰만 작성하면 건당 8,000원! 하루 30분 투자로 월 l5O만원 가능합니다. 지금 카톡 문의 @easymoney_job","선입금(상품구매 대금 선결제) 요구로 이어지는 경우 多, 비현실적 고수익 강조, 기업 정보 불명확",보안뉴스 추석 금융사기 예방 기사(부업 아르바이트/리뷰알바 사기) 패턴 참고
564,1,스팸_사기,사기_보이스피싱,소액결제사칭,SMS,"고객님의 카드에서 269,000원이 결제되었습니다. 이용하신 적 없다면 1588-4779으로 문의바랍니다","허위 소액결제 문자로 불안감 조성 후 사기범이 안내하는 번호로 유도, 실제 결제 내역 없음",보안뉴스 경찰청 보이스피싱 사례(허위 소액결제 문자 유형) 패턴 참고
565,0,정상,정상,은행정상알림,SMS,"[하나은행] 420,000원이 정상 출금되었어요. 잔액은 313만원입니다",해당없음(정상 메시지),일상적으로 발생하는 정상 업무/생활 커뮤니케이션 예시(합성)
566,1,스팸_사기,가짜채용,재택부업_리뷰알바사기,SMS,"📋 재택으로 상품 리뷰만 작성하면 건당 20,000원! 하루 30분 투자로 월 250만원 가능합니다. 지금 카톡 문의 @easymoney_job","선입금(상품구매 대금 선결제) 요구로 이어지는 경우 多, 비현실적 고수익 강조, 기업 정보 불명확",보안뉴스 추석 금융사기 예방 기사(부업 아르바이트/리뷰알바 사기) 패턴 참고
567,0,정상,정상,은행정상알림,SMS,"[하나은행] 7일에 190,000원 자동이체가 예정되어 있습니다",해당없음(정상 메시지),일상적으로 발생하는 정상 업무/생활 커뮤니케이션 예시(합성)
568,0,정상,정상,은행정상알림,SMS,"[카카오뱅크] 승인알림: 250,000원 결제(출금) 완료. 잔여 817만원",해당없음(정상 메시지),일상적으로 발생하는 정상 업무/생활 커뮤니케이션 예시(합성)
569,1,스팸_사기,광고성스팸,불법대출광고,SMS,"[행복저축은행(사칭)] 서류 없이 전화상담만으로 심사, 최대 5000만원. 문의 010-4622-2073","미등록 대부업 의심, '신용조회 없이' 문구, 무자격자 대상 고액 대출 미끼",신한카드 불법대출광고 유형 안내 페이지 패턴 참고
570,1,스팸_사기,악성_해킹시도,청첩장_부고장사칭_스미싱,SMS,OOO님의 장례식에 초대합니다. 모바일 부고장 화긴하기 hxxp://mcard-invite-275.top/9896,"지인 사칭, 모바일 청첩장/부고장 클릭 유도 후 악성 앱 설치, 실제 지인 확인 불가",cashnote 스미싱 총정리(모바일청첩장 클릭 후 대출 피해) 패턴 참고
572,1,스팸_사기,사기_보이스피싱,소액결제사칭,SMS,"[승인알림] 945,000원 결제가 완료되었습니다. 본인이 아니라면 고객센터로 문의하세요 l588-2162","허위 소액결제 문자로 불안감 조성 후 사기범이 안내하는 번호로 유도, 실제 결제 내역 없음",보안뉴스 경찰청 보이스피싱 사례(허위 소액결제 문자 유형) 패턴 참고
573,1,스팸_사기,가짜채용,현금수거책_고액알바,SMS,단순 심부름 업무로 일당 ４０만원 드립니다. 수원 인근 지정 장소에서 현금이 든 쇼핑백을 수거해 전달만 하시면 됩니다. 경력/면접 없이 바로 시작 가능,"비대면 채용, 현금 운반이라는 비정상적 업무, 고액 일당 대비 매우 단순한 업무 내용",정책브리핑·잡플래닛 고액알바 위험성 안내 패턴 참고
575,0,정상,정상,은행정상알림,SMS,"[국민은행] 정기 자동이체 안내 - 7일 400,000원 출금될 예정이에요",해당없음(정상 메시지),일상적으로 발생하는 정상 업무/생활 커뮤니케이션 예시(합성)
576,0,정상,정상,은행정상알림,SMS,"[토스뱅크] 26일 자동이체 440,000원 출금 예정이오니 참고 바랍니다",해당없음(정상 메시지),일상적으로 발생하는 정상 업무/생활 커뮤니케이션 예시(합성)
578,1,스팸_사기,사기_투자로맨스,가짜투자앱유도,SMS,[VIP리딩방] 검증된 리딩방입니다. 50만원부터 시작해서 수익 인증 보시고 판단하세요 hxxp://invest-vip-app-735.net/6398,"공식 앱스토어가 아닌 링크로 앱 설치 유도, 초기 소액 출금으로 신뢰 형성 후 거액 유도",일반적 리딩방-가짜거래소 연계 사기 패턴 참고
580,0,정상,정상,은행정상알림,SMS,"[하나은행] 자동납부 예정: 1일 450,000원, 잔액을 미리 확인해주세요",해당없음(정상 메시지),일상적으로 발생하는 정상 업무/생활 커뮤니케이션 예시(합성)
582,0,정상,정상,은행정상알림,SMS,"[국민은행] 10일에 40,000원 자동이체가 예정되어 있습니다",해당없음(정상 메시지),일상적으로 발생하는 정상 업무/생활 커뮤니케이션 예시(합성)
583,0,정상,정상,은행정상알림,SMS,"[우리은행] 체크카드 300,000원 승인. 가맹점: 쿠팡",해당없음(정상 메시지),일상적으로 발생하는 정상 업무/생활 커뮤니케이션 예시(합성)
585,1,스팸_사기,광고성스팸,불법대출광고,SMS,"[직장인우대론] 카드론 대환 특별상품, 최대 5000만원. 문의 010-7635-4336","미등록 대부업 의심, '신용조회 없이' 문구, 무자격자 대상 고액 대출 미끼",신한카드 불법대출광고 유형 안내 페이지 패턴 참고
586,1,스팸_사기,광고성스팸,로또번호_추천광고,SMS,[로또명당] 아직도 안 보셨어요? 1등 무료번호 공개중 hxxp://로또명당-269.top/２９３０,"확인 불가능한 당첨 이력 주장, 개인정보 입력 후 유료 결제로 유도하는 경우 많음",나무위키 스팸메일 문서의 로또번호 추천 사이트 광고 유형 참고
587,1,스팸_사기,광고성스팸,로또번호_추천광고,SMS,"🎉 [행운의숫자] 이번주 1등 당첨번호 무료공개! 지금까지 2회 연속 적중, 확인은 hxxp://행운의숫자-868.top/3517","확인 불가능한 당첨 이력 주장, 개인정보 입력 후 유료 결제로 유도하는 경우 많음",나무위키 스팸메일 문서의 로또번호 추천 사이트 광고 유형 참고
588,1,스팸_사기,악성_해킹시도,청첩장_부고장사칭_스미싱,SMS,[초대장 도착] 장례식 부고장를 보내드립니다. hxxp://mcard-invite-344.kr/6659에서 열어보세요,"지인 사칭, 모바일 청첩장/부고장 클릭 유도 후 악성 앱 설치, 실제 지인 확인 불가",cashnote 스미싱 총정리(모바일청첩장 클릭 후 대출 피해) 패턴 참고
589,1,스팸_사기,광고성스팸,로또번호_추천광고,SMS,"[복권천재] 이번주 1등 당첨번호 무료공개! 지금까지 5회 연속 적중, 화긴은 hxxp://복권천재-197.com/２８５０ 📢","확인 불가능한 당첨 이력 주장, 개인정보 입력 후 유료 결제로 유도하는 경우 많음",나무위키 스팸메일 문서의 로또번호 추천 사이트 광고 유형 참고
590,1,스팸_사기,광고성스팸,불법도박광고,SMS,"[로얄카지노] 첫충 200% 이벤트! 신규가입시 최대 100만원 지급, 지금 바로 가입 hxxp://로얄카지노-401.kr/6513","080 수신거부 번호 없음, 단축/변형 URL, 미신고 도박사이트, 고액 지급 미끼",방통위·KISA 문자스팸 통계(도박 유형 약 40%) 패턴 참고
591,0,정상,정상,지인문자,SMS,주말에 등산 가기로 한 거 몇 시에 만날까?,해당없음(정상 메시지),일상적으로 발생하는 정상 업무/생활 커뮤니케이션 예시(합성)
592,0,정상,정상,은행정상알림,SMS,"[우리은행] 승인알림: 60,000원 결제(출금) 완료. 잔여 168만원",해당없음(정상 메시지),일상적으로 발생하는 정상 업무/생활 커뮤니케이션 예시(합성)
593,1,스팸_사기,가짜채용,재택부업_리뷰알바사기,SMS,"📋 재택으로 상품 리뷰만 작성하면 건당 12,000원! 하루 30분 투자로 월 150만원 가능합니다. 지금 카톡 문의 @easymoney_job","선입금(상품구매 대금 선결제) 요구로 이어지는 경우 多, 비현실적 고수익 강조, 기업 정보 불명확",보안뉴스 추석 금융사기 예방 기사(부업 아르바이트/리뷰알바 사기) 패턴 참고
594,1,스팸_사기,사기_투자로맨스,가짜투자앱유도,SMS,"[VIP리딩방] 소액 50만원부터 체험 가능, 수익 인증샷 보내드릴게요! 설치: hxxp://invest-vip-app-348.com/7620","공식 앱스토어가 아닌 링크로 앱 설치 유도, 초기 소액 출금으로 신뢰 형성 후 거액 유도",일반적 리딩방-가짜거래소 연계 사기 패턴 참고
595,1,스팸_사기,사기_투자로맨스,가짜투자앱유도,SMS,"[VIP리딩방] 부담없이 10만원으로 테스트해보세요, 결과 보고 늘리셔도 돼요 hxxp://invest-vip-app-７９０.top/8362","공식 앱스토어가 아닌 링크로 앱 설치 유도, 초기 소액 출금으로 신뢰 형성 후 거액 유도",일반적 리딩방-가짜거래소 연계 사기 패턴 참고
596,1,스팸_사기,광고성스팸,불법대출광고,SMS,"[국민든든대부] 신용조회 없이 당일승인, 최대 500만원. 문의 010-3870-6820","미등록 대부업 의심, '신용조회 없이' 문구, 무자격자 대상 고액 대출 미끼",신한카드 불법대출광고 유형 안내 페이지 패턴 참고
597,1,스팸_사기,광고성스팸,로또번호_추천광고,SMS,"[로또마스터] 이번주 1등 당첨번호 무료공개! 지금까지 2회 연속 적중, 확인은 hxxp://로또마스터-250.com/7095","확인 불가능한 당첨 이력 주장, 개인정보 입력 후 유료 결제로 유도하는 경우 많음",나무위키 스팸메일 문서의 로또번호 추천 사이트 광고 유형 참고
599,0,정상,정상,은행정상알림,SMS,"[하나은행] 체크카드 80,000원 승인. 가맹점: 마켓컬리",해당없음(정상 메시지),일상적으로 발생하는 정상 업무/생활 커뮤니케이션 예시(합성)
600,0,정상,정상,은행정상알림,SMS,"[카카오뱅크] 정기 자동이체 안내 - 13일 400,000원 출금될 예정이에요",해당없음(정상 메시지),일상적으로 발생하는 정상 업무/생활 커뮤니케이션 예시(합성)
601,0,정상,정상,은행정상알림,SMS,"[카카오뱅크] 체크카드 330,000원 승인. 가맹점: 무신사",해당없음(정상 메시지),일상적으로 발생하는 정상 업무/생활 커뮤니케이션 예시(합성)
602,1,스팸_사기,광고성스팸,불법도박광고,SMS,"[대박토토] 첫충 200% 이벤트! 신규가입시 최대 50만원 지급, 지금 바로 가입 hxxp://대박토토-670.kr/8508","080 수신거부 번호 없음, 단축/변형 URL, 미신고 도박사이트, 고액 지급 미끼",방통위·KISA 문자스팸 통계(도박 유형 약 40%) 패턴 참고
603,1,스팸_사기,광고성스팸,로또번호_추천광고,SMS,"[1등예측단] 이번주 1등 당첨번호 무료공개! 지금까지 3회 연속 적중, 화긴은 hxxp://1등예측단-229.kr/8569","확인 불가능한 당첨 이력 주장, 개인정보 입력 후 유료 결제로 유도하는 경우 많음",나무위키 스팸메일 문서의 로또번호 추천 사이트 광고 유형 참고
604,1,스팸_사기,광고성스팸,불법대출광고,SMS,"[믿음저축] 신용조회 없이 당일승인, 최대 500만원. 문의 010-6191-6135","미등록 대부업 의심, '신용조회 없이' 문구, 무자격자 대상 고액 대출 미끼",신한카드 불법대출광고 유형 안내 페이지 패턴 참고
605,1,스팸_사기,광고성스팸,불법대출광고,SMS,"[국민든든대부] 정부지원 서민대출 사칭, 최대 2000만원. 문의 010-9619-7299 🎉","미등록 대부업 의심, '신용조회 없이' 문구, 무자격자 대상 고액 대출 미끼",신한카드 불법대출광고 유형 안내 페이지 패턴 참고
606,1,스팸_사기,악성_해킹시도,청첩장_부고장사칭_스미싱,SMS,[초대장 도착] 장례식 부고장를 보내드립니다. hxxp://mcard-invite-733.net/5967에서 열어보세요,"지인 사칭, 모바일 청첩장/부고장 클릭 유도 후 악성 앱 설치, 실제 지인 확인 불가",cashnote 스미싱 총정리(모바일청첩장 클릭 후 대출 피해) 패턴 참고
607,1,스팸_사기,사기_보이스피싱,소액결제사칭,SMS,"[승인알림] 43l,OOO원 결제가 완료되었습니다. 본인이 아니라면 고객센터로 문의하세요 1588-2813","허위 소액결제 문자로 불안감 조성 후 사기범이 안내하는 번호로 유도, 실제 결제 내역 없음",보안뉴스 경찰청 보이스피싱 사례(허위 소액결제 문자 유형) 패턴 참고
608,1,스팸_사기,광고성스팸,불법도박광고,SMS,"[대박토토] 첫충 200% 이벤트! 신규가입시 최대 50만원 지급, 지금 바로 가입 hxxp://대박토토-274.com/9035","080 수신거부 번호 없음, 단축/변형 URL, 미신고 도박사이트, 고액 지급 미끼",방통위·KISA 문자스팸 통계(도박 유형 약 40%) 패턴 참고
609,1,스팸_사기,악성_해킹시도,청첩장_부고장사칭_스미싱,SMS,[초대장 도착] 장례식 부고장를 보내드립니다. hxxp://mcard-invite-207.net/8929에서 열어보세요,"지인 사칭, 모바일 청첩장/부고장 클릭 유도 후 악성 앱 설치, 실제 지인 확인 불가",cashnote 스미싱 총정리(모바일청첩장 클릭 후 대출 피해) 패턴 참고
610,1,스팸_사기,광고성스팸,불법대출광고,SMS,"[행운대부] 카드론 대환 특별상품, 최대 1000만원. 문의 010-9135-3997","미등록 대부업 의심, '신용조회 없이' 문구, 무자격자 대상 고액 대출 미끼",신한카드 불법대출광고 유형 안내 페이지 패턴 참고
611,1,스팸_사기,광고성스팸,불법대출광고,SMS,"[케이캐시대부] 무직자,저신용자 환영, 최대 2000만원. 뮨의 ０１０-2393-9891 📢","미등록 대부업 의심, '신용조회 없이' 문구, 무자격자 대상 고액 대출 미끼",신한카드 불법대출광고 유형 안내 페이지 패턴 참고
612,1,스팸_사기,가짜채용,현금수거책_고액알바,SMS,단순 심부름 업무로 일당 80만원 드립니다. 부산 인근 지정 장소에서 현금이 든 쇼핑백을 수거해 전달만 하시면 됩니다. 경력/면접 없이 바로 시작 가능 ✅,"비대면 채용, 현금 운반이라는 비정상적 업무, 고액 일당 대비 매우 단순한 업무 내용",정책브리핑·잡플래닛 고액알바 위험성 안내 패턴 참고
613,1,스팸_사기,광고성스팸,불법대출광고,SMS,"🎉 [국민든든대부] 정부지원 서민대출 사칭, 최대 1500만원. 문의 010-7158-9555","미등록 대부업 의심, '신용조회 없이' 문구, 무자격자 대상 고액 대출 미끼",신한카드 불법대출광고 유형 안내 페이지 패턴 참고
614,1,스팸_사기,광고성스팸,로또번호_추천광고,SMS,[１등예측단] 2회 연속 적중 기록 보유! 이번주 번호도 놓치지 마세요 hxxp://1등예측단-121.com/1751,"확인 불가능한 당첨 이력 주장, 개인정보 입력 후 유료 결제로 유도하는 경우 많음",나무위키 스팸메일 문서의 로또번호 추천 사이트 광고 유형 참고
615,1,스팸_사기,광고성스팸,로또번호_추천광고,SMS,"[행운의숫자] 이번주 1등 당첨번호 무료공개! 지금까지 3회 연속 적중, 확인은 hxxp://행운의숫자-511.com/1664 🔥","확인 불가능한 당첨 이력 주장, 개인정보 입력 후 유료 결제로 유도하는 경우 많음",나무위키 스팸메일 문서의 로또번호 추천 사이트 광고 유형 참고
616,1,스팸_사기,악성_해킹시도,택배사칭_스미싱,SMS,[쿠팡물류센터] 송장번호(2430025790) 부재중으로 반송 예정입니다. 확인: hxxp://쿠팡물류센터-795.xyz/4087,"실제 주문내역 없음, 단축/변형 URL, 클릭 시 악성 앱 설치 유도",이스트시큐리티 알약 블로그·cashnote 스미싱 총정리 패턴 참고
617,1,스팸_사기,사기_투자로맨스,투자리딩방,SMS,"[마스터리딩방] 블록체인마스터스 마스터 리딩방입니다. 전문가가 직접 매수/매도 신호를 드리며, 이번 주 수익률 500% 인증 종목 공개! 지금 무료 입장하세요.","비공식 오픈채팅방 운영, 비현실적 수익률 인증 캡처, 이후 유료방/투자앱 설치 유도",보안뉴스 추석 금융사기 예방 기사(투자리딩방 피해 규모) 패턴 참고
618,1,스팸_사기,악성_해킹시도,택배사칭_스미싱,SMS,[쿠팡물류센터] 송장번호(8615637177) 배송 지연으로 재배송 신청이 필요합니다. 확인: hxxp://쿠팡물류센터-748.com/6370,"실제 주문내역 없음, 단축/변형 URL, 클릭 시 악성 앱 설치 유도",이스트시큐리티 알약 블로그·cashnote 스미싱 총정리 패턴 참고
619,1,스팸_사기,광고성스팸,불법도박광고,SMS,"[코리아벳] 신규회원 콤프 지급! 신규가입시 최대 200만원 지급, 지금 바로 가입 hxxp://코리아벳-519.net/4671","080 수신거부 번호 없음, 단축/변형 URL, 미신고 도박사이트, 고액 지급 미끼",방통위·KISA 문자스팸 통계(도박 유형 약 40%) 패턴 참고
620,1,스팸_사기,악성_해킹시도,택배사칭_스미싱,SMS,[CJ대한통운] 송장번호(5691836072) 주소 불일치로 물품 보관 중입니다. 확인: hxxp://cj대한통운-256.com/5946,"실제 주문내역 없음, 단축/변형 URL, 클릭 시 악성 앱 설치 유도",이스트시큐리티 알약 블로그·cashnote 스미싱 총정리 패턴 참고
621,0,정상,정상,은행정상알림,SMS,"[신한은행] 170,000원 출금 완료, 잔액 866만원 확인하세요",해당없음(정상 메시지),일상적으로 발생하는 정상 업무/생활 커뮤니케이션 예시(합성)
622,0,정상,정상,은행정상알림,SMS,"[카카오뱅크] 체크카드 340,000원 승인. 가맹점: 쿠팡",해당없음(정상 메시지),일상적으로 발생하는 정상 업무/생활 커뮤니케이션 예시(합성)
623,1,스팸_사기,광고성스팸,불법대출광고,SMS,"🎉 [새희망대부] 무직자,저신용자 환영, 최대 500만원. 문의 010-7966-8754","미등록 대부업 의심, '신용조회 없이' 문구, 무자격자 대상 고액 대출 미끼",신한카드 불법대출광고 유형 안내 페이지 패턴 참고
624,1,스팸_사기,광고성스팸,로또번호_추천광고,SMS,"[1등예측단] 이번주 l등 당첨번호 무료공개! 지금까지 3회 연속 적중, 확인은 hxxp://1등예측단-396.net/9193 🔥","확인 불가능한 당첨 이력 주장, 개인정보 입력 후 유료 결제로 유도하는 경우 많음",나무위키 스팸메일 문서의 로또번호 추천 사이트 광고 유형 참고
625,0,정상,정상,은행정상알림,SMS,"[국민은행] 이체 240,000원 출금 처리완료. 잔액 231만원 남았습니다",해당없음(정상 메시지),일상적으로 발생하는 정상 업무/생활 커뮤니케이션 예시(합성)
626,0,정상,정상,은행정상알림,SMS,"[국민은행] 정기 자동이체 안내 - 3일 150,000원 출금될 예정이에요",해당없음(정상 메시지),일상적으로 발생하는 정상 업무/생활 커뮤니케이션 예시(합성)
627,1,스팸_사기,사기_투자로맨스,가짜투자앱유도,SMS,[VIP리딩방] 검증된 리딩방입니다. 10만원부터 시작해서 수익 인증 보시고 판단하세요 hxxp://invest-vip-app-116.com/１８３３,"공식 앱스토어가 아닌 링크로 앱 설치 유도, 초기 소액 출금으로 신뢰 형성 후 거액 유도",일반적 리딩방-가짜거래소 연계 사기 패턴 참고
628,1,스팸_사기,사기_보이스피싱,택배부재중_ARS사칭,SMS,(ARS) 수취인 부재로 우편물이 반송될 예정입니다. 자세한 사항은 3번을 눌러 상담원과 연결하세요.,우편물/택배 사칭 ARS로 상담원 연결 유도 후 개인정보·금융정보 요구,banksalad 법원등기 보이스피싱 안내 페이지 패턴 참고
630,0,정상,정상,은행정상알림,SMS,"[국민은행] 310,000원이 정상 출금되었어요. 잔액은 408만원입니다",해당없음(정상 메시지),일상적으로 발생하는 정상 업무/생활 커뮤니케이션 예시(합성)
631,0,정상,정상,은행정상알림,SMS,"[카카오뱅크] 고객님 계좌에서 170,000원이 출금되었습니다 (잔액 139만원)",해당없음(정상 메시지),일상적으로 발생하는 정상 업무/생활 커뮤니케이션 예시(합성)
632,0,정상,정상,은행정상알림,SMS,"[토스뱅크] 340,000원 출금 완료, 잔액 570만원 확인하세요",해당없음(정상 메시지),일상적으로 발생하는 정상 업무/생활 커뮤니케이션 예시(합성)
633,1,스팸_사기,광고성스팸,불법대출광고,SMS,"[케이캐시대부] 신용조회 없이 당일승인, 최대 1500만원. 문의 010-1382-9474","미등록 대부업 의심, '신용조회 없이' 문구, 무자격자 대상 고액 대출 미끼",신한카드 불법대출광고 유형 안내 페이지 패턴 참고
634,1,스팸_사기,광고성스팸,불법도박광고,SMS,"[로얄카지노] 가입머니 5만원 즉시지급! 신규가입시 최대 200만원 지급, 지금 바로 가입 hxxp://로얄카지노-579.com/６９４６","080 수신거부 번호 없음, 단축/변형 URL, 미신고 도박사이트, 고액 지급 미끼",방통위·KISA 문자스팸 통계(도박 유형 약 40%) 패턴 참고
635,1,스팸_사기,광고성스팸,불법도박광고,SMS,"[슈퍼토토] 가입머니 5만원 즉시지급! 신규가입시 최대 100만원 지급, 지금 바로 가입 hxxp://슈퍼토토-213.kr/8340","080 수신거부 번호 없음, 단축/변형 URL, 미신고 도박사이트, 고액 지급 미끼",방통위·KISA 문자스팸 통계(도박 유형 약 40%) 패턴 참고
636,1,스팸_사기,광고성스팸,불법대출광고,SMS,"🎉 [스마일캐피탈] 당일 즉시 입금, 최대 5000만원. 문의 010-8188-8697","미등록 대부업 의심, '신용조회 없이' 문구, 무자격자 대상 고액 대출 미끼",신한카드 불법대출광고 유형 안내 페이지 패턴 참고
637,0,정상,정상,은행정상알림,SMS,"[카카오뱅크] 체크카드 260,000원 승인. 가맹점: 쿠팡",해당없음(정상 메시지),일상적으로 발생하는 정상 업무/생활 커뮤니케이션 예시(합성)
638,1,스팸_사기,악성_해킹시도,카드발급사칭_스미싱,SMS,고객님 명의로 우리카드가 신규 발급 신청되었습니다. 본인이 아니라면 즉시 확인 hxxp://card-verify-kr-350.com/9333 🚨,"신청한 적 없는 카드 발급 안내, 확인을 명목으로 악성 링크 클릭 유도",KB Think 스미싱 대처법 페이지(신청한 적 없는 카드 스미싱) 패턴 참고
639,1,스팸_사기,사기_보이스피싱,소액결제사칭,SMS,[승인알림] 176천원 결제가 완료되었습니다. 본인이 아니라면 고객센터로 문의하세요 1588-5545,"허위 소액결제 문자로 불안감 조성 후 사기범이 안내하는 번호로 유도, 실제 결제 내역 없음",보안뉴스 경찰청 보이스피싱 사례(허위 소액결제 문자 유형) 패턴 참고
640,1,스팸_사기,광고성스팸,불법도박광고,SMS,"[코리아벳] 첫충 200% 이벤트! 신규가입시 최대 １００만원 지급, 지금 바로 가입 hxxp://코리아벳-608.kr/9781","080 수신거부 번호 없음, 단축/변형 URL, 미신고 도박사이트, 고액 지급 미끼",방통위·KISA 문자스팸 통계(도박 유형 약 40%) 패턴 참고
642,0,정상,정상,은행정상알림,SMS,"[신한은행] 고객님 계좌에서 390,000원이 출금되었습니다 (잔액 82만원)",해당없음(정상 메시지),일상적으로 발생하는 정상 업무/생활 커뮤니케이션 예시(합성)
644,1,스팸_사기,가짜채용,재택부업_리뷰알바사기,SMS,"재택으로 상품 리뷰만 작성하면 건당 10,000원! 하루 30분 투자로 월 250만원 가눙합니다. 지금 카톡 문의 @easymoney_job","선입금(상품구매 대금 선결제) 요구로 이어지는 경우 多, 비현실적 고수익 강조, 기업 정보 불명확",보안뉴스 추석 금융사기 예방 기사(부업 아르바이트/리뷰알바 사기) 패턴 참고
645,1,스팸_사기,사기_투자로맨스,가짜투자앱유도,SMS,[VIP리딩방] 무료체험 자리 얼마 안 남았어요. 50만원 넣고 바로 확인해보세요 hxxp://invest-vip-app-691.kr/6280,"공식 앱스토어가 아닌 링크로 앱 설치 유도, 초기 소액 출금으로 신뢰 형성 후 거액 유도",일반적 리딩방-가짜거래소 연계 사기 패턴 참고
646,1,스팸_사기,악성_해킹시도,택배사칭_스미싱,SMS,[경동택배] 송장번호(6627130592) 배송 지연으로 재배송 신청이 필요합니다. 확인: hxxp://경동택배-307.net/7088,"실제 주문내역 없음, 단축/변형 URL, 클릭 시 악성 앱 설치 유도",이스트시큐리티 알약 블로그·cashnote 스미싱 총정리 패턴 참고
647,1,스팸_사기,악성_해킹시도,공공기관사칭_스미싱,SMS,[안내#24] 2026년 2월분 교통법규위반이 접수되었습니다. 확인: hxxp://traffic-24check-551.xyz/6297,"실제 정부기관은 개인 URL 링크로 벌금 안내를 하지 않음, 가짜 정부사이트 유도",cashnote 스미싱 총정리(경찰청교통민원24 사칭 유형) 패턴 참고
648,0,정상,정상,은행정상알림,SMS,"[우리은행] 12일 자동이체 470,000원 출금 예정이오니 참고 바랍니다",해당없음(정상 메시지),일상적으로 발생하는 정상 업무/생활 커뮤니케이션 예시(합성)
649,1,스팸_사기,광고성스팸,불법도박광고,SMS,"[대박토토] 루징 캐시백 10%! 신규가입시 최대 50만원 지급, 지금 바로 가입 hxxp://대박토토-117.kr/2155","080 수신거부 번호 없음, 단축/변형 URL, 미신고 도박사이트, 고액 지급 미끼",방통위·KISA 문자스팸 통계(도박 유형 약 40%) 패턴 참고
650,1,스팸_사기,광고성스팸,로또번호_추천광고,SMS,[행운의숫자] 5회 연속 적중 기록 보유! 이번주 번호도 놓치지 마세요 hxxp://행운의숫자-920.xyz/3946,"확인 불가능한 당첨 이력 주장, 개인정보 입력 후 유료 결제로 유도하는 경우 많음",나무위키 스팸메일 문서의 로또번호 추천 사이트 광고 유형 참고
651,1,스팸_사기,광고성스팸,로또번호_추천광고,SMS,"[복권천재] 이번주 1등 당첨번호 무료공개! 지금까지 5회 연속 적중, 확인은 hxxp://복권천재-903.xyz/1930","확인 불가능한 당첨 이력 주장, 개인정보 입력 후 유료 결제로 유도하는 경우 많음",나무위키 스팸메일 문서의 로또번호 추천 사이트 광고 유형 참고
652,0,정상,정상,은행정상알림,SMS,"[우리은행] 체크카드 360,000원 승인. 가맹점: 올리브영",해당없음(정상 메시지),일상적으로 발생하는 정상 업무/생활 커뮤니케이션 예시(합성)
653,1,스팸_사기,악성_해킹시도,택배사칭_스미싱,SMS,[한진택배] 송장번호(2318593950) 주소 불일치로 물품 보관 중입니다. 확인: hxxp://한진택배-358.com/2656,"실제 주문내역 없음, 단축/변형 URL, 클릭 시 악성 앱 설치 유도",이스트시큐리티 알약 블로그·cashnote 스미싱 총정리 패턴 참고
654,0,정상,정상,은행정상알림,SMS,"[하나은행] 이체 190,000원 출금 처리완료. 잔액 952만원 남았습니다",해당없음(정상 메시지),일상적으로 발생하는 정상 업무/생활 커뮤니케이션 예시(합성)
655,0,정상,정상,정상택배안내,SMS,[CJ대한통운] 고객님의 상품이 배송 완료되었습니다. 송장번호: 787698157793,해당없음(정상 메시지),일상적으로 발생하는 정상 업무/생활 커뮤니케이션 예시(합성)
656,0,정상,정상,은행정상알림,SMS,"[하나은행] 2일 자동이체 220,000원 출금 예정이오니 참고 바랍니다",해당없음(정상 메시지),일상적으로 발생하는 정상 업무/생활 커뮤니케이션 예시(합성)
657,1,스팸_사기,광고성스팸,로또번호_추천광고,SMS,"[1등예측단] 이번주 1등 당첨번호 무료공개! 지금까지 5회 연속 적중, 화긴은 hxxp://1등예측단-620.com/8832 📢","확인 불가능한 당첨 이력 주장, 개인정보 입력 후 유료 결제로 유도하는 경우 많음",나무위키 스팸메일 문서의 로또번호 추천 사이트 광고 유형 참고
658,1,스팸_사기,가짜채용,재택부업_리뷰알바사기,SMS,"📋 재택으로 상품 리뷰만 작성하면 건당 8,000원! 하루 30분 투자로 월 300만원 가능합니다. 지금 카톡 문의 @easymoney_job","선입금(상품구매 대금 선결제) 요구로 이어지는 경우 多, 비현실적 고수익 강조, 기업 정보 불명확",보안뉴스 추석 금융사기 예방 기사(부업 아르바이트/리뷰알바 사기) 패턴 참고
659,1,스팸_사기,사기_보이스피싱,소액결제사칭,SMS,[승인알림] 265천원 결제가 완료되었습니다. 본인이 아니라면 고객센터로 문의하세요 1588-5696,"허위 소액결제 문자로 불안감 조성 후 사기범이 안내하는 번호로 유도, 실제 결제 내역 없음",보안뉴스 경찰청 보이스피싱 사례(허위 소액결제 문자 유형) 패턴 참고
661,1,스팸_사기,광고성스팸,불법도박광고,SMS,"[메이저파크] 신규회원 콤프 지급! 신규가입시 최대 150만원 지급, 지금 바로 가입 hxxp://메이저파크-727.kr/2179","080 수신거부 번호 없음, 단축/변형 URL, 미신고 도박사이트, 고액 지급 미끼",방통위·KISA 문자스팸 통계(도박 유형 약 40%) 패턴 참고
662,0,정상,정상,은행정상알림,SMS,"[하나은행] 25일 자동이체 230,000원 출금 예정이오니 참고 바랍니다",해당없음(정상 메시지),일상적으로 발생하는 정상 업무/생활 커뮤니케이션 예시(합성)
663,0,정상,정상,은행정상알림,SMS,"[토스뱅크] 승인알림: 170,000원 결제(출금) 완료. 잔여 830만원",해당없음(정상 메시지),일상적으로 발생하는 정상 업무/생활 커뮤니케이션 예시(합성)
664,1,스팸_사기,가짜채용,통장대여_이체알바,SMS,"📋 [재택알바] 본인 명의 계좌만 빌려주시면 건당 10만원, 이체 심부름 알바 구합니다. 텔레그램으로 연랔주세요 @job６５６","통장 대여는 전자금융거래법 위반, 텔레그램 등 익명 메신저로만 소통, 실제로는 보이스피싱 자금 세탁에 이용",kbthink 이체알바 사기 안내(통장 대여 시 처벌 규정) 패턴 참고
665,1,스팸_사기,광고성스팸,불법대출광고,SMS,"[케이캐시대부] 신용조회 없이 당일승인, 최대 5000만원. 문의 ０１０-7479-8623","미등록 대부업 의심, '신용조회 없이' 문구, 무자격자 대상 고액 대출 미끼",신한카드 불법대출광고 유형 안내 페이지 패턴 참고
666,1,스팸_사기,사기_투자로맨스,가짜투자앱유도,SMS,🔥 [VIP리딩방] 제가 알려드린 전용 앱에 가입하시고 3O만원부터 넣어보세요. 첫 수익 나면 바로 출금 가능하니 걱정 마세요 :) 앱 설치: hxxp://invest-vip-app-470.top/8374,"공식 앱스토어가 아닌 링크로 앱 설치 유도, 초기 소액 출금으로 신뢰 형성 후 거액 유도",일반적 리딩방-가짜거래소 연계 사기 패턴 참고
667,1,스팸_사기,광고성스팸,불법도박광고,SMS,"[챔피언벳] 가입머니 5만원 즉시지급! 신규가입시 최대 100만원 지급, 지금 바로 가입 hxxp://챔피언벳-993.top/2180","080 수신거부 번호 없음, 단축/변형 URL, 미신고 도박사이트, 고액 지급 미끼",방통위·KISA 문자스팸 통계(도박 유형 약 40%) 패턴 참고
668,1,스팸_사기,사기_보이스피싱,소액결제사칭,SMS,"[승인알림] 345,000원 결제가 완료되었습니다. 본인이 아니라면 고객센터로 문의하세요 l588-1327","허위 소액결제 문자로 불안감 조성 후 사기범이 안내하는 번호로 유도, 실제 결제 내역 없음",보안뉴스 경찰청 보이스피싱 사례(허위 소액결제 문자 유형) 패턴 참고
669,1,스팸_사기,악성_해킹시도,택배사칭_스미싱,SMS,[로젠택배] 송장번호(2715599308) 주소 불일치로 물품 보관 중입니다. 확인: hxxp://로젠택배-769.net/4990,"실제 주문내역 없음, 단축/변형 URL, 클릭 시 악성 앱 설치 유도",이스트시큐리티 알약 블로그·cashnote 스미싱 총정리 패턴 참고
670,1,스팸_사기,광고성스팸,불법도박광고,SMS,"[대박토토] 첫충 200% 이벤트! 신규가입시 최대 100만원 지급, 지금 바로 가입 hxxp://대박토토-626.net/5025 📢","080 수신거부 번호 없음, 단축/변형 URL, 미신고 도박사이트, 고액 지급 미끼",방통위·KISA 문자스팸 통계(도박 유형 약 40%) 패턴 참고
671,1,스팸_사기,악성_해킹시도,카드발급사칭_스미싱,SMS,고객님 명의로 삼성카드가 신규 발급 신청되었습니다. 본인이 아니라면 즉시 확인 hxxp://card-verify-kr-555.kr/4073,"신청한 적 없는 카드 발급 안내, 확인을 명목으로 악성 링크 클릭 유도",KB Think 스미싱 대처법 페이지(신청한 적 없는 카드 스미싱) 패턴 참고
672,1,스팸_사기,광고성스팸,불법대출광고,SMS,"[빠른캐피탈] 무직자,저신용자 환영, 최대 3000만원. 문의 010-８３７６-9212","미등록 대부업 의심, '신용조회 없이' 문구, 무자격자 대상 고액 대출 미끼",신한카드 불법대출광고 유형 안내 페이지 패턴 참고
673,0,정상,정상,은행정상알림,SMS,"[신한은행] 320,000원 출금 완료, 잔액 724만원 확인하세요",해당없음(정상 메시지),일상적으로 발생하는 정상 업무/생활 커뮤니케이션 예시(합성)
674,1,스팸_사기,광고성스팸,불법도박광고,SMS,"[올인토토] 첫충 200% 이벤트! 신규가입시 최대 200만원 지급, 지금 바로 가입 hxxp://올인토토-342.xyz/5710","080 수신거부 번호 없음, 단축/변형 URL, 미신고 도박사이트, 고액 지급 미끼",방통위·KISA 문자스팸 통계(도박 유형 약 40%) 패턴 참고
675,0,정상,정상,은행정상알림,SMS,"[우리은행] 출금 450,000원 처리되었어요. 남은 잔액은 665만원",해당없음(정상 메시지),일상적으로 발생하는 정상 업무/생활 커뮤니케이션 예시(합성)
676,1,스팸_사기,광고성스팸,로또번호_추천광고,SMS,"[행운의숫자] 이번주 1등 당첨번호 무료공개! 지금까지 5회 연속 적중, 확인은 hxxp://행운의숫자-812.kr/7713","확인 불가능한 당첨 이력 주장, 개인정보 입력 후 유료 결제로 유도하는 경우 많음",나무위키 스팸메일 문서의 로또번호 추천 사이트 광고 유형 참고
678,1,스팸_사기,악성_해킹시도,청첩장_부고장사칭_스미싱,SMS,OOO님의 결혼식에 초대합니다. 모바일 부고장 확인하기 hxxp://mcard-invite-225.top/1956,"지인 사칭, 모바일 청첩장/부고장 클릭 유도 후 악성 앱 설치, 실제 지인 확인 불가",cashnote 스미싱 총정리(모바일청첩장 클릭 후 대출 피해) 패턴 참고
679,1,스팸_사기,가짜채용,통장대여_이체알바,SMS,"💼 [재택알바] 본인 명의 계좌만 빌려주시면 건당 5만원, 이체 심부름 알바 구합니다. 텔레그램으로 연락주세요 @job338","통장 대여는 전자금융거래법 위반, 텔레그램 등 익명 메신저로만 소통, 실제로는 보이스피싱 자금 세탁에 이용",kbthink 이체알바 사기 안내(통장 대여 시 처벌 규정) 패턴 참고
680,1,스팸_사기,사기_보이스피싱,검찰_금감원사칭,SMS,여기는 금융감독원입니다. 귀하의 명의로 대포통장이 개설되어 수사가 진행 중입니다. 자산보호를 위해 대출받은 5000만원을 안내하는 안전계좌로 즉시 이체하셔야 합니다.,"검찰·경찰·금감원은 안전계좌 이체를 요구하지 않음, 전화로 수사 고지 및 송금 요구",보안뉴스 경찰청 보이스피싱 최다피해유형 사례(기관사칭형) 패턴 참고
681,1,스팸_사기,악성_해킹시도,청첩장_부고장사칭_스미싱,SMS,장례식 안내드립니다. 참석 여부와 함께 부고장를 확인해주세요: hxxp://mcard-invite-572.com/67OO,"지인 사칭, 모바일 청첩장/부고장 클릭 유도 후 악성 앱 설치, 실제 지인 확인 불가",cashnote 스미싱 총정리(모바일청첩장 클릭 후 대출 피해) 패턴 참고
682,1,스팸_사기,악성_해킹시도,택배사칭_스미싱,SMS,[우체국택배] 송장번호(7070846808) 부재중으로 반송 예정입니다. 확인: hxxp://우체국택배-757.net/5642,"실제 주문내역 없음, 단축/변형 URL, 클릭 시 악성 앱 설치 유도",이스트시큐리티 알약 블로그·cashnote 스미싱 총정리 패턴 참고
683,0,정상,정상,정상택배안내,SMS,[우체국택배] 택배가 배송 완료되었어요. 송장번호: 248819905482,해당없음(정상 메시지),일상적으로 발생하는 정상 업무/생활 커뮤니케이션 예시(합성)
684,0,정상,정상,은행정상알림,SMS,"[하나은행] 체크카드 240,000원 승인. 가맹점: 마켓컬리",해당없음(정상 메시지),일상적으로 발생하는 정상 업무/생활 커뮤니케이션 예시(합성)
685,0,정상,정상,은행정상알림,SMS,"[신한은행] 정기 자동이체 안내 - 25일 60,000원 출금될 예정이에요",해당없음(정상 메시지),일상적으로 발생하는 정상 업무/생활 커뮤니케이션 예시(합성)
686,1,스팸_사기,악성_해킹시도,카드발급사칭_스미싱,SMS,고객님 명의로 현대카드가 신규 발급 신청되었슴니다. 본인이 아니라면 즉시 확인 hxxp://card-verify-kr-995.kr/6456 🚨,"신청한 적 없는 카드 발급 안내, 확인을 명목으로 악성 링크 클릭 유도",KB Think 스미싱 대처법 페이지(신청한 적 없는 카드 스미싱) 패턴 참고
687,0,정상,정상,은행정상알림,SMS,"[카카오뱅크] 다가오는 10일, 100,000원이 자동으로 이체됩니다",해당없음(정상 메시지),일상적으로 발생하는 정상 업무/생활 커뮤니케이션 예시(합성)
688,1,스팸_사기,악성_해킹시도,공공기관사칭_스미싱,SMS,[안내#24] 2024년 11월분 교통법규위반이 접수되었습니다. 확인: hxxp://traffic-24check-853.com/8396,"실제 정부기관은 개인 URL 링크로 벌금 안내를 하지 않음, 가짜 정부사이트 유도",cashnote 스미싱 총정리(경찰청교통민원24 사칭 유형) 패턴 참고
690,0,정상,정상,은행정상알림,SMS,"[카카오뱅크] 정기 자동이체 안내 - 23일 70,000원 출금될 예정이에요",해당없음(정상 메시지),일상적으로 발생하는 정상 업무/생활 커뮤니케이션 예시(합성)
691,0,정상,정상,은행정상알림,SMS,"[카카오뱅크] 21일 자동이체 250,000원 출금 예정이오니 참고 바랍니다",해당없음(정상 메시지),일상적으로 발생하는 정상 업무/생활 커뮤니케이션 예시(합성)
692,1,스팸_사기,가짜채용,통장대여_이체알바,SMS,"[재택알바] 본인 명의 계좌만 빌려주시면 건당 8만원, 이체 심부름 알바 구합니다. 텔레그램으로 연락주세요 @job531 📋","통장 대여는 전자금융거래법 위반, 텔레그램 등 익명 메신저로만 소통, 실제로는 보이스피싱 자금 세탁에 이용",kbthink 이체알바 사기 안내(통장 대여 시 처벌 규정) 패턴 참고
694,1,스팸_사기,가짜채용,통장대여_이체알바,SMS,"📋 [재택알바] 본인 명의 계좌만 빌려주시면 건당 10만원, 이체 심부름 알바 구합니다. 텔레그램으로 연랔주세요 @job174","통장 대여는 전자금융거래법 위반, 텔레그램 등 익명 메신저로만 소통, 실제로는 보이스피싱 자금 세탁에 이용",kbthink 이체알바 사기 안내(통장 대여 시 처벌 규정) 패턴 참고
695,0,정상,정상,은행정상알림,SMS,"[신한은행] 정기 자동이체 안내 - 10일 100,000원 출금될 예정이에요",해당없음(정상 메시지),일상적으로 발생하는 정상 업무/생활 커뮤니케이션 예시(합성)
696,1,스팸_사기,사기_보이스피싱,소액결제사칭,SMS,"[결제알림] 643,000원 승인 완료. 본인 사용이 아니면 아래 번호로 즉시 연락주세요 1588-","허위 소액결제 문자로 불안감 조성 후 사기범이 안내하는 번호로 유도, 실제 결제 내역 없음",보안뉴스 경찰청 보이스피싱 사례(허위 소액결제 문자 유형) 패턴 참고
697,1,스팸_사기,악성_해킹시도,택배사칭_스미싱,SMS,[한진택배] 송장번호(9446146758) 결제 정보 확인이 필요합니다. 확인: hxxp://한진택배-923.top/6577 🚨,"실제 주문내역 없음, 단축/변형 URL, 클릭 시 악성 앱 설치 유도",이스트시큐리티 알약 블로그·cashnote 스미싱 총정리 패턴 참고
698,1,스팸_사기,광고성스팸,불법도박광고,SMS,"[프리미엄카지노] 매충 30% 상시지급! 신규가입시 최대 200만원 지급, 지금 바로 가입 hxxp://프리미엄카지노-155.top/1387","080 수신거부 번호 없음, 단축/변형 URL, 미신고 도박사이트, 고액 지급 미끼",방통위·KISA 문자스팸 통계(도박 유형 약 40%) 패턴 참고
699,1,스팸_사기,악성_해킹시도,공공기관사칭_스미싱,SMS,귀하의 차량이 2025년 7월 교통법규를 위반한 것으로 확인됩니다. 통지서 조회: hxxp://traffic-24check-119.com/2603,"실제 정부기관은 개인 URL 링크로 벌금 안내를 하지 않음, 가짜 정부사이트 유도",cashnote 스미싱 총정리(경찰청교통민원24 사칭 유형) 패턴 참고
700,0,정상,정상,은행정상알림,SMS,"[우리은행] 체크카드 120,000원 승인. 가맹점: 쿠팡",해당없음(정상 메시지),일상적으로 발생하는 정상 업무/생활 커뮤니케이션 예시(합성)
701,1,스팸_사기,광고성스팸,불법대출광고,SMS,"[행복저축은행(사칭)] 무직자,저신용자 환영, 최대 1000만원. 문의 010-4148-6046 📢","미등록 대부업 의심, '신용조회 없이' 문구, 무자격자 대상 고액 대출 미끼",신한카드 불법대출광고 유형 안내 페이지 패턴 참고
702,1,스팸_사기,악성_해킹시도,택배사칭_스미싱,SMS,[우체국택배] 송장번호(1968417475) 주소 불일치로 물품 보관 중입니다. 확인: hxxp://우체국택배-459.xyz/6134,"실제 주문내역 없음, 단축/변형 URL, 클릭 시 악성 앱 설치 유도",이스트시큐리티 알약 블로그·cashnote 스미싱 총정리 패턴 참고
703,1,스팸_사기,광고성스팸,불법대출광고,SMS,"[믿음저축] 정부지원 서민대출 사칭, 최대 3000만원. 문의 010-2199-2934","미등록 대부업 의심, '신용조회 없이' 문구, 무자격자 대상 고액 대출 미끼",신한카드 불법대출광고 유형 안내 페이지 패턴 참고
704,0,정상,정상,정부기관공식안내,SMS,[행정안전부] 재난문자: 오늘 오후 강풍 예보가 있으니 외출 시 유의하시기 바랍니다.,해당없음(정상 메시지),일상적으로 발생하는 정상 업무/생활 커뮤니케이션 예시(합성)
705,1,스팸_사기,가짜채용,재택부업_리뷰알바사기,SMS,"재택으로 상품 리뷰만 작성하면 건당 8,000원! 하루 ３０분 투자로 월 300만원 가능합니다. 지금 카톡 문의 @review_job","선입금(상품구매 대금 선결제) 요구로 이어지는 경우 多, 비현실적 고수익 강조, 기업 정보 불명확",보안뉴스 추석 금융사기 예방 기사(부업 아르바이트/리뷰알바 사기) 패턴 참고
706,0,정상,정상,은행정상알림,SMS,"[토스뱅크] 고객님 계좌에서 140,000원이 출금되었습니다 (잔액 556만원)",해당없음(정상 메시지),일상적으로 발생하는 정상 업무/생활 커뮤니케이션 예시(합성)
707,1,스팸_사기,악성_해킹시도,카드발급사칭_스미싱,SMS,⚠️ 고객님 명의로 국민카드가 신규 발급 신청되었습니다. 본인이 아니라면 즉시 확인 hxxp://card-verify-kr-989.xyz/7800,"신청한 적 없는 카드 발급 안내, 확인을 명목으로 악성 링크 클릭 유도",KB Think 스미싱 대처법 페이지(신청한 적 없는 카드 스미싱) 패턴 참고
708,1,스팸_사기,광고성스팸,로또번호_추천광고,SMS,"[로또마스터] 이번주 1등 당첨번호 무료공개! 지금까지 5회 연속 적중, 확인은 hxxp://로또마스터-826.kr/5546","확인 불가능한 당첨 이력 주장, 개인정보 입력 후 유료 결제로 유도하는 경우 많음",나무위키 스팸메일 문서의 로또번호 추천 사이트 광고 유형 참고
709,0,정상,정상,정상택배안내,SMS,[한진택배] 고객님 상품 배송이 끝났습니다. 송장 조회: 250370087782,해당없음(정상 메시지),일상적으로 발생하는 정상 업무/생활 커뮤니케이션 예시(합성)
710,1,스팸_사기,광고성스팸,불법도박광고,SMS,"[메이저파크] 출석체크 포인트 지급! 신규가입시 최대 200만원 지급, 지금 바로 가입 hxxp://메이저파크-658.com/1814","080 수신거부 번호 없음, 단축/변형 URL, 미신고 도박사이트, 고액 지급 미끼",방통위·KISA 문자스팸 통계(도박 유형 약 40%) 패턴 참고
711,1,스팸_사기,가짜채용,통장대여_이체알바,SMS,"[재택알바] 본인 명의 계좌만 빌려주시면 건당 8만원, 이체 심부름 알바 구합니다. 텔레그램으로 연락주세요 @job８７７ 📋","통장 대여는 전자금융거래법 위반, 텔레그램 등 익명 메신저로만 소통, 실제로는 보이스피싱 자금 세탁에 이용",kbthink 이체알바 사기 안내(통장 대여 시 처벌 규정) 패턴 참고
712,0,정상,정상,은행정상알림,SMS,"[국민은행] 체크카드 80,000원 승인. 가맹점: 쿠팡",해당없음(정상 메시지),일상적으로 발생하는 정상 업무/생활 커뮤니케이션 예시(합성)
713,0,정상,정상,정상택배안내,SMS,[롯데택배] 상품이 출고되어 배송을 시작합니다. 예상 도착일은 내일 오전입니다.,해당없음(정상 메시지),일상적으로 발생하는 정상 업무/생활 커뮤니케이션 예시(합성)
714,1,스팸_사기,광고성스팸,불법대출광고,SMS,"[새희망대부] 정부지원 서민대출 사칭, 최대 1000만원. 문의 010-2953-1825","미등록 대부업 의심, '신용조회 없이' 문구, 무자격자 대상 고액 대출 미끼",신한카드 불법대출광고 유형 안내 페이지 패턴 참고
715,1,스팸_사기,사기_투자로맨스,가짜투자앱유도,SMS,"[VIP리딩방] 저만 아는 고수익 앱이에요. 30만원으로 시작해보세요, 앱은 여기서: hxxp://invest-vip-app-755.kr/5069","공식 앱스토어가 아닌 링크로 앱 설치 유도, 초기 소액 출금으로 신뢰 형성 후 거액 유도",일반적 리딩방-가짜거래소 연계 사기 패턴 참고
716,1,스팸_사기,광고성스팸,불법도박광고,SMS,"[프리미엄카지노] 첫충 200% 이벤트! 신규가입시 최대 100만원 지급, 지금 바로 가입 hxxp://프리미엄카지노-865.com/5289","080 수신거부 번호 없음, 단축/변형 URL, 미신고 도박사이트, 고액 지급 미끼",방통위·KISA 문자스팸 통계(도박 유형 약 40%) 패턴 참고
718,0,정상,정상,은행정상알림,SMS,"[우리은행] 고객님 계좌에서 40,000원이 출금되었습니다 (잔액 115만원)",해당없음(정상 메시지),일상적으로 발생하는 정상 업무/생활 커뮤니케이션 예시(합성)
719,1,스팸_사기,광고성스팸,불법도박광고,SMS,"[로얄카지노] 신규회원 콤프 지급! 신규가입시 최대 １５０만원 지급, 지금 바로 가입 hxxp://로얄카지노-632.kr/2419","080 수신거부 번호 없음, 단축/변형 URL, 미신고 도박사이트, 고액 지급 미끼",방통위·KISA 문자스팸 통계(도박 유형 약 40%) 패턴 참고
720,1,스팸_사기,사기_투자로맨스,가짜투자앱유도,SMS,🔥 [VIP리딩방] 제가 알려드린 전용 앱에 가입하시고 3O만원부터 넣어보세요. 첫 수익 나면 바로 출금 가눙하니 걱정 마세요 :) 앱 설치: hxxp://invest-vip-app-971.com/8993,"공식 앱스토어가 아닌 링크로 앱 설치 유도, 초기 소액 출금으로 신뢰 형성 후 거액 유도",일반적 리딩방-가짜거래소 연계 사기 패턴 참고
721,1,스팸_사기,광고성스팸,불법대출광고,SMS,"[빠른캐피탈] 신용조회 없이 당일승인, 최대 3000만원. 문의 ０１０-3228-7654","미등록 대부업 의심, '신용조회 없이' 문구, 무자격자 대상 고액 대출 미끼",신한카드 불법대출광고 유형 안내 페이지 패턴 참고
722,1,스팸_사기,가짜채용,재택부업_리뷰알바사기,SMS,"재택으로 상품 리뷰만 작성하면 건당 10,000원! 하루 30분 투자로 월 200만원 가능합니다. 지금 카톡 문의 @parttime_kr","선입금(상품구매 대금 선결제) 요구로 이어지는 경우 多, 비현실적 고수익 강조, 기업 정보 불명확",보안뉴스 추석 금융사기 예방 기사(부업 아르바이트/리뷰알바 사기) 패턴 참고
723,1,스팸_사기,사기_투자로맨스,투자리딩방,SMS,"[마스터리딩방] 삼성자산운용(사칭) 마스터 리딩방입니다. 전문가가 직접 매수/매도 신호를 드리며, 이번 주 수익률 7OO% 인증 종목 공개! 지금 무료 입장하세요.","비공식 오픈채팅방 운영, 비현실적 수익률 인증 캡처, 이후 유료방/투자앱 설치 유도",보안뉴스 추석 금융사기 예방 기사(투자리딩방 피해 규모) 패턴 참고
724,0,정상,정상,은행정상알림,SMS,"[우리은행] 체크카드 140,000원 승인. 가맹점: 올리브영",해당없음(정상 메시지),일상적으로 발생하는 정상 업무/생활 커뮤니케이션 예시(합성)
725,0,정상,정상,은행정상알림,SMS,"[토스뱅크] 체크카드 390,000원 승인. 가맹점: 무신사",해당없음(정상 메시지),일상적으로 발생하는 정상 업무/생활 커뮤니케이션 예시(합성)
726,1,스팸_사기,악성_해킹시도,청첩장_부고장사칭_스미싱,SMS,소중한 분의 결혼식 소식을 전해드립니다. 모바일 청첩장 링크: hxxp://mcard-invite-911.kr/4916,"지인 사칭, 모바일 청첩장/부고장 클릭 유도 후 악성 앱 설치, 실제 지인 확인 불가",cashnote 스미싱 총정리(모바일청첩장 클릭 후 대출 피해) 패턴 참고
727,1,스팸_사기,광고성스팸,불법대출광고,SMS,"[빠른캐피탈] 서류 없이 전화상담만으로 심사, 최대 5000만원. 뮨의 010-1935-8728","미등록 대부업 의심, '신용조회 없이' 문구, 무자격자 대상 고액 대출 미끼",신한카드 불법대출광고 유형 안내 페이지 패턴 참고
728,1,스팸_사기,악성_해킹시도,카드발급사칭_스미싱,SMS,고객님 명의로 현대카드가 신규 발급 신청되었습니다. 본인이 아니라면 즉시 확인 hxxp://card-verify-kr-466.com/1424,"신청한 적 없는 카드 발급 안내, 확인을 명목으로 악성 링크 클릭 유도",KB Think 스미싱 대처법 페이지(신청한 적 없는 카드 스미싱) 패턴 참고
729,1,스팸_사기,악성_해킹시도,청첩장_부고장사칭_스미싱,SMS,[초대장 도착] 결혼식 부고장를 보내드립니다. hxxp://mcard-invite-７２２.xyz/4858에서 열어보세요,"지인 사칭, 모바일 청첩장/부고장 클릭 유도 후 악성 앱 설치, 실제 지인 확인 불가",cashnote 스미싱 총정리(모바일청첩장 클릭 후 대출 피해) 패턴 참고
730,1,스팸_사기,광고성스팸,불법도박광고,SMS,"[로얄카지노] 출석체크 포인트 지급! 신규가입시 최대 100만원 지급, 지금 바로 가입 hxxp://로얄카지노-176.top/9201","080 수신거부 번호 없음, 단축/변형 URL, 미신고 도박사이트, 고액 지급 미끼",방통위·KISA 문자스팸 통계(도박 유형 약 40%) 패턴 참고
731,1,스팸_사기,사기_투자로맨스,가짜투자앱유도,SMS,"[VIP리딩방] 저만 아는 고수익 앱이에요. 50만원으로 시작해보세요, 앱은 여기서: hxxp://invest-vip-app-740.top/8931","공식 앱스토어가 아닌 링크로 앱 설치 유도, 초기 소액 출금으로 신뢰 형성 후 거액 유도",일반적 리딩방-가짜거래소 연계 사기 패턴 참고
732,1,스팸_사기,사기_보이스피싱,검찰_금감원사칭,SMS,여기는 관할 경찰서입니다. 귀하의 명의로 대포통장이 개설되어 수사가 진행 중입니다. 자산보호를 위해 대출받은 15000만원을 안내하는 안전계좌로 즉시 이체하셔야 합니다.,"검찰·경찰·금감원은 안전계좌 이체를 요구하지 않음, 전화로 수사 고지 및 송금 요구",보안뉴스 경찰청 보이스피싱 최다피해유형 사례(기관사칭형) 패턴 참고
733,0,정상,정상,정상택배안내,SMS,[CJ대한통운] 부재중으로 경비실에 보관중입니다. 자세한 내용은 공식 앱에서 확인하세요.,해당없음(정상 메시지),일상적으로 발생하는 정상 업무/생활 커뮤니케이션 예시(합성)
734,1,스팸_사기,광고성스팸,불법도박광고,SMS,"[빅토리벳] 루징 캐시백 10%! 신규가입시 최대 200만원 지급, 지금 바로 가입 hxxp://빅토리벳-729.top/5689","080 수신거부 번호 없음, 단축/변형 URL, 미신고 도박사이트, 고액 지급 미끼",방통위·KISA 문자스팸 통계(도박 유형 약 40%) 패턴 참고
735,1,스팸_사기,광고성스팸,로또번호_추천광고,SMS,"[복권천재] 회원님만을 위한 특별 당첨번호, 지금 확인하세요 hxxp://복권천재-460.top/7313","확인 불가능한 당첨 이력 주장, 개인정보 입력 후 유료 결제로 유도하는 경우 많음",나무위키 스팸메일 문서의 로또번호 추천 사이트 광고 유형 참고
736,0,정상,정상,정상택배안내,SMS,[CJ대한통운] 배송완료! 문 앞을 확인해주세요. 송장 321522625603,해당없음(정상 메시지),일상적으로 발생하는 정상 업무/생활 커뮤니케이션 예시(합성)
738,1,스팸_사기,광고성스팸,불법대출광고,SMS,"[케이캐시대부] 정부지원 서민대출 사칭, 최대 2천만원. 문의 010-3012-2889","미등록 대부업 의심, '신용조회 없이' 문구, 무자격자 대상 고액 대출 미끼",신한카드 불법대출광고 유형 안내 페이지 패턴 참고
739,1,스팸_사기,광고성스팸,불법도박광고,SMS,"[프리미엄카지노] 매충 30% 상시지급! 신규가입시 최대 100만원 지급, 지금 바로 가입 hxxp://프리미엄카지노-133.xyz/2833","080 수신거부 번호 없음, 단축/변형 URL, 미신고 도박사이트, 고액 지급 미끼",방통위·KISA 문자스팸 통계(도박 유형 약 40%) 패턴 참고
740,1,스팸_사기,악성_해킹시도,택배사칭_스미싱,SMS,[우체국택배] 송장번호(4778978838) 관세 미납으로 통관이 보류되었습니다. 확인: hxxp://우체국택배-265.top/2202,"실제 주문내역 없음, 단축/변형 URL, 클릭 시 악성 앱 설치 유도",이스트시큐리티 알약 블로그·cashnote 스미싱 총정리 패턴 참고
741,1,스팸_사기,광고성스팸,불법도박광고,SMS,"[올인토토] 매충 30% 상시지급! 신규가입시 최대 50만원 지급, 지금 바로 가입 hxxp://올인토토-432.net/4289","080 수신거부 번호 없음, 단축/변형 URL, 미신고 도박사이트, 고액 지급 미끼",방통위·KISA 문자스팸 통계(도박 유형 약 40%) 패턴 참고
742,0,정상,정상,은행정상알림,SMS,"[하나은행] 체크카드 310,000원 승인. 가맹점: 마켓컬리",해당없음(정상 메시지),일상적으로 발생하는 정상 업무/생활 커뮤니케이션 예시(합성)
743,1,스팸_사기,광고성스팸,로또번호_추천광고,SMS,"📢 [로또마스터] 이번주 l등 당첨번호 무료공개! 지금까지 2회 연속 적중, 화긴은 hxxp://로또마스터-140.net/8854","확인 불가능한 당첨 이력 주장, 개인정보 입력 후 유료 결제로 유도하는 경우 많음",나무위키 스팸메일 문서의 로또번호 추천 사이트 광고 유형 참고
744,1,스팸_사기,사기_투자로맨스,가짜투자앱유도,SMS,[VIP리딩방] 검증된 리딩방입니다. 30만원부터 시작해서 수익 인증 보시고 판단하세요 hxxp://invest-vip-app-927.net/７９８０,"공식 앱스토어가 아닌 링크로 앱 설치 유도, 초기 소액 출금으로 신뢰 형성 후 거액 유도",일반적 리딩방-가짜거래소 연계 사기 패턴 참고
745,1,스팸_사기,광고성스팸,로또번호_추천광고,SMS,"[행운의숫자] 이번주 1등 당첨번호 무료공개! 지금까지 4회 연속 적중, 확인은 hxxp://행운의숫자-455.xyz/5103 🔥","확인 불가능한 당첨 이력 주장, 개인정보 입력 후 유료 결제로 유도하는 경우 많음",나무위키 스팸메일 문서의 로또번호 추천 사이트 광고 유형 참고
746,1,스팸_사기,악성_해킹시도,청첩장_부고장사칭_스미싱,SMS,결혼식 안내드립니다. 참석 여부와 함께 부고장를 확인해주세요: hxxp://mcard-invite-779.xyz/7704,"지인 사칭, 모바일 청첩장/부고장 클릭 유도 후 악성 앱 설치, 실제 지인 확인 불가",cashnote 스미싱 총정리(모바일청첩장 클릭 후 대출 피해) 패턴 참고
747,1,스팸_사기,사기_보이스피싱,소액결제사칭,SMS,[승인알림] 311천원 결제가 완료되었습니다. 본인이 아니라면 고객센터로 문의하세요 1588-8705,"허위 소액결제 문자로 불안감 조성 후 사기범이 안내하는 번호로 유도, 실제 결제 내역 없음",보안뉴스 경찰청 보이스피싱 사례(허위 소액결제 문자 유형) 패턴 참고
748,0,정상,정상,은행정상알림,SMS,"[카카오뱅크] 승인알림: 270,000원 결제(출금) 완료. 잔여 404만원",해당없음(정상 메시지),일상적으로 발생하는 정상 업무/생활 커뮤니케이션 예시(합성)
749,1,스팸_사기,광고성스팸,불법도박광고,SMS,"[슈퍼토토] 매충 30% 상시지급! 신규가입시 최대 150만원 지급, 지금 바로 가입 hxxp://슈퍼토토-542.kr/4910","080 수신거부 번호 없음, 단축/변형 URL, 미신고 도박사이트, 고액 지급 미끼",방통위·KISA 문자스팸 통계(도박 유형 약 40%) 패턴 참고
750,1,스팸_사기,악성_해킹시도,카드발급사칭_스미싱,SMS,고객님 명의로 신한카드가 신규 발급 신청되었슴니다. 본인이 아니라면 즉시 확인 hxxp://card-verify-kr-876.net/5941,"신청한 적 없는 카드 발급 안내, 확인을 명목으로 악성 링크 클릭 유도",KB Think 스미싱 대처법 페이지(신청한 적 없는 카드 스미싱) 패턴 참고
751,0,정상,정상,은행정상알림,SMS,"[하나은행] 승인알림: 100,000원 결제(출금) 완료. 잔여 336만원",해당없음(정상 메시지),일상적으로 발생하는 정상 업무/생활 커뮤니케이션 예시(합성)
752,1,스팸_사기,악성_해킹시도,택배사칭_스미싱,SMS,[CJ대한통운] 송장번호(4974649336) 주소 불일치로 물품 보관 중입니다. 화긴: hxxp://cj대한통운-328.xyz/4728 🔒,"실제 주문내역 없음, 단축/변형 URL, 클릭 시 악성 앱 설치 유도",이스트시큐리티 알약 블로그·cashnote 스미싱 총정리 패턴 참고
753,1,스팸_사기,광고성스팸,불법도박광고,SMS,"[올인토토] 루징 캐시백 10%! 신규가입시 최대 50만원 지급, 지금 바로 가입 hxxp://올인토토-173.xyz/2402","080 수신거부 번호 없음, 단축/변형 URL, 미신고 도박사이트, 고액 지급 미끼",방통위·KISA 문자스팸 통계(도박 유형 약 40%) 패턴 참고
754,1,스팸_사기,광고성스팸,로또번호_추천광고,SMS,"🎉 [로또명당] 이번주 1등 당첨번호 무료공개! 지금까지 3회 연속 적중, 확인은 hxxp://로또명당-915.top/5674","확인 불가능한 당첨 이력 주장, 개인정보 입력 후 유료 결제로 유도하는 경우 많음",나무위키 스팸메일 문서의 로또번호 추천 사이트 광고 유형 참고
756,1,스팸_사기,악성_해킹시도,청첩장_부고장사칭_스미싱,SMS,장례식 안내드립니다. 참석 여부와 함께 청첩장를 확인해주세요: hxxp://mcard-invite-345.top/7338,"지인 사칭, 모바일 청첩장/부고장 클릭 유도 후 악성 앱 설치, 실제 지인 확인 불가",cashnote 스미싱 총정리(모바일청첩장 클릭 후 대출 피해) 패턴 참고
757,1,스팸_사기,가짜채용,재택부업_리뷰알바사기,SMS,"재택으로 상품 리뷰만 작성하면 건당 20,000원! 하루 30분 투자로 월 l5O만원 가능합니다. 지금 카톡 문의 @parttime_kr","선입금(상품구매 대금 선결제) 요구로 이어지는 경우 多, 비현실적 고수익 강조, 기업 정보 불명확",보안뉴스 추석 금융사기 예방 기사(부업 아르바이트/리뷰알바 사기) 패턴 참고
758,1,스팸_사기,광고성스팸,로또번호_추천광고,SMS,"[복권천재] 이번주 1등 당첨번호 무료공개! 지금까지 4회 연속 적중, 확인은 hxxp://복권천재-545.com/6718 🎉","확인 불가능한 당첨 이력 주장, 개인정보 입력 후 유료 결제로 유도하는 경우 많음",나무위키 스팸메일 문서의 로또번호 추천 사이트 광고 유형 참고
759,0,정상,정상,은행정상알림,SMS,"[토스뱅크] 자동이체 예정 안내: 18일 410,000원 출금 예정입니다.",해당없음(정상 메시지),일상적으로 발생하는 정상 업무/생활 커뮤니케이션 예시(합성)
760,0,정상,정상,은행정상알림,SMS,"[신한은행] 22일에 20,000원 자동이체가 예정되어 있습니다",해당없음(정상 메시지),일상적으로 발생하는 정상 업무/생활 커뮤니케이션 예시(합성)
762,1,스팸_사기,광고성스팸,불법대출광고,SMS,"[든든머니대부] 무직자,저신용자 환영, 최대 3000만원. 뮨의 010-3771-6993","미등록 대부업 의심, '신용조회 없이' 문구, 무자격자 대상 고액 대출 미끼",신한카드 불법대출광고 유형 안내 페이지 패턴 참고
763,1,스팸_사기,악성_해킹시도,청첩장_부고장사칭_스미싱,SMS,OOO님으로부터 결혼식 부고장가 도착했습니다. 확인: hxxp://mcard-invite-493.top/6225,"지인 사칭, 모바일 청첩장/부고장 클릭 유도 후 악성 앱 설치, 실제 지인 확인 불가",cashnote 스미싱 총정리(모바일청첩장 클릭 후 대출 피해) 패턴 참고
764,1,스팸_사기,가짜채용,재택부업_리뷰알바사기,SMS,"재택으로 상품 리뷰만 작성하면 건당 25,000원! 하루 30분 투자로 월 150만원 가능합니다. 지금 카톡 문의 @parttime_kr","선입금(상품구매 대금 선결제) 요구로 이어지는 경우 多, 비현실적 고수익 강조, 기업 정보 불명확",보안뉴스 추석 금융사기 예방 기사(부업 아르바이트/리뷰알바 사기) 패턴 참고
765,1,스팸_사기,광고성스팸,불법대출광고,SMS,"[행복저축은행(사칭)] 정부지원 서민대출 사칭, 최대 1500만원. 문의 010-6709-1464","미등록 대부업 의심, '신용조회 없이' 문구, 무자격자 대상 고액 대출 미끼",신한카드 불법대출광고 유형 안내 페이지 패턴 참고
766,0,정상,정상,은행정상알림,SMS,"[우리은행] 체크카드 190,000원 승인. 가맹점: 쿠팡",해당없음(정상 메시지),일상적으로 발생하는 정상 업무/생활 커뮤니케이션 예시(합성)
767,1,스팸_사기,광고성스팸,로또번호_추천광고,SMS,[로또마스터] 아직도 안 보셨어요? 1등 무료번호 공개중 hxxp://로또마스터-823.xyz/5213,"확인 불가능한 당첨 이력 주장, 개인정보 입력 후 유료 결제로 유도하는 경우 많음",나무위키 스팸메일 문서의 로또번호 추천 사이트 광고 유형 참고
768,1,스팸_사기,사기_보이스피싱,검찰_금감원사칭,SMS,여기는 경찰청 사이버수사대입니다. 귀하의 명의로 대포통장이 개설되어 수사가 진행 중입니다. 자산보호를 위해 대출받은 ３０００만원을 안내하는 안전계좌로 즉시 이체하셔야 합니다.,"검찰·경찰·금감원은 안전계좌 이체를 요구하지 않음, 전화로 수사 고지 및 송금 요구",보안뉴스 경찰청 보이스피싱 최다피해유형 사례(기관사칭형) 패턴 참고
769,1,스팸_사기,광고성스팸,불법도박광고,SMS,"[황금벳] 루징 캐시백 10%! 신규가입시 최대 200만원 지급, 지금 바로 가입 hxxp://황금벳-502.com/7794","080 수신거부 번호 없음, 단축/변형 URL, 미신고 도박사이트, 고액 지급 미끼",방통위·KISA 문자스팸 통계(도박 유형 약 40%) 패턴 참고
770,1,스팸_사기,광고성스팸,로또번호_추천광고,SMS,"📢 [로또명당] 이번주 1등 당첨번호 무료공개! 지금까지 2회 연속 적중, 화긴은 hxxp://로또명당-269.kr/4124","확인 불가능한 당첨 이력 주장, 개인정보 입력 후 유료 결제로 유도하는 경우 많음",나무위키 스팸메일 문서의 로또번호 추천 사이트 광고 유형 참고
772,0,정상,정상,은행정상알림,SMS,"[카카오뱅크] 체크카드 50,000원 승인. 가맹점: 29CM",해당없음(정상 메시지),일상적으로 발생하는 정상 업무/생활 커뮤니케이션 예시(합성)
773,1,스팸_사기,가짜채용,통장대여_이체알바,SMS,"💼 [재택알바] 본인 명의 계좌만 빌려주시면 건당 5만원, 이체 심부름 알바 구합니다. 텔레그램으로 연락주세요 @job747","통장 대여는 전자금융거래법 위반, 텔레그램 등 익명 메신저로만 소통, 실제로는 보이스피싱 자금 세탁에 이용",kbthink 이체알바 사기 안내(통장 대여 시 처벌 규정) 패턴 참고
774,0,정상,정상,은행정상알림,SMS,"[하나은행] 정기 자동이체 안내 - 11일 50,000원 출금될 예정이에요",해당없음(정상 메시지),일상적으로 발생하는 정상 업무/생활 커뮤니케이션 예시(합성)
775,0,정상,정상,정상택배안내,SMS,[CJ대한통운] 택배가 배송 완료되었어요. 송장번호: 333067764929,해당없음(정상 메시지),일상적으로 발생하는 정상 업무/생활 커뮤니케이션 예시(합성)
778,0,정상,정상,은행정상알림,SMS,"[하나은행] 270,000원 출금되었습니다. 잔액 868만원",해당없음(정상 메시지),일상적으로 발생하는 정상 업무/생활 커뮤니케이션 예시(합성)
779,0,정상,정상,은행정상알림,SMS,"[국민은행] 체크카드 400,000원 승인. 가맹점: 올리브영",해당없음(정상 메시지),일상적으로 발생하는 정상 업무/생활 커뮤니케이션 예시(합성)
780,0,정상,정상,학교공지,SMS,[OO초등학교] 11월 27일부터 학부모 상담주간이 시작됩니다. 알림장 앱에서 신청해주세요,해당없음(정상 메시지),일상적으로 발생하는 정상 업무/생활 커뮤니케이션 예시(합성)
781,1,스팸_사기,광고성스팸,로또번호_추천광고,SMS,"🎉 [로또마스터] 이번주 1등 당첨번호 무료공개! 지금까지 3회 연속 적중, 확인은 hxxp://로또마스터-523.kr/７５３０","확인 불가능한 당첨 이력 주장, 개인정보 입력 후 유료 결제로 유도하는 경우 많음",나무위키 스팸메일 문서의 로또번호 추천 사이트 광고 유형 참고
782,1,스팸_사기,광고성스팸,로또번호_추천광고,SMS,"📢 [복권천재] 이번주 1등 당첨번호 무료공개! 지금까지 4회 연속 적중, 확인은 hxxp://복권천재-887.net/3914","확인 불가능한 당첨 이력 주장, 개인정보 입력 후 유료 결제로 유도하는 경우 많음",나무위키 스팸메일 문서의 로또번호 추천 사이트 광고 유형 참고
783,1,스팸_사기,악성_해킹시도,카드발급사칭_스미싱,SMS,고객님 명의로 신한카드가 신규 발급 신청되었습니다. 본인이 아니라면 즉시 확인 hxxp://card-verify-kr-673.top/3354 🚨,"신청한 적 없는 카드 발급 안내, 확인을 명목으로 악성 링크 클릭 유도",KB Think 스미싱 대처법 페이지(신청한 적 없는 카드 스미싱) 패턴 참고
784,0,정상,정상,은행정상알림,SMS,"[우리은행] 체크카드 290,000원 승인. 가맹점: 29CM",해당없음(정상 메시지),일상적으로 발생하는 정상 업무/생활 커뮤니케이션 예시(합성)
785,0,정상,정상,은행정상알림,SMS,"[하나은행] 체크카드 250,000원 승인. 가맹점: 쿠팡",해당없음(정상 메시지),일상적으로 발생하는 정상 업무/생활 커뮤니케이션 예시(합성)
786,1,스팸_사기,광고성스팸,로또번호_추천광고,SMS,"📢 [1등예측단] 이번주 1등 당첨번호 무료공개! 지금까지 5회 연속 적중, 확인은 hxxp://1등예측단-267.xyz/2384","확인 불가능한 당첨 이력 주장, 개인정보 입력 후 유료 결제로 유도하는 경우 많음",나무위키 스팸메일 문서의 로또번호 추천 사이트 광고 유형 참고
787,1,스팸_사기,광고성스팸,불법도박광고,SMS,"[킹스벳] 출석체크 포인트 지급! 신규가입시 최대 150만원 지급, 지금 바로 가입 hxxp://킹스벳-885.xyz/4248","080 수신거부 번호 없음, 단축/변형 URL, 미신고 도박사이트, 고액 지급 미끼",방통위·KISA 문자스팸 통계(도박 유형 약 40%) 패턴 참고
788,0,정상,정상,은행정상알림,SMS,"[카카오뱅크] 자동납부 예정: 20일 500,000원, 잔액을 미리 확인해주세요",해당없음(정상 메시지),일상적으로 발생하는 정상 업무/생활 커뮤니케이션 예시(합성)
790,1,스팸_사기,광고성스팸,불법도박광고,SMS,"[머니라인] 첫충 200% 이벤트! 신규가입시 최대 200만원 지급, 지금 바로 가입 hxxp://머니라인-５５８.kr/9396","080 수신거부 번호 없음, 단축/변형 URL, 미신고 도박사이트, 고액 지급 미끼",방통위·KISA 문자스팸 통계(도박 유형 약 40%) 패턴 참고
791,0,정상,정상,은행정상알림,SMS,"[하나은행] 출금 430,000원 처리되었어요. 남은 잔액은 501만원",해당없음(정상 메시지),일상적으로 발생하는 정상 업무/생활 커뮤니케이션 예시(합성)
793,1,스팸_사기,광고성스팸,불법대출광고,SMS,"[빠른캐피탈] 당일 즉시 입금, 최대 2000만원. 뮨의 010-4068-4658","미등록 대부업 의심, '신용조회 없이' 문구, 무자격자 대상 고액 대출 미끼",신한카드 불법대출광고 유형 안내 페이지 패턴 참고
794,1,스팸_사기,광고성스팸,불법대출광고,SMS,"[빠른캐피탈] 신용조회 없이 당일승인, 최대 5000만원. 문의 010-8781-8890 🎉","미등록 대부업 의심, '신용조회 없이' 문구, 무자격자 대상 고액 대출 미끼",신한카드 불법대출광고 유형 안내 페이지 패턴 참고
795,1,스팸_사기,악성_해킹시도,공공기관사칭_스미싱,SMS,"[민원#24] 미납 과태료 안내 - 2024년 4월 발생분, 확인: hxxp://traffic-24check-678.xyz/3479","실제 정부기관은 개인 URL 링크로 벌금 안내를 하지 않음, 가짜 정부사이트 유도",cashnote 스미싱 총정리(경찰청교통민원24 사칭 유형) 패턴 참고
796,1,스팸_사기,악성_해킹시도,카드발급사칭_스미싱,SMS,🚨 고객님 명의로 현대카드가 신규 발급 신청되었습니다. 본인이 아니라면 즉시 확인 hxxp://card-verify-kr-695.com/2478,"신청한 적 없는 카드 발급 안내, 확인을 명목으로 악성 링크 클릭 유도",KB Think 스미싱 대처법 페이지(신청한 적 없는 카드 스미싱) 패턴 참고
797,0,정상,정상,은행정상알림,SMS,"[신한은행] 이체 390,000원 출금 처리완료. 잔액 779만원 남았습니다",해당없음(정상 메시지),일상적으로 발생하는 정상 업무/생활 커뮤니케이션 예시(합성)
798,0,정상,정상,은행정상알림,SMS,"[하나은행] 체크카드 60,000원 승인. 가맹점: 쿠팡",해당없음(정상 메시지),일상적으로 발생하는 정상 업무/생활 커뮤니케이션 예시(합성)
799,0,정상,정상,은행정상알림,SMS,"[카카오뱅크] 9일에 240,000원 자동이체가 예정되어 있습니다",해당없음(정상 메시지),일상적으로 발생하는 정상 업무/생활 커뮤니케이션 예시(합성)
800,1,스팸_사기,광고성스팸,불법대출광고,SMS,"[스마일캐피탈] 무직자,저신용자 환영, 최대 5000만원. 문의 010-４３１７-5534","미등록 대부업 의심, '신용조회 없이' 문구, 무자격자 대상 고액 대출 미끼",신한카드 불법대출광고 유형 안내 페이지 패턴 참고
801,1,스팸_사기,광고성스팸,불법도박광고,SMS,"[황금벳] 첫충 200% 이벤트! 신규가입시 최대 200만원 지급, 지금 바로 가입 hxxp://황금벳-910.com/4455","080 수신거부 번호 없음, 단축/변형 URL, 미신고 도박사이트, 고액 지급 미끼",방통위·KISA 문자스팸 통계(도박 유형 약 40%) 패턴 참고
802,0,정상,정상,은행정상알림,SMS,"[카카오뱅크] 체크카드 130,000원 승인. 가맹점: 마켓컬리",해당없음(정상 메시지),일상적으로 발생하는 정상 업무/생활 커뮤니케이션 예시(합성)
803,1,스팸_사기,광고성스팸,불법도박광고,SMS,"[메이저파크] 매충 30% 상시지급! 신규가입시 최대 50만원 지급, 지금 바로 가입 hxxp://메이저파크-975.top/6746 🔥","080 수신거부 번호 없음, 단축/변형 URL, 미신고 도박사이트, 고액 지급 미끼",방통위·KISA 문자스팸 통계(도박 유형 약 40%) 패턴 참고
804,0,정상,정상,은행정상알림,SMS,"[신한은행] 체크카드 160,000원 승인. 가맹점: 올리브영",해당없음(정상 메시지),일상적으로 발생하는 정상 업무/생활 커뮤니케이션 예시(합성)
805,0,정상,정상,은행정상알림,SMS,"[국민은행] 체크카드 300,000원 승인. 가맹점: 쿠팡",해당없음(정상 메시지),일상적으로 발생하는 정상 업무/생활 커뮤니케이션 예시(합성)
806,0,정상,정상,은행정상알림,SMS,"[하나은행] 다가오는 22일, 270,000원이 자동으로 이체됩니다",해당없음(정상 메시지),일상적으로 발생하는 정상 업무/생활 커뮤니케이션 예시(합성)
807,0,정상,정상,정상택배안내,SMS,[우체국택배] 배송완료! 문 앞을 확인해주세요. 송장 191089911032,해당없음(정상 메시지),일상적으로 발생하는 정상 업무/생활 커뮤니케이션 예시(합성)
808,1,스팸_사기,악성_해킹시도,택배사칭_스미싱,SMS,[롯데택배] 송장번호(2889904062) 배송 지연으로 재배송 신청이 필요합니다. 확인: hxxp://롯데택배-950.net/9728,"실제 주문내역 없음, 단축/변형 URL, 클릭 시 악성 앱 설치 유도",이스트시큐리티 알약 블로그·cashnote 스미싱 총정리 패턴 참고
809,0,정상,정상,은행정상알림,SMS,"[신한은행] 120,000원 출금되었습니다. 잔액 128만원",해당없음(정상 메시지),일상적으로 발생하는 정상 업무/생활 커뮤니케이션 예시(합성)
810,0,정상,정상,은행정상알림,SMS,"[하나은행] 15일 자동이체 460,000원 출금 예정이오니 참고 바랍니다",해당없음(정상 메시지),일상적으로 발생하는 정상 업무/생활 커뮤니케이션 예시(합성)
811,1,스팸_사기,사기_투자로맨스,가짜투자앱유도,SMS,"[VIP리딩방] 저만 아는 고수익 앱이에요. 50만원으로 시작해보세요, 앱은 여기서: hxxp://invest-vip-app-９１２.xyz/4657","공식 앱스토어가 아닌 링크로 앱 설치 유도, 초기 소액 출금으로 신뢰 형성 후 거액 유도",일반적 리딩방-가짜거래소 연계 사기 패턴 참고
812,1,스팸_사기,광고성스팸,로또번호_추천광고,SMS,"[행운의숫자] 이번주 １등 당첨번호 무료공개! 지금까지 5회 연속 적중, 확인은 hxxp://행운의숫자-212.xyz/8075","확인 불가능한 당첨 이력 주장, 개인정보 입력 후 유료 결제로 유도하는 경우 많음",나무위키 스팸메일 문서의 로또번호 추천 사이트 광고 유형 참고
813,1,스팸_사기,사기_투자로맨스,가짜투자앱유도,SMS,"[VIP리딩방] 소액 50만원부터 체험 가능, 수익 인증샷 보내드릴게요! 설치: hxxp://invest-vip-app-７２４.top/5063","공식 앱스토어가 아닌 링크로 앱 설치 유도, 초기 소액 출금으로 신뢰 형성 후 거액 유도",일반적 리딩방-가짜거래소 연계 사기 패턴 참고
814,1,스팸_사기,가짜채용,재택부업_리뷰알바사기,SMS,✅ 재택으로 상품 리뷰만 작성하면 건당 1만원! 하루 30분 투자로 월 150만원 가능합니다. 지금 카톡 문의 @review_job,"선입금(상품구매 대금 선결제) 요구로 이어지는 경우 多, 비현실적 고수익 강조, 기업 정보 불명확",보안뉴스 추석 금융사기 예방 기사(부업 아르바이트/리뷰알바 사기) 패턴 참고
815,1,스팸_사기,가짜채용,통장대여_이체알바,SMS,"[재택알바] 본인 명의 계좌만 빌려주시면 건당 5만원, 이체 심부름 알바 구합니다. 텔레그램으로 연락주세요 @job867 💼","통장 대여는 전자금융거래법 위반, 텔레그램 등 익명 메신저로만 소통, 실제로는 보이스피싱 자금 세탁에 이용",kbthink 이체알바 사기 안내(통장 대여 시 처벌 규정) 패턴 참고
816,1,스팸_사기,광고성스팸,로또번호_추천광고,SMS,"[로또마스터] 이번주 1등 당첨번호 무료공개! 지금까지 4회 연속 적중, 화긴은 hxxp://로또마스터-829.xyz/9340","확인 불가능한 당첨 이력 주장, 개인정보 입력 후 유료 결제로 유도하는 경우 많음",나무위키 스팸메일 문서의 로또번호 추천 사이트 광고 유형 참고
818,1,스팸_사기,광고성스팸,불법도박광고,SMS,"[빅토리벳] 첫충 200% 이벤트! 신규가입시 최대 100만원 지급, 지금 바로 가입 hxxp://빅토리벳-246.com/3667","080 수신거부 번호 없음, 단축/변형 URL, 미신고 도박사이트, 고액 지급 미끼",방통위·KISA 문자스팸 통계(도박 유형 약 40%) 패턴 참고
819,1,스팸_사기,광고성스팸,로또번호_추천광고,SMS,"📢 [로또마스터] 이번주 1등 당첨번호 무료공개! 지금까지 2회 연속 적중, 화긴은 hxxp://로또마스터-419.net/7125","확인 불가능한 당첨 이력 주장, 개인정보 입력 후 유료 결제로 유도하는 경우 많음",나무위키 스팸메일 문서의 로또번호 추천 사이트 광고 유형 참고
820,1,스팸_사기,가짜채용,통장대여_이체알바,SMS,"[재택알바] 본인 명의 계좌만 빌려주시면 건당 １５만원, 이체 심부름 알바 구합니다. 텔레그램으로 연락주세요 @job179","통장 대여는 전자금융거래법 위반, 텔레그램 등 익명 메신저로만 소통, 실제로는 보이스피싱 자금 세탁에 이용",kbthink 이체알바 사기 안내(통장 대여 시 처벌 규정) 패턴 참고
821,1,스팸_사기,사기_투자로맨스,가짜투자앱유도,SMS,"[VIP리딩방] 오늘 가입자 한정 혜택! 10만원으로 시작, 설치링크 hxxp://invest-vip-app-508.kr/7652","공식 앱스토어가 아닌 링크로 앱 설치 유도, 초기 소액 출금으로 신뢰 형성 후 거액 유도",일반적 리딩방-가짜거래소 연계 사기 패턴 참고
822,1,스팸_사기,광고성스팸,로또번호_추천광고,SMS,"[로또명당] 이번주 １등 당첨번호 무료공개! 지금까지 5회 연속 적중, 확인은 hxxp://로또명당-446.xyz/8187","확인 불가능한 당첨 이력 주장, 개인정보 입력 후 유료 결제로 유도하는 경우 많음",나무위키 스팸메일 문서의 로또번호 추천 사이트 광고 유형 참고
823,1,스팸_사기,사기_보이스피싱,소액결제사칭,SMS,"고객님의 카드에서 170,000원이 결제되었습니다. 이용하신 적 없다면 1588-6274으로 문의바랍니다","허위 소액결제 문자로 불안감 조성 후 사기범이 안내하는 번호로 유도, 실제 결제 내역 없음",보안뉴스 경찰청 보이스피싱 사례(허위 소액결제 문자 유형) 패턴 참고
824,0,정상,정상,은행정상알림,SMS,"[카카오뱅크] 체크카드 30,000원 승인. 가맹점: 쿠팡",해당없음(정상 메시지),일상적으로 발생하는 정상 업무/생활 커뮤니케이션 예시(합성)
825,0,정상,정상,은행정상알림,SMS,"[하나은행] 고객님 계좌에서 300,000원이 출금되었습니다 (잔액 752만원)",해당없음(정상 메시지),일상적으로 발생하는 정상 업무/생활 커뮤니케이션 예시(합성)
826,1,스팸_사기,광고성스팸,불법도박광고,SMS,"[로얄카지노] 신규회원 콤프 지급! 신규입가시 최대 200만원 지급, 지금 바로 가입 hxxp://로얄카지노-963.net/3593","080 수신거부 번호 없음, 단축/변형 URL, 미신고 도박사이트, 고액 지급 미끼",방통위·KISA 문자스팸 통계(도박 유형 약 40%) 패턴 참고
827,1,스팸_사기,사기_투자로맨스,가짜투자앱유도,SMS,"[VIP리딩방] 부담없이 50만원으로 테스트해보세요, 결과 보고 늘리셔도 돼요 hxxp://invest-vip-app-763.kr/7346","공식 앱스토어가 아닌 링크로 앱 설치 유도, 초기 소액 출금으로 신뢰 형성 후 거액 유도",일반적 리딩방-가짜거래소 연계 사기 패턴 참고
828,1,스팸_사기,악성_해킹시도,청첩장_부고장사칭_스미싱,SMS,[모바일초대장] OOO님이 결혼식 초대장을 보냈습니다. 아래에서 확인해주세요 hxxp://mcard-invite-954.kr/２０６９,"지인 사칭, 모바일 청첩장/부고장 클릭 유도 후 악성 앱 설치, 실제 지인 확인 불가",cashnote 스미싱 총정리(모바일청첩장 클릭 후 대출 피해) 패턴 참고
829,0,정상,정상,은행정상알림,SMS,"[신한은행] 출금 480,000원 처리되었어요. 남은 잔액은 873만원",해당없음(정상 메시지),일상적으로 발생하는 정상 업무/생활 커뮤니케이션 예시(합성)
830,1,스팸_사기,가짜채용,현금수거책_고액알바,SMS,단순 심부름 업무로 일당 50만원 드립니다. 수원 인근 지정 장소에서 현금이 든 쇼핑백을 수거해 전달만 하시면 됩니다. 경력/면접 없이 바로 시작 가능 💼,"비대면 채용, 현금 운반이라는 비정상적 업무, 고액 일당 대비 매우 단순한 업무 내용",정책브리핑·잡플래닛 고액알바 위험성 안내 패턴 참고
831,1,스팸_사기,광고성스팸,불법도박광고,SMS,"[로얄카지노] 매충 30% 상시지급! 신규가입시 최대 100만원 지급, 지금 바로 가입 hxxp://로얄카지노-584.com/2971","080 수신거부 번호 없음, 단축/변형 URL, 미신고 도박사이트, 고액 지급 미끼",방통위·KISA 문자스팸 통계(도박 유형 약 40%) 패턴 참고
832,1,스팸_사기,광고성스팸,불법대출광고,SMS,"[직장인우대론] 신용조회 없이 당일승인, 최대 5000만원. 뮨의 010-6099-2440 📢","미등록 대부업 의심, '신용조회 없이' 문구, 무자격자 대상 고액 대출 미끼",신한카드 불법대출광고 유형 안내 페이지 패턴 참고
834,1,스팸_사기,사기_투자로맨스,가짜투자앱유도,SMS,[VIP리딩방] 검증된 리딩방입니다. 10만원부터 시작해서 수익 인증 보시고 판단하세요 hxxp://invest-vip-app-328.top/1299,"공식 앱스토어가 아닌 링크로 앱 설치 유도, 초기 소액 출금으로 신뢰 형성 후 거액 유도",일반적 리딩방-가짜거래소 연계 사기 패턴 참고
835,0,정상,정상,은행정상알림,SMS,"[우리은행] 자동납부 예정: 24일 320,000원, 잔액을 미리 확인해주세요",해당없음(정상 메시지),일상적으로 발생하는 정상 업무/생활 커뮤니케이션 예시(합성)
836,1,스팸_사기,악성_해킹시도,택배사칭_스미싱,SMS,[롯데택배] 송장번호(4674121534) 관세 미납으로 통관이 보류되었습니다. 확인: hxxp://롯데택배-477.net/8595,"실제 주문내역 없음, 단축/변형 URL, 클릭 시 악성 앱 설치 유도",이스트시큐리티 알약 블로그·cashnote 스미싱 총정리 패턴 참고
837,1,스팸_사기,가짜채용,현금수거책_고액알바,SMS,단순 심부름 업무로 일당 3O만원 드립니다. 강남 인근 지정 장소에서 현금이 든 쇼핑백을 수거해 전달만 하시면 됩니다. 경력/면접 없이 바로 시작 가능,"비대면 채용, 현금 운반이라는 비정상적 업무, 고액 일당 대비 매우 단순한 업무 내용",정책브리핑·잡플래닛 고액알바 위험성 안내 패턴 참고
838,1,스팸_사기,사기_보이스피싱,소액결제사칭,SMS,"[해외결제] 359,000원이 승인되었습니다. 본인 확인 필요 시 1588-９１５５","허위 소액결제 문자로 불안감 조성 후 사기범이 안내하는 번호로 유도, 실제 결제 내역 없음",보안뉴스 경찰청 보이스피싱 사례(허위 소액결제 문자 유형) 패턴 참고
839,1,스팸_사기,사기_투자로맨스,가짜투자앱유도,SMS,[VIP리딩방] 제가 알려드린 전용 앱에 가입하시고 lO만원부터 넣어보세요. 첫 수익 나면 바로 출금 가능하니 걱정 마세요 :) 앱 설치: hxxp://invest-vip-app-428.top/3584,"공식 앱스토어가 아닌 링크로 앱 설치 유도, 초기 소액 출금으로 신뢰 형성 후 거액 유도",일반적 리딩방-가짜거래소 연계 사기 패턴 참고
840,1,스팸_사기,광고성스팸,불법도박광고,SMS,"[챔피언벳] 가입머니 5만원 즉시지급! 신규가입시 최대 50만원 지급, 지금 바로 가입 hxxp://챔피언벳-196.xyz/4352","080 수신거부 번호 없음, 단축/변형 URL, 미신고 도박사이트, 고액 지급 미끼",방통위·KISA 문자스팸 통계(도박 유형 약 40%) 패턴 참고
841,1,스팸_사기,광고성스팸,로또번호_추천광고,SMS,"[로또마스터] 이번주 1등 당첨번호 무료공개! 지금까지 5회 연속 적중, 화긴은 hxxp://로또마스터-343.top/1096","확인 불가능한 당첨 이력 주장, 개인정보 입력 후 유료 결제로 유도하는 경우 많음",나무위키 스팸메일 문서의 로또번호 추천 사이트 광고 유형 참고
842,1,스팸_사기,사기_보이스피싱,소액결제사칭,SMS,"[승인알림] 910,000원 결제가 완료되었습니다. 본인이 아니라면 고객센터로 문의하세요 1588-5651","허위 소액결제 문자로 불안감 조성 후 사기범이 안내하는 번호로 유도, 실제 결제 내역 없음",보안뉴스 경찰청 보이스피싱 사례(허위 소액결제 문자 유형) 패턴 참고
843,0,정상,정상,은행정상알림,SMS,"[하나은행] 390,000원 출금되었습니다. 잔액 580만원",해당없음(정상 메시지),일상적으로 발생하는 정상 업무/생활 커뮤니케이션 예시(합성)
844,1,스팸_사기,광고성스팸,불법도박광고,SMS,"[킹스벳] 매충 30% 상시지급! 신규가입시 최대 200만원 지급, 지금 로바 가입 hxxp://킹스벳-984.top/5875","080 수신거부 번호 없음, 단축/변형 URL, 미신고 도박사이트, 고액 지급 미끼",방통위·KISA 문자스팸 통계(도박 유형 약 40%) 패턴 참고
845,1,스팸_사기,사기_보이스피싱,택배부재중_ARS사칭,SMS,(ARS) 수취인 부재로 우편물이 반송될 예정입니다. 자세한 사항은 ８번을 눌러 상담원과 연결하세요.,우편물/택배 사칭 ARS로 상담원 연결 유도 후 개인정보·금융정보 요구,banksalad 법원등기 보이스피싱 안내 페이지 패턴 참고
846,1,스팸_사기,광고성스팸,로또번호_추천광고,SMS,"[로또명당] 이번주 1등 당첨번호 무료공개! 지금까지 2회 연속 적중, 확인은 hxxp://로또명당-323.xyz/3113","확인 불가능한 당첨 이력 주장, 개인정보 입력 후 유료 결제로 유도하는 경우 많음",나무위키 스팸메일 문서의 로또번호 추천 사이트 광고 유형 참고
847,1,스팸_사기,악성_해킹시도,카드발급사칭_스미싱,SMS,고객님 명의로 국민카드가 신규 발급 신청되었습니다. 본인이 아니라면 즉시 확인 hxxp://card-verify-kr-993.kr/5160,"신청한 적 없는 카드 발급 안내, 확인을 명목으로 악성 링크 클릭 유도",KB Think 스미싱 대처법 페이지(신청한 적 없는 카드 스미싱) 패턴 참고
848,1,스팸_사기,악성_해킹시도,카드발급사칭_스미싱,SMS,고객님 명의로 현대카드가 신규 발급 신청되었습니다. 본인이 아니라면 즉시 확인 hxxp://card-verify-kr-919.com/l4O7,"신청한 적 없는 카드 발급 안내, 확인을 명목으로 악성 링크 클릭 유도",KB Think 스미싱 대처법 페이지(신청한 적 없는 카드 스미싱) 패턴 참고
849,0,정상,정상,은행정상알림,SMS,"[신한은행] 체크카드 340,000원 승인. 가맹점: 마켓컬리",해당없음(정상 메시지),일상적으로 발생하는 정상 업무/생활 커뮤니케이션 예시(합성)
850,1,스팸_사기,악성_해킹시도,택배사칭_스미싱,SMS,[로젠택배] 송장번호(2825680921) 부재중으로 반송 예정입니다. 확인: hxxp://로젠택배-844.xyz/2350,"실제 주문내역 없음, 단축/변형 URL, 클릭 시 악성 앱 설치 유도",이스트시큐리티 알약 블로그·cashnote 스미싱 총정리 패턴 참고
851,1,스팸_사기,악성_해킹시도,청첩장_부고장사칭_스미싱,SMS,OOO님의 장례식에 초대합니다. 모바일 부고장 화긴하기 hxxp://mcard-invite-346.xyz/2630,"지인 사칭, 모바일 청첩장/부고장 클릭 유도 후 악성 앱 설치, 실제 지인 확인 불가",cashnote 스미싱 총정리(모바일청첩장 클릭 후 대출 피해) 패턴 참고
853,0,정상,정상,은행정상알림,SMS,"[카카오뱅크] 다가오는 20일, 110,000원이 자동으로 이체됩니다",해당없음(정상 메시지),일상적으로 발생하는 정상 업무/생활 커뮤니케이션 예시(합성)
854,1,스팸_사기,광고성스팸,불법도박광고,SMS,"[프리미엄카지노] 신규회원 콤프 지급! 신규가입시 최대 100만원 지급, 지금 바로 가입 hxxp://프리미엄카지노-481.xyz/9974","080 수신거부 번호 없음, 단축/변형 URL, 미신고 도박사이트, 고액 지급 미끼",방통위·KISA 문자스팸 통계(도박 유형 약 40%) 패턴 참고
855,1,스팸_사기,광고성스팸,로또번호_추천광고,SMS,"[로또명당] 이번주 1등 당첨번호 무료공개! 지금까지 5회 연속 적중, 확인은 hxxp://로또명당-450.kr/4375 🎉","확인 불가능한 당첨 이력 주장, 개인정보 입력 후 유료 결제로 유도하는 경우 많음",나무위키 스팸메일 문서의 로또번호 추천 사이트 광고 유형 참고
856,1,스팸_사기,악성_해킹시도,청첩장_부고장사칭_스미싱,SMS,[모바일초대장] OOO님이 결혼식 초대장을 보냈습니다. 아래에서 확인해주세요 hxxp://mcard-invite-４１８.net/6950,"지인 사칭, 모바일 청첩장/부고장 클릭 유도 후 악성 앱 설치, 실제 지인 확인 불가",cashnote 스미싱 총정리(모바일청첩장 클릭 후 대출 피해) 패턴 참고
857,1,스팸_사기,광고성스팸,불법도박광고,SMS,"[메이저파크] 신규회원 콤프 지급! 신규가입시 최대 150만원 지급, 지금 바로 가입 hxxp://메이저파크-260.xyz/1304","080 수신거부 번호 없음, 단축/변형 URL, 미신고 도박사이트, 고액 지급 미끼",방통위·KISA 문자스팸 통계(도박 유형 약 40%) 패턴 참고
858,1,스팸_사기,광고성스팸,불법도박광고,SMS,"[메이저파크] 루징 캐시백 10%! 신규가입시 최대 100만원 급지, 지금 바로 가입 hxxp://메이저파크-717.kr/9223","080 수신거부 번호 없음, 단축/변형 URL, 미신고 도박사이트, 고액 지급 미끼",방통위·KISA 문자스팸 통계(도박 유형 약 40%) 패턴 참고
860,0,정상,정상,은행정상알림,SMS,"[우리은행] 체크카드 380,000원 사용, 현재 잔액 809만원입니다",해당없음(정상 메시지),일상적으로 발생하는 정상 업무/생활 커뮤니케이션 예시(합성)
861,1,스팸_사기,광고성스팸,불법대출광고,SMS,"[든든머니대부] 서류 없이 전화상담만으로 심사, 최대 １０００만원. 문의 010-3266-7051","미등록 대부업 의심, '신용조회 없이' 문구, 무자격자 대상 고액 대출 미끼",신한카드 불법대출광고 유형 안내 페이지 패턴 참고
863,1,스팸_사기,사기_투자로맨스,가짜투자앱유도,SMS,[VIP리딩방] 검증된 리딩방입니다. 30만원부터 시작해서 수익 인증 보시고 판단하세요 hxxp://invest-vip-app-874.kr/9005,"공식 앱스토어가 아닌 링크로 앱 설치 유도, 초기 소액 출금으로 신뢰 형성 후 거액 유도",일반적 리딩방-가짜거래소 연계 사기 패턴 참고
864,1,스팸_사기,광고성스팸,불법대출광고,SMS,"📢 [스마일캐피탈] 당일 즉시 입금, 최대 1000만원. 문의 010-6338-4347","미등록 대부업 의심, '신용조회 없이' 문구, 무자격자 대상 고액 대출 미끼",신한카드 불법대출광고 유형 안내 페이지 패턴 참고
865,1,스팸_사기,가짜채용,현금수거책_고액알바,SMS,단순 심부름 업무로 일당 30만원 드립니다. 광주 인근 지정 장소에서 현금이 든 쇼핑백을 수거해 전달만 하시면 됩니다. 경력/면접 없이 바로 시작 가능,"비대면 채용, 현금 운반이라는 비정상적 업무, 고액 일당 대비 매우 단순한 업무 내용",정책브리핑·잡플래닛 고액알바 위험성 안내 패턴 참고
866,1,스팸_사기,악성_해킹시도,청첩장_부고장사칭_스미싱,SMS,OOO님의 장례식에 초대합니다. 모바일 청첩장 확인하기 hxxp://mcard-invite-951.kr/1954,"지인 사칭, 모바일 청첩장/부고장 클릭 유도 후 악성 앱 설치, 실제 지인 확인 불가",cashnote 스미싱 총정리(모바일청첩장 클릭 후 대출 피해) 패턴 참고
867,1,스팸_사기,광고성스팸,불법도박광고,SMS,"[코리아벳] 루징 캐시백 10%! 신규가입시 최대 50만원 지급, 지금 바로 가입 hxxp://코리아벳-550.xyz/4904","080 수신거부 번호 없음, 단축/변형 URL, 미신고 도박사이트, 고액 지급 미끼",방통위·KISA 문자스팸 통계(도박 유형 약 40%) 패턴 참고
868,1,스팸_사기,광고성스팸,불법대출광고,SMS,"[행운대부] 카드론 대환 특별상품, 최대 2000만원. 문의 010-6518-6729","미등록 대부업 의심, '신용조회 없이' 문구, 무자격자 대상 고액 대출 미끼",신한카드 불법대출광고 유형 안내 페이지 패턴 참고
869,1,스팸_사기,광고성스팸,불법도박광고,SMS,"[머니라인] 첫충 200% 이벤트! 신규가입시 최대 150만원 지급, 지금 바로 가입 hxxp://머니라인-185.com/4643 📢","080 수신거부 번호 없음, 단축/변형 URL, 미신고 도박사이트, 고액 지급 미끼",방통위·KISA 문자스팸 통계(도박 유형 약 40%) 패턴 참고
870,1,스팸_사기,악성_해킹시도,카드발급사칭_스미싱,SMS,⚠️ 고객님 명의로 삼성카드가 신규 발급 신청되었습니다. 본인이 아니라면 즉시 확인 hxxp://card-verify-kr-229.kr/6811,"신청한 적 없는 카드 발급 안내, 확인을 명목으로 악성 링크 클릭 유도",KB Think 스미싱 대처법 페이지(신청한 적 없는 카드 스미싱) 패턴 참고
871,0,정상,정상,정상택배안내,SMS,[CJ대한통운] 배송완료! 문 앞을 확인해주세요. 송장 909184791770,해당없음(정상 메시지),일상적으로 발생하는 정상 업무/생활 커뮤니케이션 예시(합성)
872,1,스팸_사기,사기_보이스피싱,소액결제사칭,SMS,"[승인알림] 834,OOO원 결제가 완료되었슴니다. 본인이 아니라면 고객센터로 문의하세요 1588-8578 ⚠️","허위 소액결제 문자로 불안감 조성 후 사기범이 안내하는 번호로 유도, 실제 결제 내역 없음",보안뉴스 경찰청 보이스피싱 사례(허위 소액결제 문자 유형) 패턴 참고
874,1,스팸_사기,사기_투자로맨스,가짜투자앱유도,SMS,"[VIP리딩방] 소액 50만원부터 체험 가능, 수익 인증샷 보내드릴게요! 설치: hxxp://invest-vip-app-207.xyz/6947","공식 앱스토어가 아닌 링크로 앱 설치 유도, 초기 소액 출금으로 신뢰 형성 후 거액 유도",일반적 리딩방-가짜거래소 연계 사기 패턴 참고
875,1,스팸_사기,악성_해킹시도,공공기관사칭_스미싱,SMS,교통위반 통지서가 도착했습니다(2025.10). 상세내역 조회: hxxp://traffic-24check-１８８.top/1710,"실제 정부기관은 개인 URL 링크로 벌금 안내를 하지 않음, 가짜 정부사이트 유도",cashnote 스미싱 총정리(경찰청교통민원24 사칭 유형) 패턴 참고
876,1,스팸_사기,사기_투자로맨스,가짜투자앱유도,SMS,[VIP리딩방] 제가 알려드린 전용 앱에 가입하시고 10만원부터 넣어보세요. 첫 수익 나면 바로 출금 가능하니 걱정 마세요 :) 앱 설치: hxxp://invest-vip-app-125.com/7611,"공식 앱스토어가 아닌 링크로 앱 설치 유도, 초기 소액 출금으로 신뢰 형성 후 거액 유도",일반적 리딩방-가짜거래소 연계 사기 패턴 참고
877,1,스팸_사기,악성_해킹시도,카드발급사칭_스미싱,SMS,고객님 명의로 삼성카드가 신규 발급 신청되었습니다. 본인이 아니라면 즉시 확인 hxxp://card-verify-kr-２８２.net/9972,"신청한 적 없는 카드 발급 안내, 확인을 명목으로 악성 링크 클릭 유도",KB Think 스미싱 대처법 페이지(신청한 적 없는 카드 스미싱) 패턴 참고
878,1,스팸_사기,악성_해킹시도,카드발급사칭_스미싱,SMS,⚠️ 고객님 명의로 현대카드가 신규 발급 신청되었습니다. 본인이 아니라면 즉시 확인 hxxp://card-verify-kr-772.top/8932,"신청한 적 없는 카드 발급 안내, 확인을 명목으로 악성 링크 클릭 유도",KB Think 스미싱 대처법 페이지(신청한 적 없는 카드 스미싱) 패턴 참고
879,0,정상,정상,은행정상알림,SMS,"[국민은행] 승인알림: 60,000원 결제(출금) 완료. 잔여 412만원",해당없음(정상 메시지),일상적으로 발생하는 정상 업무/생활 커뮤니케이션 예시(합성)
880,1,스팸_사기,광고성스팸,불법도박광고,SMS,"[로얄카지노] 출석체크 포인트 지급! 신규가입시 최대 150만원 지급, 지금 바로 가입 hxxp://로얄카지노-688.com/1076","080 수신거부 번호 없음, 단축/변형 URL, 미신고 도박사이트, 고액 지급 미끼",방통위·KISA 문자스팸 통계(도박 유형 약 40%) 패턴 참고
881,1,스팸_사기,악성_해킹시도,카드발급사칭_스미싱,SMS,고객님 명의로 우리카드가 신규 발급 신청되었습니다. 본인이 아니라면 즉시 확인 hxxp://card-verify-kr-494.xyz/2495,"신청한 적 없는 카드 발급 안내, 확인을 명목으로 악성 링크 클릭 유도",KB Think 스미싱 대처법 페이지(신청한 적 없는 카드 스미싱) 패턴 참고
882,0,정상,정상,은행정상알림,SMS,"[신한은행] 체크카드 250,000원 승인. 가맹점: 마켓컬리",해당없음(정상 메시지),일상적으로 발생하는 정상 업무/생활 커뮤니케이션 예시(합성)
883,1,스팸_사기,사기_보이스피싱,소액결제사칭,SMS,"[승인알림] 274,OOO원 결제가 완료되었습니다. 본인이 아니라면 고객센터로 문의하세요 1588-1463","허위 소액결제 문자로 불안감 조성 후 사기범이 안내하는 번호로 유도, 실제 결제 내역 없음",보안뉴스 경찰청 보이스피싱 사례(허위 소액결제 문자 유형) 패턴 참고
884,1,스팸_사기,광고성스팸,불법도박광고,SMS,"[프리미엄카지노] 가입머니 5만원 즉시지급! 신규가입시 최대 100만원 지급, 지금 바로 가입 hxxp://프리미엄카지노-937.com/2080","080 수신거부 번호 없음, 단축/변형 URL, 미신고 도박사이트, 고액 지급 미끼",방통위·KISA 문자스팸 통계(도박 유형 약 40%) 패턴 참고
885,1,스팸_사기,광고성스팸,불법대출광고,SMS,"[행운대부] 서류 없이 전화상담만으로 심사, 최대 2000만원. 문의 010-4442-4011","미등록 대부업 의심, '신용조회 없이' 문구, 무자격자 대상 고액 대출 미끼",신한카드 불법대출광고 유형 안내 페이지 패턴 참고
886,1,스팸_사기,광고성스팸,불법대출광고,SMS,"[믿음저축] 서류 없이 전화상담만으로 심사, 최대 5000만원. 뮨의 010-3242-5903","미등록 대부업 의심, '신용조회 없이' 문구, 무자격자 대상 고액 대출 미끼",신한카드 불법대출광고 유형 안내 페이지 패턴 참고
887,1,스팸_사기,사기_보이스피싱,소액결제사칭,SMS,"[Web발신] 430,000원 결제승인 알림, 부정사용 의심시 1588-9682 문의","허위 소액결제 문자로 불안감 조성 후 사기범이 안내하는 번호로 유도, 실제 결제 내역 없음",보안뉴스 경찰청 보이스피싱 사례(허위 소액결제 문자 유형) 패턴 참고
888,1,스팸_사기,악성_해킹시도,청첩장_부고장사칭_스미싱,SMS,OOO님의 결혼식에 초대합니다. 모바일 청첩장 화긴하기 hxxp://mcard-invite-400.xyz/4279,"지인 사칭, 모바일 청첩장/부고장 클릭 유도 후 악성 앱 설치, 실제 지인 확인 불가",cashnote 스미싱 총정리(모바일청첩장 클릭 후 대출 피해) 패턴 참고
889,0,정상,정상,은행정상알림,SMS,"[토스뱅크] 체크카드 480,000원 승인. 가맹점: 마켓컬리",해당없음(정상 메시지),일상적으로 발생하는 정상 업무/생활 커뮤니케이션 예시(합성)
890,1,스팸_사기,사기_보이스피싱,소액결제사칭,SMS,"[승인알림] 883,000원 결제가 완료되었습니다. 본인이 아니라면 고객센터로 문의하세요 l588-9563","허위 소액결제 문자로 불안감 조성 후 사기범이 안내하는 번호로 유도, 실제 결제 내역 없음",보안뉴스 경찰청 보이스피싱 사례(허위 소액결제 문자 유형) 패턴 참고
891,1,스팸_사기,광고성스팸,불법대출광고,SMS,"[케이캐시대부] 서류 없이 전화상담만으로 심사, 최대 5000만원. 문의 010-1693-7740","미등록 대부업 의심, '신용조회 없이' 문구, 무자격자 대상 고액 대출 미끼",신한카드 불법대출광고 유형 안내 페이지 패턴 참고
892,0,정상,정상,은행정상알림,SMS,"[하나은행] 16일에 350,000원 자동이체가 예정되어 있습니다",해당없음(정상 메시지),일상적으로 발생하는 정상 업무/생활 커뮤니케이션 예시(합성)
893,1,스팸_사기,광고성스팸,로또번호_추천광고,SMS,"🎉 [1등예측단] 이번주 1등 당첨번호 무료공개! 지금까지 4회 연속 적중, 확인은 hxxp://1등예측단-404.xyz/2O7O","확인 불가능한 당첨 이력 주장, 개인정보 입력 후 유료 결제로 유도하는 경우 많음",나무위키 스팸메일 문서의 로또번호 추천 사이트 광고 유형 참고
894,1,스팸_사기,악성_해킹시도,택배사칭_스미싱,SMS,[롯데택배] 송장번호(7338011956) 주소 불일치로 물품 보관 중입니다. 확인: hxxp://롯데택배-355.top/2430,"실제 주문내역 없음, 단축/변형 URL, 클릭 시 악성 앱 설치 유도",이스트시큐리티 알약 블로그·cashnote 스미싱 총정리 패턴 참고
895,1,스팸_사기,광고성스팸,로또번호_추천광고,SMS,"[복권천재] 이번주 1등 당첨번호 무료공개! 지금까지 3회 연속 적중, 화긴은 hxxp://복권천재-249.kr/5641","확인 불가능한 당첨 이력 주장, 개인정보 입력 후 유료 결제로 유도하는 경우 많음",나무위키 스팸메일 문서의 로또번호 추천 사이트 광고 유형 참고
896,1,스팸_사기,광고성스팸,로또번호_추천광고,SMS,"[1등예측단] 이번주 1등 당첨번호 무료공개! 지금까지 2회 연속 적중, 화긴은 hxxp://1등예측단-102.net/1618","확인 불가능한 당첨 이력 주장, 개인정보 입력 후 유료 결제로 유도하는 경우 많음",나무위키 스팸메일 문서의 로또번호 추천 사이트 광고 유형 참고
897,1,스팸_사기,광고성스팸,로또번호_추천광고,SMS,"🎉 [로또명당] 이번주 1등 당첨번호 무료공개! 지금까지 2회 연속 적중, 확인은 hxxp://로또명당-238.com/4795","확인 불가능한 당첨 이력 주장, 개인정보 입력 후 유료 결제로 유도하는 경우 많음",나무위키 스팸메일 문서의 로또번호 추천 사이트 광고 유형 참고
898,0,정상,정상,은행정상알림,SMS,"[토스뱅크] 이체 310,000원 출금 처리완료. 잔액 204만원 남았습니다",해당없음(정상 메시지),일상적으로 발생하는 정상 업무/생활 커뮤니케이션 예시(합성)
899,1,스팸_사기,가짜채용,현금수거책_고액알바,SMS,💼 단순 심부름 업무로 일당 25만원 드립니다. 광주 인근 지정 장소에서 현금이 든 쇼핑백을 수거해 전달만 하시면 됩니다. 경력/면접 없이 바로 시작 가능,"비대면 채용, 현금 운반이라는 비정상적 업무, 고액 일당 대비 매우 단순한 업무 내용",정책브리핑·잡플래닛 고액알바 위험성 안내 패턴 참고
900,1,스팸_사기,사기_투자로맨스,로맨스스캠_구제사기,SMS,로맨스스캠 피해금 회수 전문입니다. 화이트해커팀이 사기범 계좌를 추적해 원금 복구를 도와드립니다. 착수금 없이 진행 가능합니다.,"이미 피해 입은 사람을 재차 노리는 2차 사기, '착수금 없이'라 해놓고 이후 수수료 요구하는 경우多",나무위키 로맨스스캠 문서(피해자 재노림 2차 사기 유형) 패턴 참고
901,0,정상,정상,은행정상알림,SMS,"[토스뱅크] 이체 10,000원 출금 처리완료. 잔액 607만원 남았습니다",해당없음(정상 메시지),일상적으로 발생하는 정상 업무/생활 커뮤니케이션 예시(합성)
902,0,정상,정상,은행정상알림,SMS,"[우리은행] 체크카드 200,000원 승인. 가맹점: 무신사",해당없음(정상 메시지),일상적으로 발생하는 정상 업무/생활 커뮤니케이션 예시(합성)
903,1,스팸_사기,사기_보이스피싱,소액결제사칭,SMS,"[승인알림] 416,000원 결제가 완료되었습니다. 본인이 아니라면 고객센터로 문의하세요 1588-8694","허위 소액결제 문자로 불안감 조성 후 사기범이 안내하는 번호로 유도, 실제 결제 내역 없음",보안뉴스 경찰청 보이스피싱 사례(허위 소액결제 문자 유형) 패턴 참고
905,0,정상,정상,은행정상알림,SMS,"[카카오뱅크] 체크카드 460,000원 승인. 가맹점: 마켓컬리",해당없음(정상 메시지),일상적으로 발생하는 정상 업무/생활 커뮤니케이션 예시(합성)
906,0,정상,정상,은행정상알림,SMS,"[카카오뱅크] 체크카드 500,000원 승인. 가맹점: 올리브영",해당없음(정상 메시지),일상적으로 발생하는 정상 업무/생활 커뮤니케이션 예시(합성)
907,1,스팸_사기,광고성스팸,불법도박광고,SMS,"[로얄카지노] 신규회원 콤프 지급! 신규가입시 최대 １５０만원 지급, 지금 바로 가입 hxxp://로얄카지노-721.net/8783","080 수신거부 번호 없음, 단축/변형 URL, 미신고 도박사이트, 고액 지급 미끼",방통위·KISA 문자스팸 통계(도박 유형 약 40%) 패턴 참고
908,1,스팸_사기,악성_해킹시도,공공기관사칭_스미싱,SMS,[안내#24] 2026년 2월분 교통법규위반이 접수되었습니다. 확인: hxxp://traffic-24check-４４６.top/7838,"실제 정부기관은 개인 URL 링크로 벌금 안내를 하지 않음, 가짜 정부사이트 유도",cashnote 스미싱 총정리(경찰청교통민원24 사칭 유형) 패턴 참고
909,1,스팸_사기,악성_해킹시도,청첩장_부고장사칭_스미싱,SMS,🔒 OOO님의 결혼식에 초대합니다. 모바일 청첩장 화긴하기 hxxp://mcard-invite-549.com/2852,"지인 사칭, 모바일 청첩장/부고장 클릭 유도 후 악성 앱 설치, 실제 지인 확인 불가",cashnote 스미싱 총정리(모바일청첩장 클릭 후 대출 피해) 패턴 참고
910,1,스팸_사기,악성_해킹시도,카드발급사칭_스미싱,SMS,고객님 명의로 국민카드가 신규 발급 신청되었슴니다. 본인이 아니라면 즉시 확인 hxxp://card-verify-kr-331.xyz/6054,"신청한 적 없는 카드 발급 안내, 확인을 명목으로 악성 링크 클릭 유도",KB Think 스미싱 대처법 페이지(신청한 적 없는 카드 스미싱) 패턴 참고
911,1,스팸_사기,사기_투자로맨스,가짜투자앱유도,SMS,"[VIP리딩방] 오늘 가입자 한정 혜택! 30만원으로 시작, 설치링크 hxxp://invest-vip-app-386.xyz/８４２１","공식 앱스토어가 아닌 링크로 앱 설치 유도, 초기 소액 출금으로 신뢰 형성 후 거액 유도",일반적 리딩방-가짜거래소 연계 사기 패턴 참고
912,1,스팸_사기,악성_해킹시도,공공기관사칭_스미싱,SMS,교통위반 통지서가 도착했습니다(2026.2). 상세내역 조회: hxxp://traffic-24check-990.top/8212,"실제 정부기관은 개인 URL 링크로 벌금 안내를 하지 않음, 가짜 정부사이트 유도",cashnote 스미싱 총정리(경찰청교통민원24 사칭 유형) 패턴 참고
913,1,스팸_사기,광고성스팸,불법도박광고,SMS,"[슈퍼토토] 신규회원 콤프 지급! 신규가입시 최대 50만원 지급, 지금 바로 가입 hxxp://슈퍼토토-313.xyz/7898","080 수신거부 번호 없음, 단축/변형 URL, 미신고 도박사이트, 고액 지급 미끼",방통위·KISA 문자스팸 통계(도박 유형 약 40%) 패턴 참고
914,1,스팸_사기,광고성스팸,불법도박광고,SMS,"[머니라인] 신규회원 콤프 지급! 신규가입시 최대 150만원 지급, 지금 바로 가입 hxxp://머니라인-322.xyz/7040","080 수신거부 번호 없음, 단축/변형 URL, 미신고 도박사이트, 고액 지급 미끼",방통위·KISA 문자스팸 통계(도박 유형 약 40%) 패턴 참고
915,1,스팸_사기,가짜채용,통장대여_이체알바,SMS,"[재택알바] 본인 명의 계좌만 빌려주시면 건당 lO만원, 이체 심부름 알바 구합니다. 텔레그램으로 연락주세요 @job332","통장 대여는 전자금융거래법 위반, 텔레그램 등 익명 메신저로만 소통, 실제로는 보이스피싱 자금 세탁에 이용",kbthink 이체알바 사기 안내(통장 대여 시 처벌 규정) 패턴 참고
916,0,정상,정상,은행정상알림,SMS,"[우리은행] 22일 자동이체 90,000원 출금 예정이오니 참고 바랍니다",해당없음(정상 메시지),일상적으로 발생하는 정상 업무/생활 커뮤니케이션 예시(합성)
917,0,정상,정상,은행정상알림,SMS,"[국민은행] 승인알림: 480,000원 결제(출금) 완료. 잔여 887만원",해당없음(정상 메시지),일상적으로 발생하는 정상 업무/생활 커뮤니케이션 예시(합성)
918,1,스팸_사기,악성_해킹시도,청첩장_부고장사칭_스미싱,SMS,[초대장 도착] 결혼식 부고장를 보내드립니다. hxxp://mcard-invite-4l6.kr/1844에서 열어보세요,"지인 사칭, 모바일 청첩장/부고장 클릭 유도 후 악성 앱 설치, 실제 지인 확인 불가",cashnote 스미싱 총정리(모바일청첩장 클릭 후 대출 피해) 패턴 참고
919,1,스팸_사기,사기_보이스피싱,소액결제사칭,SMS,"320,000원 결제 승인 문자입니다. 본인이 아니시면 1588-4014로 신고해주세요","허위 소액결제 문자로 불안감 조성 후 사기범이 안내하는 번호로 유도, 실제 결제 내역 없음",보안뉴스 경찰청 보이스피싱 사례(허위 소액결제 문자 유형) 패턴 참고
920,0,정상,정상,은행정상알림,SMS,"[카카오뱅크] 체크카드 340,000원 승인. 가맹점: 올리브영",해당없음(정상 메시지),일상적으로 발생하는 정상 업무/생활 커뮤니케이션 예시(합성)
921,1,스팸_사기,광고성스팸,불법도박광고,SMS,"[대박토토] 매충 30% 상시지급! 신규가입시 최대 100만원 지급, 지금 바로 가입 hxxp://대박토토-934.kr/6604","080 수신거부 번호 없음, 단축/변형 URL, 미신고 도박사이트, 고액 지급 미끼",방통위·KISA 문자스팸 통계(도박 유형 약 40%) 패턴 참고
922,1,스팸_사기,광고성스팸,로또번호_추천광고,SMS,"[로또명당] 이번주 1등 당첨번호 무료공개! 지금까지 2회 연속 적중, 확인은 hxxp://로또명당-424.xyz/2807","확인 불가능한 당첨 이력 주장, 개인정보 입력 후 유료 결제로 유도하는 경우 많음",나무위키 스팸메일 문서의 로또번호 추천 사이트 광고 유형 참고
923,1,스팸_사기,광고성스팸,로또번호_추천광고,SMS,"🔥 [로또마스터] 이번주 1등 당첨번호 무료공개! 지금까지 5회 연속 적중, 화긴은 hxxp://로또마스터-３３４.com/9470","확인 불가능한 당첨 이력 주장, 개인정보 입력 후 유료 결제로 유도하는 경우 많음",나무위키 스팸메일 문서의 로또번호 추천 사이트 광고 유형 참고
924,0,정상,정상,은행정상알림,SMS,"[하나은행] 30,000원 출금 완료, 잔액 682만원 확인하세요",해당없음(정상 메시지),일상적으로 발생하는 정상 업무/생활 커뮤니케이션 예시(합성)
925,0,정상,정상,은행정상알림,SMS,"[우리은행] 자동이체 예정 안내: 14일 310,000원 출금 예정입니다.",해당없음(정상 메시지),일상적으로 발생하는 정상 업무/생활 커뮤니케이션 예시(합성)
926,1,스팸_사기,악성_해킹시도,청첩장_부고장사칭_스미싱,SMS,OOO님의 장례식에 초대합니다. 모바일 부고장 화긴하기 hxxp://mcard-invite-384.top/2634,"지인 사칭, 모바일 청첩장/부고장 클릭 유도 후 악성 앱 설치, 실제 지인 확인 불가",cashnote 스미싱 총정리(모바일청첩장 클릭 후 대출 피해) 패턴 참고
928,0,정상,정상,은행정상알림,SMS,"[신한은행] 체크카드 70,000원 승인. 가맹점: 쿠팡",해당없음(정상 메시지),일상적으로 발생하는 정상 업무/생활 커뮤니케이션 예시(합성)
929,1,스팸_사기,가짜채용,통장대여_이체알바,SMS,"[재택알바] 본인 명의 계좌만 빌려주시면 건당 5만원, 이체 심부름 알바 구합니다. 텔레그램으로 연락주세요 @job259 📋","통장 대여는 전자금융거래법 위반, 텔레그램 등 익명 메신저로만 소통, 실제로는 보이스피싱 자금 세탁에 이용",kbthink 이체알바 사기 안내(통장 대여 시 처벌 규정) 패턴 참고
931,1,스팸_사기,악성_해킹시도,카드발급사칭_스미싱,SMS,🚨 고객님 명의로 신한카드가 신규 발급 신청되었습니다. 본인이 아니라면 즉시 확인 hxxp://card-verify-kr-375.top/1070,"신청한 적 없는 카드 발급 안내, 확인을 명목으로 악성 링크 클릭 유도",KB Think 스미싱 대처법 페이지(신청한 적 없는 카드 스미싱) 패턴 참고
932,0,정상,정상,학교공지,SMS,[OO초등학교] 상담주간 안내드립니다(6월 14일). 알림장 앱으로 신청해주세요,해당없음(정상 메시지),일상적으로 발생하는 정상 업무/생활 커뮤니케이션 예시(합성)
933,1,스팸_사기,가짜채용,현금수거책_고액알바,SMS,단순 심부름 업무로 일당 80만원 드립니다. 대전 인근 지정 장소에서 현금이 든 쇼핑백을 수거해 전달만 하시면 됩니다. 경력/면접 없이 바로 시작 가능,"비대면 채용, 현금 운반이라는 비정상적 업무, 고액 일당 대비 매우 단순한 업무 내용",정책브리핑·잡플래닛 고액알바 위험성 안내 패턴 참고
934,1,스팸_사기,악성_해킹시도,택배사칭_스미싱,SMS,[CJ대한통운] 송장번호(1551074391) 배송 지연으로 재배송 신청이 필요합니다. 확인: hxxp://cj대한통운-７２６.net/8743,"실제 주문내역 없음, 단축/변형 URL, 클릭 시 악성 앱 설치 유도",이스트시큐리티 알약 블로그·cashnote 스미싱 총정리 패턴 참고
935,1,스팸_사기,광고성스팸,로또번호_추천광고,SMS,"[1등예측단] 이번주 1등 당첨번호 무료공개! 지금까지 5회 연속 적중, 화긴은 hxxp://1등예측단-354.kr/5212","확인 불가능한 당첨 이력 주장, 개인정보 입력 후 유료 결제로 유도하는 경우 많음",나무위키 스팸메일 문서의 로또번호 추천 사이트 광고 유형 참고
936,0,정상,정상,은행정상알림,SMS,"[국민은행] 체크카드 380,000원 사용, 현재 잔액 619만원입니다",해당없음(정상 메시지),일상적으로 발생하는 정상 업무/생활 커뮤니케이션 예시(합성)
937,1,스팸_사기,사기_보이스피싱,검찰_금감원사칭,SMS,여기는 서울중앙지검입니당. 귀하의 명의로 대포통장이 개설되어 수사가 진행 중입니다. 자산보호를 위해 대출받은 5천만원을 안내하는 안전계좌로 즉시 이체하셔야 합니다. ⚠️,"검찰·경찰·금감원은 안전계좌 이체를 요구하지 않음, 전화로 수사 고지 및 송금 요구",보안뉴스 경찰청 보이스피싱 최다피해유형 사례(기관사칭형) 패턴 참고
938,0,정상,정상,은행정상알림,SMS,"[우리은행] 140,000원이 정상 출금되었어요. 잔액은 90만원입니다",해당없음(정상 메시지),일상적으로 발생하는 정상 업무/생활 커뮤니케이션 예시(합성)
940,1,스팸_사기,사기_투자로맨스,가짜투자앱유도,SMS,"[VIP리딩방] 부담없이 10만원으로 테스트해보세요, 결과 보고 늘리셔도 돼요 hxxp://invest-vip-app-351.com/9659","공식 앱스토어가 아닌 링크로 앱 설치 유도, 초기 소액 출금으로 신뢰 형성 후 거액 유도",일반적 리딩방-가짜거래소 연계 사기 패턴 참고
941,1,스팸_사기,악성_해킹시도,택배사칭_스미싱,SMS,[한진택배] 송장번호(６７６７９６４７０２) 관세 미납으로 통관이 보류되었습니다. 확인: hxxp://한진택배-756.xyz/2380,"실제 주문내역 없음, 단축/변형 URL, 클릭 시 악성 앱 설치 유도",이스트시큐리티 알약 블로그·cashnote 스미싱 총정리 패턴 참고
942,1,스팸_사기,광고성스팸,로또번호_추천광고,SMS,"🔥 [로또명당] 이번주 1등 당첨번호 무료공개! 지금까지 4회 연속 적중, 확인은 hxxp://로또명당-888.top/4906","확인 불가능한 당첨 이력 주장, 개인정보 입력 후 유료 결제로 유도하는 경우 많음",나무위키 스팸메일 문서의 로또번호 추천 사이트 광고 유형 참고
943,1,스팸_사기,사기_보이스피싱,소액결제사칭,SMS,"[해외결제] 367,000원이 승인되었습니다. 본인 확인 필요 시 1588-7057","허위 소액결제 문자로 불안감 조성 후 사기범이 안내하는 번호로 유도, 실제 결제 내역 없음",보안뉴스 경찰청 보이스피싱 사례(허위 소액결제 문자 유형) 패턴 참고
944,1,스팸_사기,악성_해킹시도,카드발급사칭_스미싱,SMS,고객님 명의로 국민카드가 신규 발급 신청되었습니다. 본인이 아니라면 즉시 확인 hxxp://card-verify-kr-765.top/2314,"신청한 적 없는 카드 발급 안내, 확인을 명목으로 악성 링크 클릭 유도",KB Think 스미싱 대처법 페이지(신청한 적 없는 카드 스미싱) 패턴 참고
945,1,스팸_사기,악성_해킹시도,택배사칭_스미싱,SMS,[CJ대한통운] 송장번호(3163668118) 배송 지연으로 재배송 신청이 필요합니다. 확인: hxxp://cj대한통운-753.xyz/2483,"실제 주문내역 없음, 단축/변형 URL, 클릭 시 악성 앱 설치 유도",이스트시큐리티 알약 블로그·cashnote 스미싱 총정리 패턴 참고
946,0,정상,정상,은행정상알림,SMS,"[신한은행] 430,000원 출금되었습니다. 잔액 37만원",해당없음(정상 메시지),일상적으로 발생하는 정상 업무/생활 커뮤니케이션 예시(합성)
947,0,정상,정상,학교공지,SMS,[OO초등학교] 8월 24일부터 학부모 상담주간이 시작됩니다. 알림장 앱에서 신청해주세요,해당없음(정상 메시지),일상적으로 발생하는 정상 업무/생활 커뮤니케이션 예시(합성)
948,1,스팸_사기,사기_보이스피싱,검찰_금감원사칭,SMS,여기는 서울중앙지검입니다. 귀하의 명의로 대포통장이 개설되어 수사가 진행 중입니다. 자산보호를 위해 대출받은 3천만원을 안내하는 안전계좌로 즉시 이체하셔야 합니다.,"검찰·경찰·금감원은 안전계좌 이체를 요구하지 않음, 전화로 수사 고지 및 송금 요구",보안뉴스 경찰청 보이스피싱 최다피해유형 사례(기관사칭형) 패턴 참고
950,1,스팸_사기,악성_해킹시도,택배사칭_스미싱,SMS,[우체국택배] 송장번호(3092522762) 배송 지연으로 재배송 신청이 필요합니다. 화긴: hxxp://우체국택배-８２９.top/6552 🔒,"실제 주문내역 없음, 단축/변형 URL, 클릭 시 악성 앱 설치 유도",이스트시큐리티 알약 블로그·cashnote 스미싱 총정리 패턴 참고
951,1,스팸_사기,광고성스팸,로또번호_추천광고,SMS,"[행운의숫자] 이번주 1등 당첨번호 무료공개! 지금까지 4회 연속 적중, 화긴은 hxxp://행운의숫자-462.top/8319","확인 불가능한 당첨 이력 주장, 개인정보 입력 후 유료 결제로 유도하는 경우 많음",나무위키 스팸메일 문서의 로또번호 추천 사이트 광고 유형 참고
952,1,스팸_사기,악성_해킹시도,카드발급사칭_스미싱,SMS,고객님 명의로 현대카드가 신규 발급 신청되었습니다. 본인이 아니라면 즉시 확인 hxxp://card-verify-kr-305.top/9942 ⚠️,"신청한 적 없는 카드 발급 안내, 확인을 명목으로 악성 링크 클릭 유도",KB Think 스미싱 대처법 페이지(신청한 적 없는 카드 스미싱) 패턴 참고
953,1,스팸_사기,가짜채용,현금수거책_고액알바,SMS,📋 단순 심부름 업무로 일당 50만원 드립니다. 인천 인근 지정 장소에서 현금이 든 쇼핑백을 수거해 전달만 하시면 됩니다. 경력/면접 없이 바로 시작 가능,"비대면 채용, 현금 운반이라는 비정상적 업무, 고액 일당 대비 매우 단순한 업무 내용",정책브리핑·잡플래닛 고액알바 위험성 안내 패턴 참고
956,1,스팸_사기,가짜채용,현금수거책_고액알바,SMS,단순 심부름 업무로 일당 25만원 드립니다. 부산 인근 지정 장소에서 현금이 든 쇼핑백을 수거해 전달만 하시면 됩니다. 경력/면접 없이 바로 시작 가능 ✅,"비대면 채용, 현금 운반이라는 비정상적 업무, 고액 일당 대비 매우 단순한 업무 내용",정책브리핑·잡플래닛 고액알바 위험성 안내 패턴 참고
957,0,정상,정상,은행정상알림,SMS,"[토스뱅크] 체크카드 290,000원 승인. 가맹점: 쿠팡",해당없음(정상 메시지),일상적으로 발생하는 정상 업무/생활 커뮤니케이션 예시(합성)
958,0,정상,정상,은행정상알림,SMS,"[토스뱅크] 정기 자동이체 안내 - 15일 170,000원 출금될 예정이에요",해당없음(정상 메시지),일상적으로 발생하는 정상 업무/생활 커뮤니케이션 예시(합성)
959,1,스팸_사기,가짜채용,재택부업_리뷰알바사기,SMS,"📋 재택으로 상품 리뷰만 작성하면 건당 12,000원! 하루 30분 투자로 월 250만원 가능합니다. 지금 카톡 문의 @homework_job","선입금(상품구매 대금 선결제) 요구로 이어지는 경우 多, 비현실적 고수익 강조, 기업 정보 불명확",보안뉴스 추석 금융사기 예방 기사(부업 아르바이트/리뷰알바 사기) 패턴 참고
960,1,스팸_사기,사기_보이스피싱,소액결제사칭,SMS,"[Web발신] 376,000원 결제승인 알림, 부정사용 의심시 1588-2384 문의","허위 소액결제 문자로 불안감 조성 후 사기범이 안내하는 번호로 유도, 실제 결제 내역 없음",보안뉴스 경찰청 보이스피싱 사례(허위 소액결제 문자 유형) 패턴 참고
961,1,스팸_사기,사기_투자로맨스,가짜투자앱유도,SMS,[VIP리딩방] 제가 알려드린 전용 앱에 가입하시고 30만원부터 넣어보세요. 첫 수익 나면 바로 출금 가능하니 걱정 마세요 :) 앱 설치: hxxp://invest-vip-app-572.top/7902,"공식 앱스토어가 아닌 링크로 앱 설치 유도, 초기 소액 출금으로 신뢰 형성 후 거액 유도",일반적 리딩방-가짜거래소 연계 사기 패턴 참고
962,0,정상,정상,은행정상알림,SMS,"[카카오뱅크] 정기 자동이체 안내 - 20일 330,000원 출금될 예정이에요",해당없음(정상 메시지),일상적으로 발생하는 정상 업무/생활 커뮤니케이션 예시(합성)
963,0,정상,정상,은행정상알림,SMS,"[하나은행] 체크카드 160,000원 승인. 가맹점: 무신사",해당없음(정상 메시지),일상적으로 발생하는 정상 업무/생활 커뮤니케이션 예시(합성)
964,0,정상,정상,은행정상알림,SMS,"[토스뱅크] 이체 130,000원 출금 처리완료. 잔액 326만원 남았습니다",해당없음(정상 메시지),일상적으로 발생하는 정상 업무/생활 커뮤니케이션 예시(합성)
965,1,스팸_사기,광고성스팸,불법대출광고,SMS,"🎉 [빠른캐피탈] 무직자,저신용자 환영, 최대 3000만원. 문의 010-2849-9088","미등록 대부업 의심, '신용조회 없이' 문구, 무자격자 대상 고액 대출 미끼",신한카드 불법대출광고 유형 안내 페이지 패턴 참고
966,1,스팸_사기,가짜채용,재택부업_리뷰알바사기,SMS,"재택으로 상품 리뷰만 작성하면 건당 20,000원! 하루 30분 투자로 월 200만원 가눙합니다. 지금 카톡 문의 @homework_job","선입금(상품구매 대금 선결제) 요구로 이어지는 경우 多, 비현실적 고수익 강조, 기업 정보 불명확",보안뉴스 추석 금융사기 예방 기사(부업 아르바이트/리뷰알바 사기) 패턴 참고
967,0,정상,정상,은행정상알림,SMS,"[하나은행] 승인알림: 370,000원 결제(출금) 완료. 잔여 972만원",해당없음(정상 메시지),일상적으로 발생하는 정상 업무/생활 커뮤니케이션 예시(합성)
968,0,정상,정상,은행정상알림,SMS,"[우리은행] 자동이체 예정 안내: 28일 390,000원 출금 예정입니다.",해당없음(정상 메시지),일상적으로 발생하는 정상 업무/생활 커뮤니케이션 예시(합성)
969,1,스팸_사기,광고성스팸,불법대출광고,SMS,"[빠른캐피탈] 당일 즉시 입금, 최대 2000만원. 문의 010-3772-3536","미등록 대부업 의심, '신용조회 없이' 문구, 무자격자 대상 고액 대출 미끼",신한카드 불법대출광고 유형 안내 페이지 패턴 참고
970,1,스팸_사기,악성_해킹시도,카드발급사칭_스미싱,SMS,고객님 명의로 삼성카드가 신규 발급 신청되었습니다. 본인이 아니라면 즉시 확인 hxxp://card-verify-kr-218.top/7249,"신청한 적 없는 카드 발급 안내, 확인을 명목으로 악성 링크 클릭 유도",KB Think 스미싱 대처법 페이지(신청한 적 없는 카드 스미싱) 패턴 참고
971,1,스팸_사기,광고성스팸,불법대출광고,SMS,"[국민든든대부] 정부지원 서민대출 사칭, 최대 500만원. 문의 010-7029-6256","미등록 대부업 의심, '신용조회 없이' 문구, 무자격자 대상 고액 대출 미끼",신한카드 불법대출광고 유형 안내 페이지 패턴 참고
973,0,정상,정상,학교공지,SMS,[OO초등학교] 4월 19일부터 학부모 상담주간이 시작됩니다. 알림장 앱에서 신청해주세요,해당없음(정상 메시지),일상적으로 발생하는 정상 업무/생활 커뮤니케이션 예시(합성)
974,1,스팸_사기,악성_해킹시도,카드발급사칭_스미싱,SMS,고객님 명의로 우리카드가 신규 발급 신청되었습니다. 본인이 아니라면 즉시 확인 hxxp://card-verify-kr-397.kr/7586,"신청한 적 없는 카드 발급 안내, 확인을 명목으로 악성 링크 클릭 유도",KB Think 스미싱 대처법 페이지(신청한 적 없는 카드 스미싱) 패턴 참고
975,1,스팸_사기,악성_해킹시도,청첩장_부고장사칭_스미싱,SMS,OOO님의 장례식에 초대합니다. 모바일 부고장 화긴하기 hxxp://mcard-invite-942.com/4210 🔒,"지인 사칭, 모바일 청첩장/부고장 클릭 유도 후 악성 앱 설치, 실제 지인 확인 불가",cashnote 스미싱 총정리(모바일청첩장 클릭 후 대출 피해) 패턴 참고
976,0,정상,정상,은행정상알림,SMS,"[우리은행] 체크카드 410,000원 승인. 가맹점: 마켓컬리",해당없음(정상 메시지),일상적으로 발생하는 정상 업무/생활 커뮤니케이션 예시(합성)
978,0,정상,정상,은행정상알림,SMS,"[토스뱅크] 자동납부 예정: 26일 390,000원, 잔액을 미리 확인해주세요",해당없음(정상 메시지),일상적으로 발생하는 정상 업무/생활 커뮤니케이션 예시(합성)
979,1,스팸_사기,사기_투자로맨스,가짜투자앱유도,SMS,"[VIP리딩방] 오늘 가입자 한정 혜택! 50만원으로 시작, 설치링크 hxxp://invest-vip-app-390.kr/3O24","공식 앱스토어가 아닌 링크로 앱 설치 유도, 초기 소액 출금으로 신뢰 형성 후 거액 유도",일반적 리딩방-가짜거래소 연계 사기 패턴 참고
981,0,정상,정상,은행정상알림,SMS,"[우리은행] 21일에 170,000원 자동이체가 예정되어 있습니다",해당없음(정상 메시지),일상적으로 발생하는 정상 업무/생활 커뮤니케이션 예시(합성)
982,1,스팸_사기,광고성스팸,불법도박광고,SMS,"[코리아벳] 가입머니 5만원 즉시지급! 신규가입시 최대 100만원 지급, 지금 바로 가입 hxxp://코리아벳-668.net/8652","080 수신거부 번호 없음, 단축/변형 URL, 미신고 도박사이트, 고액 지급 미끼",방통위·KISA 문자스팸 통계(도박 유형 약 40%) 패턴 참고
984,1,스팸_사기,사기_보이스피싱,소액결제사칭,SMS,"[승인알림] 52O,OOO원 결제가 완료되었습니다. 본인이 아니라면 고객센터로 문의하세요 1588-6074","허위 소액결제 문자로 불안감 조성 후 사기범이 안내하는 번호로 유도, 실제 결제 내역 없음",보안뉴스 경찰청 보이스피싱 사례(허위 소액결제 문자 유형) 패턴 참고
985,1,스팸_사기,광고성스팸,로또번호_추천광고,SMS,"[행운의숫자] 이번주 1등 당첨번호 무료공개! 지금까지 4회 연속 적중, 확인은 hxxp://행운의숫자-511.kr/ll88 🔥","확인 불가능한 당첨 이력 주장, 개인정보 입력 후 유료 결제로 유도하는 경우 많음",나무위키 스팸메일 문서의 로또번호 추천 사이트 광고 유형 참고
986,0,정상,정상,은행정상알림,SMS,"[우리은행] 승인알림: 400,000원 결제(출금) 완료. 잔여 489만원",해당없음(정상 메시지),일상적으로 발생하는 정상 업무/생활 커뮤니케이션 예시(합성)
987,0,정상,정상,은행정상알림,SMS,"[신한은행] 자동납부 예정: 8일 330,000원, 잔액을 미리 확인해주세요",해당없음(정상 메시지),일상적으로 발생하는 정상 업무/생활 커뮤니케이션 예시(합성)
988,1,스팸_사기,가짜채용,통장대여_이체알바,SMS,"[재택알바] 본인 명의 계좌만 빌려주시면 건당 15만원, 이체 심부름 알바 구합니다. 텔레그램으로 연랔주세요 @job313","통장 대여는 전자금융거래법 위반, 텔레그램 등 익명 메신저로만 소통, 실제로는 보이스피싱 자금 세탁에 이용",kbthink 이체알바 사기 안내(통장 대여 시 처벌 규정) 패턴 참고
989,1,스팸_사기,광고성스팸,불법대출광고,SMS,"[케이캐시대부] 카드론 대환 특별상품, 최대 1500만원. 문의 010-9186-6218","미등록 대부업 의심, '신용조회 없이' 문구, 무자격자 대상 고액 대출 미끼",신한카드 불법대출광고 유형 안내 페이지 패턴 참고
990,0,정상,정상,은행정상알림,SMS,"[토스뱅크] 체크카드 360,000원 승인. 가맹점: 쿠팡",해당없음(정상 메시지),일상적으로 발생하는 정상 업무/생활 커뮤니케이션 예시(합성)
991,1,스팸_사기,광고성스팸,불법대출광고,SMS,"[빠른캐피탈] 무직자,저신용자 환영, 최대 1500만원. 문의 010-9407-9596 🎉","미등록 대부업 의심, '신용조회 없이' 문구, 무자격자 대상 고액 대출 미끼",신한카드 불법대출광고 유형 안내 페이지 패턴 참고
992,1,스팸_사기,광고성스팸,불법대출광고,SMS,"[직장인우대론] 카드론 대환 특별상품, 최대 500만원. 뮨의 010-4393-9889 📢","미등록 대부업 의심, '신용조회 없이' 문구, 무자격자 대상 고액 대출 미끼",신한카드 불법대출광고 유형 안내 페이지 패턴 참고
993,1,스팸_사기,광고성스팸,불법도박광고,SMS,"[챔피언벳] 가입머니 5만원 즉시지급! 신규가입시 최대 200만원 지급, 지금 바로 가입 hxxp://챔피언벳-596.top/1120","080 수신거부 번호 없음, 단축/변형 URL, 미신고 도박사이트, 고액 지급 미끼",방통위·KISA 문자스팸 통계(도박 유형 약 40%) 패턴 참고
994,1,스팸_사기,가짜채용,현금수거책_고액알바,SMS,단순 심부름 업무로 일당 ８０만원 드립니다. 대구 인근 지정 장소에서 현금이 든 쇼핑백을 수거해 전달만 하시면 됩니다. 경력/면접 없이 바로 시작 가능,"비대면 채용, 현금 운반이라는 비정상적 업무, 고액 일당 대비 매우 단순한 업무 내용",정책브리핑·잡플래닛 고액알바 위험성 안내 패턴 참고
995,0,정상,정상,은행정상알림,SMS,"[토스뱅크] 체크카드 290,000원 사용, 현재 잔액 920만원입니다",해당없음(정상 메시지),일상적으로 발생하는 정상 업무/생활 커뮤니케이션 예시(합성)
996,0,정상,정상,은행정상알림,SMS,"[하나은행] 500,000원이 정상 출금되었어요. 잔액은 963만원입니다",해당없음(정상 메시지),일상적으로 발생하는 정상 업무/생활 커뮤니케이션 예시(합성)
997,0,정상,정상,은행정상알림,SMS,"[하나은행] 체크카드 200,000원 승인. 가맹점: 무신사",해당없음(정상 메시지),일상적으로 발생하는 정상 업무/생활 커뮤니케이션 예시(합성)
998,1,스팸_사기,사기_보이스피싱,검찰_금감원사칭,SMS,여기는 대검찰청입니다. 귀하의 명의로 대포통장이 개설되어 수사가 진행 중입니다. 자산보호를 위해 대출받은 10000만원을 안내하는 안전계좌로 즉시 이체하셔야 합니다. ⚠️,"검찰·경찰·금감원은 안전계좌 이체를 요구하지 않음, 전화로 수사 고지 및 송금 요구",보안뉴스 경찰청 보이스피싱 최다피해유형 사례(기관사칭형) 패턴 참고
999,1,스팸_사기,사기_보이스피싱,소액결제사칭,SMS,"[승인] 809,000원 사용내역 확인, 본인 결제가 아닐 경우 １５８８-9945 연락바랍니다","허위 소액결제 문자로 불안감 조성 후 사기범이 안내하는 번호로 유도, 실제 결제 내역 없음",보안뉴스 경찰청 보이스피싱 사례(허위 소액결제 문자 유형) 패턴 참고
1000,1,스팸_사기,광고성스팸,불법대출광고,SMS,"[케이캐시대부] 당일 즉시 입금, 최대 1500만원. 문의 010-6654-8163","미등록 대부업 의심, '신용조회 없이' 문구, 무자격자 대상 고액 대출 미끼",신한카드 불법대출광고 유형 안내 페이지 패턴 참고
1001,0,정상,정상,은행정상알림,SMS,"[카카오뱅크] 330,000원 출금되었습니다. 잔액 27만원",해당없음(정상 메시지),일상적으로 발생하는 정상 업무/생활 커뮤니케이션 예시(합성)
1002,1,스팸_사기,광고성스팸,불법도박광고,SMS,"[코리아벳] 신규회원 콤프 지급! 신규가입시 최대 50만원 지급, 지금 바로 가입 hxxp://코리아벳-517.com/6941","080 수신거부 번호 없음, 단축/변형 URL, 미신고 도박사이트, 고액 지급 미끼",방통위·KISA 문자스팸 통계(도박 유형 약 40%) 패턴 참고
1003,0,정상,정상,은행정상알림,SMS,"[신한은행] 다가오는 17일, 180,000원이 자동으로 이체됩니다",해당없음(정상 메시지),일상적으로 발생하는 정상 업무/생활 커뮤니케이션 예시(합성)
1004,1,스팸_사기,악성_해킹시도,택배사칭_스미싱,SMS,[쿠팡물류센터] 송장번호(5481180843) 결제 정보 확인이 필요합니다. 확인: hxxp://쿠팡물류센터-740.net/8583,"실제 주문내역 없음, 단축/변형 URL, 클릭 시 악성 앱 설치 유도",이스트시큐리티 알약 블로그·cashnote 스미싱 총정리 패턴 참고
1005,1,스팸_사기,광고성스팸,불법대출광고,SMS,"[새희망대부] 서류 없이 전화상담만으로 심사, 최대 1500만원. 뮨의 010-7683-8060","미등록 대부업 의심, '신용조회 없이' 문구, 무자격자 대상 고액 대출 미끼",신한카드 불법대출광고 유형 안내 페이지 패턴 참고
1006,1,스팸_사기,광고성스팸,로또번호_추천광고,SMS,"[행운의숫자] 이번주 1등 당첨번호 무료공개! 지금까지 3회 연속 적중, 화긴은 hxxp://행운의숫자-715.xyz/2432","확인 불가능한 당첨 이력 주장, 개인정보 입력 후 유료 결제로 유도하는 경우 많음",나무위키 스팸메일 문서의 로또번호 추천 사이트 광고 유형 참고
1007,0,정상,정상,은행정상알림,SMS,"[토스뱅크] 310,000원 출금되었습니다. 잔액 532만원",해당없음(정상 메시지),일상적으로 발생하는 정상 업무/생활 커뮤니케이션 예시(합성)
1008,0,정상,정상,은행정상알림,SMS,"[국민은행] 자동납부 예정: 10일 240,000원, 잔액을 미리 확인해주세요",해당없음(정상 메시지),일상적으로 발생하는 정상 업무/생활 커뮤니케이션 예시(합성)
1009,1,스팸_사기,광고성스팸,불법대출광고,SMS,"[새희망대부] 신용조회 없이 당일승인, 최대 500만원. 문의 010-7183-7051","미등록 대부업 의심, '신용조회 없이' 문구, 무자격자 대상 고액 대출 미끼",신한카드 불법대출광고 유형 안내 페이지 패턴 참고
1010,1,스팸_사기,광고성스팸,불법대출광고,SMS,"[빠른캐피탈] 정부지원 서민대출 사칭, 최대 3000만원. 문의 OlO-3876-2810","미등록 대부업 의심, '신용조회 없이' 문구, 무자격자 대상 고액 대출 미끼",신한카드 불법대출광고 유형 안내 페이지 패턴 참고
1011,0,정상,정상,정상택배안내,SMS,[롯데택배] 배송완료! 문 앞을 확인해주세요. 송장 245684940251,해당없음(정상 메시지),일상적으로 발생하는 정상 업무/생활 커뮤니케이션 예시(합성)
1012,1,스팸_사기,광고성스팸,불법대출광고,SMS,"[직장인우대론] 서류 없이 전화상담만으로 심사, 최대 1000만원. 문의 010-3608-6355","미등록 대부업 의심, '신용조회 없이' 문구, 무자격자 대상 고액 대출 미끼",신한카드 불법대출광고 유형 안내 페이지 패턴 참고
1013,1,스팸_사기,광고성스팸,불법대출광고,SMS,"[직장인우대론] 서류 없이 전화상담만으로 심사, 최대 1000만원. 문의 010-9l64-3716","미등록 대부업 의심, '신용조회 없이' 문구, 무자격자 대상 고액 대출 미끼",신한카드 불법대출광고 유형 안내 페이지 패턴 참고
1015,0,정상,정상,은행정상알림,SMS,"[토스뱅크] 승인알림: 320,000원 결제(출금) 완료. 잔여 839만원",해당없음(정상 메시지),일상적으로 발생하는 정상 업무/생활 커뮤니케이션 예시(합성)
1016,1,스팸_사기,광고성스팸,불법대출광고,SMS,"[행복저축은행(사칭)] 당일 즉시 입금, 최대 2000만원. 문의 010-l79l-9722","미등록 대부업 의심, '신용조회 없이' 문구, 무자격자 대상 고액 대출 미끼",신한카드 불법대출광고 유형 안내 페이지 패턴 참고
1017,1,스팸_사기,광고성스팸,불법대출광고,SMS,"🔥 [빠른캐피탈] 무직자,저신용자 환영, 최대 1000만원. 문의 010-4323-9980","미등록 대부업 의심, '신용조회 없이' 문구, 무자격자 대상 고액 대출 미끼",신한카드 불법대출광고 유형 안내 페이지 패턴 참고
1018,1,스팸_사기,광고성스팸,로또번호_추천광고,SMS,"[1등예측단] 회원님만을 위한 특별 당첨번호, 지금 확인하세요 hxxp://1등예측단-691.xyz/8757","확인 불가능한 당첨 이력 주장, 개인정보 입력 후 유료 결제로 유도하는 경우 많음",나무위키 스팸메일 문서의 로또번호 추천 사이트 광고 유형 참고
1019,1,스팸_사기,사기_보이스피싱,소액결제사칭,SMS,"[승인알림] 4O2,OOO원 결제가 완료되었슴니다. 본인이 아니라면 고객센터로 문의하세요 1588-8936 ⚠️","허위 소액결제 문자로 불안감 조성 후 사기범이 안내하는 번호로 유도, 실제 결제 내역 없음",보안뉴스 경찰청 보이스피싱 사례(허위 소액결제 문자 유형) 패턴 참고
1020,1,스팸_사기,광고성스팸,불법도박광고,SMS,"[챔피언벳] 매충 3O% 상시지급! 신규가입시 최대 150만원 지급, 지금 바로 가입 hxxp://챔피언벳-675.kr/5948","080 수신거부 번호 없음, 단축/변형 URL, 미신고 도박사이트, 고액 지급 미끼",방통위·KISA 문자스팸 통계(도박 유형 약 40%) 패턴 참고
1021,0,정상,정상,은행정상알림,SMS,"[토스뱅크] 체크카드 70,000원 사용, 현재 잔액 534만원입니다",해당없음(정상 메시지),일상적으로 발생하는 정상 업무/생활 커뮤니케이션 예시(합성)
1022,1,스팸_사기,광고성스팸,불법도박광고,SMS,"[챔피언벳] 출석체크 포인트 지급! 신규가입시 최대 150만원 지급, 지금 바로 가입 hxxp://챔피언벳-828.xyz/5357","080 수신거부 번호 없음, 단축/변형 URL, 미신고 도박사이트, 고액 지급 미끼",방통위·KISA 문자스팸 통계(도박 유형 약 40%) 패턴 참고
1023,0,정상,정상,은행정상알림,SMS,"[토스뱅크] 410,000원이 정상 출금되었어요. 잔액은 644만원입니다",해당없음(정상 메시지),일상적으로 발생하는 정상 업무/생활 커뮤니케이션 예시(합성)
1024,1,스팸_사기,악성_해킹시도,택배사칭_스미싱,SMS,[롯데택배] 송장번호(2102105381) 관세 미납으로 통관이 보류되었습니다. 확인: hxxp://롯데택배-847.net/7035,"실제 주문내역 없음, 단축/변형 URL, 클릭 시 악성 앱 설치 유도",이스트시큐리티 알약 블로그·cashnote 스미싱 총정리 패턴 참고
1025,0,정상,정상,은행정상알림,SMS,"[우리은행] 체크카드 440,000원 승인. 가맹점: 올리브영",해당없음(정상 메시지),일상적으로 발생하는 정상 업무/생활 커뮤니케이션 예시(합성)
1026,1,스팸_사기,광고성스팸,불법대출광고,SMS,"[행복저축은행(사칭)] 당일 즉시 입금, 최대 500만원. 문의 010-9432-1400","미등록 대부업 의심, '신용조회 없이' 문구, 무자격자 대상 고액 대출 미끼",신한카드 불법대출광고 유형 안내 페이지 패턴 참고
1027,1,스팸_사기,광고성스팸,불법대출광고,SMS,"[직장인우대론] 정부지원 서민대출 사칭, 최대 3000만원. 문의 010-4940-6341 🔥","미등록 대부업 의심, '신용조회 없이' 문구, 무자격자 대상 고액 대출 미끼",신한카드 불법대출광고 유형 안내 페이지 패턴 참고
1028,0,정상,정상,은행정상알림,SMS,"[카카오뱅크] 체크카드 300,000원 승인. 가맹점: 올리브영",해당없음(정상 메시지),일상적으로 발생하는 정상 업무/생활 커뮤니케이션 예시(합성)
1029,1,스팸_사기,사기_투자로맨스,가짜투자앱유도,SMS,[VIP리딩방] 검증된 리딩방입니다. 50만원부터 시작해서 수익 인증 보시고 판단하세요 hxxp://invest-vip-app-746.net/2356,"공식 앱스토어가 아닌 링크로 앱 설치 유도, 초기 소액 출금으로 신뢰 형성 후 거액 유도",일반적 리딩방-가짜거래소 연계 사기 패턴 참고
1030,1,스팸_사기,사기_보이스피싱,택배부재중_ARS사칭,SMS,(ARS) 수취인 부재로 우편물이 반송될 예정입니다. 자세한 사항은 0번을 눌러 상담원과 연결하세요. ⚠️,우편물/택배 사칭 ARS로 상담원 연결 유도 후 개인정보·금융정보 요구,banksalad 법원등기 보이스피싱 안내 페이지 패턴 참고
1031,0,정상,정상,지인문자,SMS,약속 장소 헷갈려서 그러는데 정확한 주소 좀 다시 보내줄래?,해당없음(정상 메시지),일상적으로 발생하는 정상 업무/생활 커뮤니케이션 예시(합성)
1032,1,스팸_사기,사기_투자로맨스,가짜투자앱유도,SMS,[VIP리딩방] 이 앱 써보고 후회 안 하실 거예요. 30만원부터 가능 hxxp://invest-vip-app-53l.top/2774,"공식 앱스토어가 아닌 링크로 앱 설치 유도, 초기 소액 출금으로 신뢰 형성 후 거액 유도",일반적 리딩방-가짜거래소 연계 사기 패턴 참고
1033,1,스팸_사기,사기_투자로맨스,가짜투자앱유도,SMS,📈 [VIP리딩방] 제가 알려드린 전용 앱에 가입하시고 lO만원부터 넣어보세요. 첫 수익 나면 바로 출금 가능하니 걱정 마세요 :) 앱 설치: hxxp://invest-vip-app-687.net/4649,"공식 앱스토어가 아닌 링크로 앱 설치 유도, 초기 소액 출금으로 신뢰 형성 후 거액 유도",일반적 리딩방-가짜거래소 연계 사기 패턴 참고
1034,1,스팸_사기,사기_보이스피싱,소액결제사칭,SMS,"[승인] 386,000원 사용내역 확인, 본인 결제가 아닐 경우 1588-1252 연락바랍니다","허위 소액결제 문자로 불안감 조성 후 사기범이 안내하는 번호로 유도, 실제 결제 내역 없음",보안뉴스 경찰청 보이스피싱 사례(허위 소액결제 문자 유형) 패턴 참고
1035,1,스팸_사기,사기_투자로맨스,가짜투자앱유도,SMS,"[VIP리딩방] 오늘 가입자 한정 혜택! 30만원으로 시작, 설치링크 hxxp://invest-vip-app-249.kr/7O32","공식 앱스토어가 아닌 링크로 앱 설치 유도, 초기 소액 출금으로 신뢰 형성 후 거액 유도",일반적 리딩방-가짜거래소 연계 사기 패턴 참고
1036,1,스팸_사기,광고성스팸,불법대출광고,SMS,"[새희망대부] 정부지원 서민대출 사칭, 최대 2000만원. 문의 010-4382-1711 📢","미등록 대부업 의심, '신용조회 없이' 문구, 무자격자 대상 고액 대출 미끼",신한카드 불법대출광고 유형 안내 페이지 패턴 참고
1037,1,스팸_사기,사기_투자로맨스,가짜투자앱유도,SMS,"[VIP리딩방] 저만 아는 고수익 앱이에요. 10만원으로 시작해보세요, 앱은 여기서: hxxp://invest-vip-app-533.top/7227","공식 앱스토어가 아닌 링크로 앱 설치 유도, 초기 소액 출금으로 신뢰 형성 후 거액 유도",일반적 리딩방-가짜거래소 연계 사기 패턴 참고
1038,1,스팸_사기,악성_해킹시도,카드발급사칭_스미싱,SMS,고객님 명의로 현대카드가 신규 발급 신청되었습니다. 본인이 아니라면 즉시 확인 hxxp://card-verify-kr-293.xyz/3558 ⚠️,"신청한 적 없는 카드 발급 안내, 확인을 명목으로 악성 링크 클릭 유도",KB Think 스미싱 대처법 페이지(신청한 적 없는 카드 스미싱) 패턴 참고
1039,0,정상,정상,은행정상알림,SMS,"[국민은행] 체크카드 460,000원 사용, 현재 잔액 82만원입니다",해당없음(정상 메시지),일상적으로 발생하는 정상 업무/생활 커뮤니케이션 예시(합성)
1040,1,스팸_사기,광고성스팸,로또번호_추천광고,SMS,[복권천재] 4회 연속 적중 기록 보유! 이번주 번호도 놓치지 마세요 hxxp://복권천재-671.kr/368l,"확인 불가능한 당첨 이력 주장, 개인정보 입력 후 유료 결제로 유도하는 경우 많음",나무위키 스팸메일 문서의 로또번호 추천 사이트 광고 유형 참고
1041,0,정상,정상,은행정상알림,SMS,"[하나은행] 다가오는 18일, 150,000원이 자동으로 이체됩니다",해당없음(정상 메시지),일상적으로 발생하는 정상 업무/생활 커뮤니케이션 예시(합성)
1042,1,스팸_사기,광고성스팸,로또번호_추천광고,SMS,"[행운의숫자] AI 분석으로 뽑은 이번주 1등 예상번호 무료 공개, 확인: hxxp://행운의숫자-122.xyz/1501","확인 불가능한 당첨 이력 주장, 개인정보 입력 후 유료 결제로 유도하는 경우 많음",나무위키 스팸메일 문서의 로또번호 추천 사이트 광고 유형 참고
1043,1,스팸_사기,광고성스팸,불법도박광고,SMS,"[대박토토] 출석체크 포인트 지급! 신규가입시 최대 150만원 지급, 지금 바로 가입 hxxp://대박토토-723.kr/7899","080 수신거부 번호 없음, 단축/변형 URL, 미신고 도박사이트, 고액 지급 미끼",방통위·KISA 문자스팸 통계(도박 유형 약 40%) 패턴 참고
1044,0,정상,정상,은행정상알림,SMS,"[국민은행] 출금 240,000원 처리되었어요. 남은 잔액은 252만원",해당없음(정상 메시지),일상적으로 발생하는 정상 업무/생활 커뮤니케이션 예시(합성)
1045,0,정상,정상,은행정상알림,SMS,"[국민은행] 400,000원 출금되었습니다. 잔액 779만원",해당없음(정상 메시지),일상적으로 발생하는 정상 업무/생활 커뮤니케이션 예시(합성)
1046,0,정상,정상,은행정상알림,SMS,"[국민은행] 390,000원이 정상 출금되었어요. 잔액은 809만원입니다",해당없음(정상 메시지),일상적으로 발생하는 정상 업무/생활 커뮤니케이션 예시(합성)
1047,1,스팸_사기,악성_해킹시도,카드발급사칭_스미싱,SMS,고객님 명의로 국민카드가 신규 발급 신청되었슴니다. 본인이 아니라면 즉시 확인 hxxp://card-verify-kr-482.net/2669,"신청한 적 없는 카드 발급 안내, 확인을 명목으로 악성 링크 클릭 유도",KB Think 스미싱 대처법 페이지(신청한 적 없는 카드 스미싱) 패턴 참고
1048,1,스팸_사기,사기_보이스피싱,검찰_금감원사칭,SMS,여기는 대검찰청입니당. 귀하의 명의로 대포통장이 개설되어 수사가 진행 중입니다. 자산보호를 위해 대출받은 8000만원을 안내하는 안전계좌로 즉시 이체하셔야 합니다.,"검찰·경찰·금감원은 안전계좌 이체를 요구하지 않음, 전화로 수사 고지 및 송금 요구",보안뉴스 경찰청 보이스피싱 최다피해유형 사례(기관사칭형) 패턴 참고
1049,0,정상,정상,은행정상알림,SMS,"[신한은행] 체크카드 160,000원 승인. 가맹점: 무신사",해당없음(정상 메시지),일상적으로 발생하는 정상 업무/생활 커뮤니케이션 예시(합성)
1050,0,정상,정상,은행정상알림,SMS,"[카카오뱅크] 체크카드 110,000원 승인. 가맹점: 무신사",해당없음(정상 메시지),일상적으로 발생하는 정상 업무/생활 커뮤니케이션 예시(합성)
1051,0,정상,정상,은행정상알림,SMS,"[토스뱅크] 60,000원 출금되었습니다. 잔액 247만원",해당없음(정상 메시지),일상적으로 발생하는 정상 업무/생활 커뮤니케이션 예시(합성)
1052,1,스팸_사기,사기_보이스피싱,소액결제사칭,SMS,"[결제알림] 779,000원 승인 완료. 본인 사용이 아니면 아래 번호로 즉시 연락주세요 1588-７８５３","허위 소액결제 문자로 불안감 조성 후 사기범이 안내하는 번호로 유도, 실제 결제 내역 없음",보안뉴스 경찰청 보이스피싱 사례(허위 소액결제 문자 유형) 패턴 참고
1053,1,스팸_사기,광고성스팸,로또번호_추천광고,SMS,"[로또명당] 이번주 1등 당첨번호 무료공개! 지금까지 4회 연속 적중, 화긴은 hxxp://로또명당-505.kr/8310","확인 불가능한 당첨 이력 주장, 개인정보 입력 후 유료 결제로 유도하는 경우 많음",나무위키 스팸메일 문서의 로또번호 추천 사이트 광고 유형 참고
1054,0,정상,정상,은행정상알림,SMS,"[하나은행] 체크카드 390,000원 승인. 가맹점: 무신사",해당없음(정상 메시지),일상적으로 발생하는 정상 업무/생활 커뮤니케이션 예시(합성)
1055,1,스팸_사기,광고성스팸,불법도박광고,SMS,"[로얄카지노] 가입머니 5만원 즉시지급! 신규가입시 최대 200만원 지급, 지금 바로 가입 hxxp://로얄카지노-474.xyz/8241 🔥","080 수신거부 번호 없음, 단축/변형 URL, 미신고 도박사이트, 고액 지급 미끼",방통위·KISA 문자스팸 통계(도박 유형 약 40%) 패턴 참고
1056,0,정상,정상,지인문자,SMS,다음 주에 시간 맞춰서 여행 계획 짜보자!,해당없음(정상 메시지),일상적으로 발생하는 정상 업무/생활 커뮤니케이션 예시(합성)
1057,1,스팸_사기,광고성스팸,로또번호_추천광고,SMS,"[로또명당] 이번주 1등 당첨번호 무료공개! 지금까지 4회 연속 적중, 화긴은 hxxp://로또명당-568.net/1125","확인 불가능한 당첨 이력 주장, 개인정보 입력 후 유료 결제로 유도하는 경우 많음",나무위키 스팸메일 문서의 로또번호 추천 사이트 광고 유형 참고
1058,1,스팸_사기,가짜채용,재택부업_리뷰알바사기,SMS,"💼 재택으로 상품 리뷰만 작성하면 건당 15,000원! 하루 30분 투자로 월 300만원 가눙합니다. 지금 카톡 문의 @homework_job","선입금(상품구매 대금 선결제) 요구로 이어지는 경우 多, 비현실적 고수익 강조, 기업 정보 불명확",보안뉴스 추석 금융사기 예방 기사(부업 아르바이트/리뷰알바 사기) 패턴 참고
1059,0,정상,정상,은행정상알림,SMS,"[하나은행] 자동이체 예정 안내: 22일 200,000원 출금 예정입니다.",해당없음(정상 메시지),일상적으로 발생하는 정상 업무/생활 커뮤니케이션 예시(합성)
1060,1,스팸_사기,광고성스팸,불법도박광고,SMS,"[로얄카지노] 첫충 200% 이벤트! 신규가입시 최대 200만원 지급, 지금 바로 가입 hxxp://로얄카지노-797.net/7642","080 수신거부 번호 없음, 단축/변형 URL, 미신고 도박사이트, 고액 지급 미끼",방통위·KISA 문자스팸 통계(도박 유형 약 40%) 패턴 참고
1061,1,스팸_사기,광고성스팸,불법도박광고,SMS,"[슈퍼토토] 출석체크 포인트 지급! 신규가입시 최대 5O만원 지급, 지금 바로 가입 hxxp://슈퍼토토-310.net/4283","080 수신거부 번호 없음, 단축/변형 URL, 미신고 도박사이트, 고액 지급 미끼",방통위·KISA 문자스팸 통계(도박 유형 약 40%) 패턴 참고
1062,0,정상,정상,은행정상알림,SMS,"[국민은행] 자동이체 예정 안내: 16일 20,000원 출금 예정입니다.",해당없음(정상 메시지),일상적으로 발생하는 정상 업무/생활 커뮤니케이션 예시(합성)
1063,1,스팸_사기,광고성스팸,로또번호_추천광고,SMS,"[로또명당] 이번주 1등 당첨번호 무료공개! 지금까지 2회 연속 적중, 화긴은 hxxp://로또명당-909.kr/8737","확인 불가능한 당첨 이력 주장, 개인정보 입력 후 유료 결제로 유도하는 경우 많음",나무위키 스팸메일 문서의 로또번호 추천 사이트 광고 유형 참고
1064,1,스팸_사기,사기_보이스피싱,소액결제사칭,SMS,"[결제알림] 955,000원 승인 완료. 본인 사용이 아니면 아래 번호로 즉시 연락주세요 １５８８-3141","허위 소액결제 문자로 불안감 조성 후 사기범이 안내하는 번호로 유도, 실제 결제 내역 없음",보안뉴스 경찰청 보이스피싱 사례(허위 소액결제 문자 유형) 패턴 참고
1066,0,정상,정상,은행정상알림,SMS,"[토스뱅크] 다가오는 22일, 70,000원이 자동으로 이체됩니다",해당없음(정상 메시지),일상적으로 발생하는 정상 업무/생활 커뮤니케이션 예시(합성)
1067,0,정상,정상,은행정상알림,SMS,"[토스뱅크] 20,000원 출금되었습니다. 잔액 117만원",해당없음(정상 메시지),일상적으로 발생하는 정상 업무/생활 커뮤니케이션 예시(합성)
1068,1,스팸_사기,사기_보이스피싱,검찰_금감원사칭,SMS,여기는 경찰청 사이버수사대입니당. 귀하의 명의로 대포통장이 개설되어 수사가 진행 중입니다. 자산보호를 위해 대출받은 8000만원을 안내하는 안전계좌로 즉시 이체하셔야 합니다.,"검찰·경찰·금감원은 안전계좌 이체를 요구하지 않음, 전화로 수사 고지 및 송금 요구",보안뉴스 경찰청 보이스피싱 최다피해유형 사례(기관사칭형) 패턴 참고
1069,0,정상,정상,은행정상알림,SMS,"[우리은행] 400,000원 출금 완료, 잔액 254만원 확인하세요",해당없음(정상 메시지),일상적으로 발생하는 정상 업무/생활 커뮤니케이션 예시(합성)
1070,0,정상,정상,은행정상알림,SMS,"[국민은행] 340,000원 출금 완료, 잔액 454만원 확인하세요",해당없음(정상 메시지),일상적으로 발생하는 정상 업무/생활 커뮤니케이션 예시(합성)
1071,1,스팸_사기,악성_해킹시도,카드발급사칭_스미싱,SMS,고객님 명의로 현대카드가 신규 발급 신청되었습니다. 본인이 아니라면 즉시 확인 hxxp://card-verify-kr-３６３.com/4342,"신청한 적 없는 카드 발급 안내, 확인을 명목으로 악성 링크 클릭 유도",KB Think 스미싱 대처법 페이지(신청한 적 없는 카드 스미싱) 패턴 참고
1072,0,정상,정상,은행정상알림,SMS,"[토스뱅크] 420,000원이 정상 출금되었어요. 잔액은 98만원입니다",해당없음(정상 메시지),일상적으로 발생하는 정상 업무/생활 커뮤니케이션 예시(합성)
1073,1,스팸_사기,광고성스팸,불법대출광고,SMS,"[행복저축은행(사칭)] 당일 즉시 입금, 최대 5000만원. 문의 ０１０-6761-2598","미등록 대부업 의심, '신용조회 없이' 문구, 무자격자 대상 고액 대출 미끼",신한카드 불법대출광고 유형 안내 페이지 패턴 참고
1074,0,정상,정상,은행정상알림,SMS,"[신한은행] 이체 360,000원 출금 처리완료. 잔액 304만원 남았습니다",해당없음(정상 메시지),일상적으로 발생하는 정상 업무/생활 커뮤니케이션 예시(합성)
1075,1,스팸_사기,광고성스팸,불법도박광고,SMS,"[황금벳] 루징 캐시백 10%! 신규가입시 최대 200만원 지급, 지금 바로 가입 hxxp://황금벳-871.top/5941 🔥","080 수신거부 번호 없음, 단축/변형 URL, 미신고 도박사이트, 고액 지급 미끼",방통위·KISA 문자스팸 통계(도박 유형 약 40%) 패턴 참고
1076,0,정상,정상,은행정상알림,SMS,"[신한은행] 정기 자동이체 안내 - 18일 400,000원 출금될 예정이에요",해당없음(정상 메시지),일상적으로 발생하는 정상 업무/생활 커뮤니케이션 예시(합성)
1077,1,스팸_사기,사기_투자로맨스,가짜투자앱유도,SMS,[VIP리딩방] 제가 알려드린 전용 앱에 가입하시고 10만원부터 넣어보세요. 첫 수익 나면 바로 출금 가능하니 걱정 마세요 :) 앱 설치: hxxp://invest-vip-app-132.net/8726,"공식 앱스토어가 아닌 링크로 앱 설치 유도, 초기 소액 출금으로 신뢰 형성 후 거액 유도",일반적 리딩방-가짜거래소 연계 사기 패턴 참고
1078,1,스팸_사기,악성_해킹시도,택배사칭_스미싱,SMS,[로젠택배] 송장번호(6620714889) 부재중으로 반송 예정입니다. 확인: hxxp://로젠택배-794.top/9948,"실제 주문내역 없음, 단축/변형 URL, 클릭 시 악성 앱 설치 유도",이스트시큐리티 알약 블로그·cashnote 스미싱 총정리 패턴 참고
1079,1,스팸_사기,사기_보이스피싱,소액결제사칭,SMS,"[승인알림] lll,OOO원 결제가 완료되었습니다. 본인이 아니라면 고객센터로 문의하세요 1588-7315","허위 소액결제 문자로 불안감 조성 후 사기범이 안내하는 번호로 유도, 실제 결제 내역 없음",보안뉴스 경찰청 보이스피싱 사례(허위 소액결제 문자 유형) 패턴 참고
1080,0,정상,정상,은행정상알림,SMS,"[신한은행] 다가오는 10일, 270,000원이 자동으로 이체됩니다",해당없음(정상 메시지),일상적으로 발생하는 정상 업무/생활 커뮤니케이션 예시(합성)
1081,0,정상,정상,은행정상알림,SMS,"[국민은행] 다가오는 15일, 310,000원이 자동으로 이체됩니다",해당없음(정상 메시지),일상적으로 발생하는 정상 업무/생활 커뮤니케이션 예시(합성)
1082,1,스팸_사기,악성_해킹시도,공공기관사칭_스미싱,SMS,[경찰청교통민원24] 교통법규위반 사실 확인 통지서가 발송되었습니다(2O26년 8월). 조회: hxxp://traffic-24check-317.com/3710,"실제 정부기관은 개인 URL 링크로 벌금 안내를 하지 않음, 가짜 정부사이트 유도",cashnote 스미싱 총정리(경찰청교통민원24 사칭 유형) 패턴 참고
1083,1,스팸_사기,광고성스팸,불법도박광고,SMS,"[황금벳] 루징 캐시백 １０%! 신규가입시 최대 200만원 지급, 지금 바로 가입 hxxp://황금벳-171.top/2486","080 수신거부 번호 없음, 단축/변형 URL, 미신고 도박사이트, 고액 지급 미끼",방통위·KISA 문자스팸 통계(도박 유형 약 40%) 패턴 참고
1084,0,정상,정상,은행정상알림,SMS,"[국민은행] 40,000원 출금되었습니다. 잔액 658만원",해당없음(정상 메시지),일상적으로 발생하는 정상 업무/생활 커뮤니케이션 예시(합성)
1085,1,스팸_사기,가짜채용,현금수거책_고액알바,SMS,단순 심부름 업무로 일당 20만원 드립니다. 대구 인근 지정 장소에서 현금이 든 쇼핑백을 수거해 전달만 하시면 됩니다. 경력/면접 없이 바로 시작 가눙 📋,"비대면 채용, 현금 운반이라는 비정상적 업무, 고액 일당 대비 매우 단순한 업무 내용",정책브리핑·잡플래닛 고액알바 위험성 안내 패턴 참고
1086,1,스팸_사기,광고성스팸,로또번호_추천광고,SMS,"🔥 [1등예측단] 이번주 1등 당첨번호 무료공개! 지금까지 3회 연속 적중, 확인은 hxxp://1등예측단-821.xyz/4576","확인 불가능한 당첨 이력 주장, 개인정보 입력 후 유료 결제로 유도하는 경우 많음",나무위키 스팸메일 문서의 로또번호 추천 사이트 광고 유형 참고
1087,1,스팸_사기,사기_투자로맨스,투자리딩방,SMS,"[마스터리딩방] OO증권 마스터 리딩방입니다. 전문가가 직접 매수/매도 신호를 드리며, 이번 주 수익률 ５００% 인증 종목 공개! 지금 무료 입장하세요.","비공식 오픈채팅방 운영, 비현실적 수익률 인증 캡처, 이후 유료방/투자앱 설치 유도",보안뉴스 추석 금융사기 예방 기사(투자리딩방 피해 규모) 패턴 참고
1088,0,정상,정상,은행정상알림,SMS,"[신한은행] 체크카드 50,000원 승인. 가맹점: 올리브영",해당없음(정상 메시지),일상적으로 발생하는 정상 업무/생활 커뮤니케이션 예시(합성)
1089,1,스팸_사기,악성_해킹시도,택배사칭_스미싱,SMS,[우체국택배] 송장번호(65O6978256) 관세 미납으로 통관이 보류되었습니다. 확인: hxxp://우체국택배-856.xyz/4508,"실제 주문내역 없음, 단축/변형 URL, 클릭 시 악성 앱 설치 유도",이스트시큐리티 알약 블로그·cashnote 스미싱 총정리 패턴 참고
1090,1,스팸_사기,악성_해킹시도,카드발급사칭_스미싱,SMS,고객님 명의로 국민카드가 신규 발급 신청되었습니다. 본인이 아니라면 즉시 확인 hxxp://card-verify-kr-933.kr/4993,"신청한 적 없는 카드 발급 안내, 확인을 명목으로 악성 링크 클릭 유도",KB Think 스미싱 대처법 페이지(신청한 적 없는 카드 스미싱) 패턴 참고
1091,0,정상,정상,은행정상알림,SMS,"[하나은행] 정기 자동이체 안내 - 22일 40,000원 출금될 예정이에요",해당없음(정상 메시지),일상적으로 발생하는 정상 업무/생활 커뮤니케이션 예시(합성)
1092,1,스팸_사기,가짜채용,통장대여_이체알바,SMS,"[재택알바] 본인 명의 계좌만 빌려주시면 건당 3만원, 이체 심부름 알바 구합니다. 텔레그램으로 연락주세요 @job627 ✅","통장 대여는 전자금융거래법 위반, 텔레그램 등 익명 메신저로만 소통, 실제로는 보이스피싱 자금 세탁에 이용",kbthink 이체알바 사기 안내(통장 대여 시 처벌 규정) 패턴 참고
1093,1,스팸_사기,악성_해킹시도,청첩장_부고장사칭_스미싱,SMS,소중한 분의 결혼식 소식을 전해드립니다. 모바일 청첩장 링크: hxxp://mcard-invite-421.kr/1426,"지인 사칭, 모바일 청첩장/부고장 클릭 유도 후 악성 앱 설치, 실제 지인 확인 불가",cashnote 스미싱 총정리(모바일청첩장 클릭 후 대출 피해) 패턴 참고
1094,1,스팸_사기,광고성스팸,불법대출광고,SMS,"[행복저축은행(사칭)] 신용조회 없이 당일승인, 최대 1500만원. 문의 ０１０-5407-2129","미등록 대부업 의심, '신용조회 없이' 문구, 무자격자 대상 고액 대출 미끼",신한카드 불법대출광고 유형 안내 페이지 패턴 참고
1095,1,스팸_사기,사기_보이스피싱,택배부재중_ARS사칭,SMS,(ARS) 수취인 부재로 우편물이 반송될 예정입니다. 자세한 사항은 9번을 눌러 상담원과 연결하세요. ⚠️,우편물/택배 사칭 ARS로 상담원 연결 유도 후 개인정보·금융정보 요구,banksalad 법원등기 보이스피싱 안내 페이지 패턴 참고
1096,1,스팸_사기,악성_해킹시도,택배사칭_스미싱,SMS,[로젠택배] 송장번호(7220452426) 배송 지연으로 재배송 신청이 필요합니다. 확인: hxxp://로젠택배-945.net/8279,"실제 주문내역 없음, 단축/변형 URL, 클릭 시 악성 앱 설치 유도",이스트시큐리티 알약 블로그·cashnote 스미싱 총정리 패턴 참고
1097,1,스팸_사기,사기_투자로맨스,가짜투자앱유도,SMS,"[VIP리딩방] 저만 아는 고수익 앱이에요. 30만원으로 시작해보세요, 앱은 여기서: hxxp://invest-vip-app-324.top/7764","공식 앱스토어가 아닌 링크로 앱 설치 유도, 초기 소액 출금으로 신뢰 형성 후 거액 유도",일반적 리딩방-가짜거래소 연계 사기 패턴 참고
1098,1,스팸_사기,사기_투자로맨스,가짜투자앱유도,SMS,"[VIP리딩방] 소액 30만원부터 체험 가능, 수익 인증샷 보내드릴게요! 설치: hxxp://invest-vip-app-587.top/8531","공식 앱스토어가 아닌 링크로 앱 설치 유도, 초기 소액 출금으로 신뢰 형성 후 거액 유도",일반적 리딩방-가짜거래소 연계 사기 패턴 참고
1099,1,스팸_사기,사기_투자로맨스,가짜투자앱유도,SMS,[VIP리딩방] 이 앱 써보고 후회 안 하실 거예요. 10만원부터 가능 hxxp://invest-vip-app-875.com/６７７６,"공식 앱스토어가 아닌 링크로 앱 설치 유도, 초기 소액 출금으로 신뢰 형성 후 거액 유도",일반적 리딩방-가짜거래소 연계 사기 패턴 참고
1100,0,정상,정상,은행정상알림,SMS,"[토스뱅크] 체크카드 200,000원 승인. 가맹점: 올리브영",해당없음(정상 메시지),일상적으로 발생하는 정상 업무/생활 커뮤니케이션 예시(합성)
1101,0,정상,정상,은행정상알림,SMS,"[토스뱅크] 체크카드 130,000원 승인. 가맹점: 무신사",해당없음(정상 메시지),일상적으로 발생하는 정상 업무/생활 커뮤니케이션 예시(합성)
1102,0,정상,정상,은행정상알림,SMS,"[하나은행] 23일 자동이체 90,000원 출금 예정이오니 참고 바랍니다",해당없음(정상 메시지),일상적으로 발생하는 정상 업무/생활 커뮤니케이션 예시(합성)
1103,1,스팸_사기,악성_해킹시도,택배사칭_스미싱,SMS,[CJ대한통운] 송장번호(7988080338) 부재중으로 반송 예정입니다. 확인: hxxp://cj대한통운-747.top/4156,"실제 주문내역 없음, 단축/변형 URL, 클릭 시 악성 앱 설치 유도",이스트시큐리티 알약 블로그·cashnote 스미싱 총정리 패턴 참고
1105,1,스팸_사기,악성_해킹시도,청첩장_부고장사칭_스미싱,SMS,OOO님의 결혼식에 초대합니다. 모바일 부고장 확인하기 hxxp://mcard-invite-778.kr/3150,"지인 사칭, 모바일 청첩장/부고장 클릭 유도 후 악성 앱 설치, 실제 지인 확인 불가",cashnote 스미싱 총정리(모바일청첩장 클릭 후 대출 피해) 패턴 참고
1106,1,스팸_사기,사기_투자로맨스,가짜투자앱유도,SMS,"[VIP리딩방] 오늘 가입자 한정 혜택! 30만원으로 시작, 설치링크 hxxp://invest-vip-app-476.xyz/5117","공식 앱스토어가 아닌 링크로 앱 설치 유도, 초기 소액 출금으로 신뢰 형성 후 거액 유도",일반적 리딩방-가짜거래소 연계 사기 패턴 참고
1107,0,정상,정상,정상택배안내,SMS,"[CJ대한통운] 요청하신 상품, 배송 완료했습니다. 송장 948534648381",해당없음(정상 메시지),일상적으로 발생하는 정상 업무/생활 커뮤니케이션 예시(합성)
1108,0,정상,정상,은행정상알림,SMS,"[토스뱅크] 출금 100,000원 처리되었어요. 남은 잔액은 588만원",해당없음(정상 메시지),일상적으로 발생하는 정상 업무/생활 커뮤니케이션 예시(합성)
1109,0,정상,정상,은행정상알림,SMS,"[국민은행] 체크카드 330,000원 승인. 가맹점: 마켓컬리",해당없음(정상 메시지),일상적으로 발생하는 정상 업무/생활 커뮤니케이션 예시(합성)
1110,1,스팸_사기,광고성스팸,로또번호_추천광고,SMS,"[복권천재] 회원님만을 위한 특별 당첨번호, 지금 확인하세요 hxxp://복권천재-882.kr/9096","확인 불가능한 당첨 이력 주장, 개인정보 입력 후 유료 결제로 유도하는 경우 많음",나무위키 스팸메일 문서의 로또번호 추천 사이트 광고 유형 참고
1111,1,스팸_사기,광고성스팸,불법도박광고,SMS,"[황금벳] 출석체크 포인트 지급! 신규가입시 최대 150만원 지급, 지금 바로 가입 hxxp://황금벳-143.com/1775","080 수신거부 번호 없음, 단축/변형 URL, 미신고 도박사이트, 고액 지급 미끼",방통위·KISA 문자스팸 통계(도박 유형 약 40%) 패턴 참고
1112,0,정상,정상,은행정상알림,SMS,"[신한은행] 고객님 계좌에서 50,000원이 출금되었습니다 (잔액 587만원)",해당없음(정상 메시지),일상적으로 발생하는 정상 업무/생활 커뮤니케이션 예시(합성)
1113,0,정상,정상,은행정상알림,SMS,"[하나은행] 320,000원 출금되었습니다. 잔액 504만원",해당없음(정상 메시지),일상적으로 발생하는 정상 업무/생활 커뮤니케이션 예시(합성)
1114,1,스팸_사기,사기_보이스피싱,검찰_금감원사칭,SMS,여기는 대검찰청입니다. 귀하의 명의로 대포통장이 개설되어 수사가 진행 중입니다. 자산보호를 위해 대출받은 3000만원을 안내하는 안전계좌로 즉시 이체하셔야 합니다. ⚠️,"검찰·경찰·금감원은 안전계좌 이체를 요구하지 않음, 전화로 수사 고지 및 송금 요구",보안뉴스 경찰청 보이스피싱 최다피해유형 사례(기관사칭형) 패턴 참고
1115,1,스팸_사기,가짜채용,통장대여_이체알바,SMS,"📋 [재택알바] 본인 명의 계좌만 빌려주시면 건당 10만원, 이체 심부름 알바 구합니다. 텔레그램으로 연락주세요 @job419","통장 대여는 전자금융거래법 위반, 텔레그램 등 익명 메신저로만 소통, 실제로는 보이스피싱 자금 세탁에 이용",kbthink 이체알바 사기 안내(통장 대여 시 처벌 규정) 패턴 참고
1116,0,정상,정상,은행정상알림,SMS,"[토스뱅크] 자동납부 예정: 10일 370,000원, 잔액을 미리 확인해주세요",해당없음(정상 메시지),일상적으로 발생하는 정상 업무/생활 커뮤니케이션 예시(합성)
1117,0,정상,정상,은행정상알림,SMS,"[국민은행] 490,000원이 정상 출금되었어요. 잔액은 628만원입니다",해당없음(정상 메시지),일상적으로 발생하는 정상 업무/생활 커뮤니케이션 예시(합성)
1118,0,정상,정상,은행정상알림,SMS,"[국민은행] 9일에 240,000원 자동이체가 예정되어 있습니다",해당없음(정상 메시지),일상적으로 발생하는 정상 업무/생활 커뮤니케이션 예시(합성)
1119,1,스팸_사기,광고성스팸,불법대출광고,SMS,"📢 [든든머니대부] 카드론 대환 특별상품, 최대 3000만원. 문의 010-2l68-2978","미등록 대부업 의심, '신용조회 없이' 문구, 무자격자 대상 고액 대출 미끼",신한카드 불법대출광고 유형 안내 페이지 패턴 참고
1120,1,스팸_사기,광고성스팸,로또번호_추천광고,SMS,"[로또마스터] 이번주 1등 당첨번호 무료공개! 지금까지 ３회 연속 적중, 화긴은 hxxp://로또마스터-736.top/4152 🔥","확인 불가능한 당첨 이력 주장, 개인정보 입력 후 유료 결제로 유도하는 경우 많음",나무위키 스팸메일 문서의 로또번호 추천 사이트 광고 유형 참고
1121,1,스팸_사기,광고성스팸,불법도박광고,SMS,"[금황벳] 매충 30% 상시지급! 신규가입시 최대 50만원 지급, 지금 바로 가입 hxxp://황금벳-372.kr/8273","080 수신거부 번호 없음, 단축/변형 URL, 미신고 도박사이트, 고액 지급 미끼",방통위·KISA 문자스팸 통계(도박 유형 약 40%) 패턴 참고
1122,1,스팸_사기,사기_투자로맨스,가짜투자앱유도,SMS,"[VIP리딩방] 오늘 가입자 한정 혜택! 50만원으로 시작, 설치링크 hxxp://invest-vip-app-365.kr/4587","공식 앱스토어가 아닌 링크로 앱 설치 유도, 초기 소액 출금으로 신뢰 형성 후 거액 유도",일반적 리딩방-가짜거래소 연계 사기 패턴 참고
1123,0,정상,정상,은행정상알림,SMS,"[카카오뱅크] 정기 자동이체 안내 - 13일 310,000원 출금될 예정이에요",해당없음(정상 메시지),일상적으로 발생하는 정상 업무/생활 커뮤니케이션 예시(합성)
1124,1,스팸_사기,사기_보이스피싱,소액결제사칭,SMS,"[승인알림] 872,000원 결제가 완료되었습니다. 본인이 아니라면 고객센터로 문의하세요 1588-6536","허위 소액결제 문자로 불안감 조성 후 사기범이 안내하는 번호로 유도, 실제 결제 내역 없음",보안뉴스 경찰청 보이스피싱 사례(허위 소액결제 문자 유형) 패턴 참고
1125,1,스팸_사기,악성_해킹시도,카드발급사칭_스미싱,SMS,🚨 고객님 명의로 현대카드가 신규 발급 신청되었습니다. 본인이 아니라면 즉시 확인 hxxp://card-verify-kr-905.xyz/2538,"신청한 적 없는 카드 발급 안내, 확인을 명목으로 악성 링크 클릭 유도",KB Think 스미싱 대처법 페이지(신청한 적 없는 카드 스미싱) 패턴 참고
1126,0,정상,정상,은행정상알림,SMS,"[카카오뱅크] 체크카드 50,000원 승인. 가맹점: 무신사",해당없음(정상 메시지),일상적으로 발생하는 정상 업무/생활 커뮤니케이션 예시(합성)
1127,1,스팸_사기,광고성스팸,로또번호_추천광고,SMS,"[로또명당] 회원님만을 위한 특별 당첨번호, 지금 확인하세요 hxxp://로또명당-l96.top/1015","확인 불가능한 당첨 이력 주장, 개인정보 입력 후 유료 결제로 유도하는 경우 많음",나무위키 스팸메일 문서의 로또번호 추천 사이트 광고 유형 참고
1128,1,스팸_사기,악성_해킹시도,택배사칭_스미싱,SMS,[롯데택배] 송장번호(2208209357) 부재중으로 반송 예정입니다. 확인: hxxp://롯데택배-575.xyz/8990,"실제 주문내역 없음, 단축/변형 URL, 클릭 시 악성 앱 설치 유도",이스트시큐리티 알약 블로그·cashnote 스미싱 총정리 패턴 참고
1129,1,스팸_사기,가짜채용,재택부업_리뷰알바사기,SMS,"📋 재택으로 상품 리뷰만 작성하면 건당 15,000원! 하루 30분 투자로 월 ２００만원 가눙합니다. 지금 카톡 문의 @parttime_kr","선입금(상품구매 대금 선결제) 요구로 이어지는 경우 多, 비현실적 고수익 강조, 기업 정보 불명확",보안뉴스 추석 금융사기 예방 기사(부업 아르바이트/리뷰알바 사기) 패턴 참고
1130,0,정상,정상,은행정상알림,SMS,"[국민은행] 자동납부 예정: 6일 360,000원, 잔액을 미리 확인해주세요",해당없음(정상 메시지),일상적으로 발생하는 정상 업무/생활 커뮤니케이션 예시(합성)
1131,1,스팸_사기,사기_보이스피싱,검찰_금감원사칭,SMS,여기는 금융감독원입니다. 귀하의 명의로 대포통장이 개설되어 수사가 진행 중입니다. 자산보호를 위해 대출받은 1만만원을 안내하는 안전계좌로 즉시 이체하셔야 합니다.,"검찰·경찰·금감원은 안전계좌 이체를 요구하지 않음, 전화로 수사 고지 및 송금 요구",보안뉴스 경찰청 보이스피싱 최다피해유형 사례(기관사칭형) 패턴 참고
1132,1,스팸_사기,가짜채용,통장대여_이체알바,SMS,"[재택알바] 본인 명의 계좌만 빌려주시면 건당 15만원, 이체 심부름 알바 구합니다. 텔레그램으로 연랔주세요 @job937","통장 대여는 전자금융거래법 위반, 텔레그램 등 익명 메신저로만 소통, 실제로는 보이스피싱 자금 세탁에 이용",kbthink 이체알바 사기 안내(통장 대여 시 처벌 규정) 패턴 참고
1133,1,스팸_사기,광고성스팸,로또번호_추천광고,SMS,"[1등예측단] 이번주 l등 당첨번호 무료공개! 지금까지 4회 연속 적중, 확인은 hxxp://1등예측단-691.com/6880","확인 불가능한 당첨 이력 주장, 개인정보 입력 후 유료 결제로 유도하는 경우 많음",나무위키 스팸메일 문서의 로또번호 추천 사이트 광고 유형 참고
1135,0,정상,정상,은행정상알림,SMS,"[국민은행] 자동납부 예정: 18일 210,000원, 잔액을 미리 확인해주세요",해당없음(정상 메시지),일상적으로 발생하는 정상 업무/생활 커뮤니케이션 예시(합성)
1136,1,스팸_사기,사기_보이스피싱,소액결제사칭,SMS,"[승인알림] 350,000원 결제가 완료되었습니다. 본인이 아니라면 고객센터로 문의하세요 1588-2155","허위 소액결제 문자로 불안감 조성 후 사기범이 안내하는 번호로 유도, 실제 결제 내역 없음",보안뉴스 경찰청 보이스피싱 사례(허위 소액결제 문자 유형) 패턴 참고
1137,1,스팸_사기,광고성스팸,불법도박광고,SMS,"[챔피언벳] 출석체크 포인트 지급! 신규가입시 최대 100만원 지급, 지금 바로 가입 hxxp://챔피언벳-816.top/1256","080 수신거부 번호 없음, 단축/변형 URL, 미신고 도박사이트, 고액 지급 미끼",방통위·KISA 문자스팸 통계(도박 유형 약 40%) 패턴 참고
1138,0,정상,정상,은행정상알림,SMS,"[국민은행] 고객님 계좌에서 420,000원이 출금되었습니다 (잔액 288만원)",해당없음(정상 메시지),일상적으로 발생하는 정상 업무/생활 커뮤니케이션 예시(합성)
1139,1,스팸_사기,악성_해킹시도,청첩장_부고장사칭_스미싱,SMS,OOO님의 장례식에 초대합니다. 모바일 청첩장 화긴하기 hxxp://mcard-invite-755.net/4151,"지인 사칭, 모바일 청첩장/부고장 클릭 유도 후 악성 앱 설치, 실제 지인 확인 불가",cashnote 스미싱 총정리(모바일청첩장 클릭 후 대출 피해) 패턴 참고
1140,1,스팸_사기,광고성스팸,불법도박광고,SMS,"[슈퍼토토] 첫충 200% 이벤트! 신규가입시 최대 200만원 지급, 지금 바로 가입 hxxp://슈퍼토토-999.kr/3150","080 수신거부 번호 없음, 단축/변형 URL, 미신고 도박사이트, 고액 지급 미끼",방통위·KISA 문자스팸 통계(도박 유형 약 40%) 패턴 참고
1141,1,스팸_사기,광고성스팸,불법도박광고,SMS,"🎉 [대박토토] 가입머니 5만원 즉시지급! 신규가입시 최대 50만원 지급, 지금 바로 가입 hxxp://대박토토-411.net/2613","080 수신거부 번호 없음, 단축/변형 URL, 미신고 도박사이트, 고액 지급 미끼",방통위·KISA 문자스팸 통계(도박 유형 약 40%) 패턴 참고
1142,1,스팸_사기,광고성스팸,불법대출광고,SMS,"[든든머니대부] 정부지원 서민대출 사칭, 최대 3000만원. 문의 010-2850-1559","미등록 대부업 의심, '신용조회 없이' 문구, 무자격자 대상 고액 대출 미끼",신한카드 불법대출광고 유형 안내 페이지 패턴 참고
1143,0,정상,정상,은행정상알림,SMS,"[하나은행] 출금 390,000원 처리되었어요. 남은 잔액은 890만원",해당없음(정상 메시지),일상적으로 발생하는 정상 업무/생활 커뮤니케이션 예시(합성)
1144,0,정상,정상,은행정상알림,SMS,"[우리은행] 체크카드 60,000원 승인. 가맹점: 무신사",해당없음(정상 메시지),일상적으로 발생하는 정상 업무/생활 커뮤니케이션 예시(합성)
1145,0,정상,정상,은행정상알림,SMS,"[우리은행] 출금 100,000원 처리되었어요. 남은 잔액은 597만원",해당없음(정상 메시지),일상적으로 발생하는 정상 업무/생활 커뮤니케이션 예시(합성)
1146,1,스팸_사기,사기_보이스피싱,소액결제사칭,SMS,[승인알림] 343천원 결제가 완료되었습니다. 본인이 아니라면 고객센터로 문의하세요 1588-7467,"허위 소액결제 문자로 불안감 조성 후 사기범이 안내하는 번호로 유도, 실제 결제 내역 없음",보안뉴스 경찰청 보이스피싱 사례(허위 소액결제 문자 유형) 패턴 참고
1147,1,스팸_사기,악성_해킹시도,택배사칭_스미싱,SMS,[쿠팡물류센터] 송장번호(6494029425) 관세 미납으로 통관이 보류되었습니다. 확인: hxxp://쿠팡물류센터-556.top/5374,"실제 주문내역 없음, 단축/변형 URL, 클릭 시 악성 앱 설치 유도",이스트시큐리티 알약 블로그·cashnote 스미싱 총정리 패턴 참고
1148,1,스팸_사기,악성_해킹시도,택배사칭_스미싱,SMS,[롯데택배] 송장번호(7167596908) 관세 미납으로 통관이 보류되었습니다. 확인: hxxp://롯데택배-375.top/3696 ⚠️,"실제 주문내역 없음, 단축/변형 URL, 클릭 시 악성 앱 설치 유도",이스트시큐리티 알약 블로그·cashnote 스미싱 총정리 패턴 참고
1149,1,스팸_사기,악성_해킹시도,카드발급사칭_스미싱,SMS,고객님 명의로 우리카드가 신규 발급 신청되었슴니다. 본인이 아니라면 즉시 확인 hxxp://card-verify-kr-809.kr/8474,"신청한 적 없는 카드 발급 안내, 확인을 명목으로 악성 링크 클릭 유도",KB Think 스미싱 대처법 페이지(신청한 적 없는 카드 스미싱) 패턴 참고
1150,0,정상,정상,은행정상알림,SMS,"[토스뱅크] 체크카드 420,000원 사용, 현재 잔액 962만원입니다",해당없음(정상 메시지),일상적으로 발생하는 정상 업무/생활 커뮤니케이션 예시(합성)
1151,1,스팸_사기,악성_해킹시도,청첩장_부고장사칭_스미싱,SMS,[모바일초대장] OOO님이 장례식 초대장을 보냈습니다. 아래에서 확인해주세요 hxxp://mcard-invite-556.net/5714,"지인 사칭, 모바일 청첩장/부고장 클릭 유도 후 악성 앱 설치, 실제 지인 확인 불가",cashnote 스미싱 총정리(모바일청첩장 클릭 후 대출 피해) 패턴 참고
1152,0,정상,정상,은행정상알림,SMS,"[하나은행] 체크카드 500,000원 승인. 가맹점: 올리브영",해당없음(정상 메시지),일상적으로 발생하는 정상 업무/생활 커뮤니케이션 예시(합성)
1153,0,정상,정상,은행정상알림,SMS,"[우리은행] 승인알림: 140,000원 결제(출금) 완료. 잔여 273만원",해당없음(정상 메시지),일상적으로 발생하는 정상 업무/생활 커뮤니케이션 예시(합성)
1154,1,스팸_사기,악성_해킹시도,청첩장_부고장사칭_스미싱,SMS,OOO님으로부터 결혼식 부고장가 도착했습니다. 확인: hxxp://mcard-invite-255.top/1333,"지인 사칭, 모바일 청첩장/부고장 클릭 유도 후 악성 앱 설치, 실제 지인 확인 불가",cashnote 스미싱 총정리(모바일청첩장 클릭 후 대출 피해) 패턴 참고
1155,1,스팸_사기,가짜채용,통장대여_이체알바,SMS,"[재택알바] 본인 명의 계좌만 빌려주시면 건당 １０만원, 이체 심부름 알바 구합니다. 텔레그램으로 연락주세요 @job120","통장 대여는 전자금융거래법 위반, 텔레그램 등 익명 메신저로만 소통, 실제로는 보이스피싱 자금 세탁에 이용",kbthink 이체알바 사기 안내(통장 대여 시 처벌 규정) 패턴 참고
1156,1,스팸_사기,사기_보이스피싱,소액결제사칭,SMS,"[승인알림] 893,OOO원 결제가 완료되었습니다. 본인이 아니라면 고객센터로 문의하세요 1588-3457","허위 소액결제 문자로 불안감 조성 후 사기범이 안내하는 번호로 유도, 실제 결제 내역 없음",보안뉴스 경찰청 보이스피싱 사례(허위 소액결제 문자 유형) 패턴 참고
1158,0,정상,정상,은행정상알림,SMS,"[카카오뱅크] 체크카드 410,000원 승인. 가맹점: 올리브영",해당없음(정상 메시지),일상적으로 발생하는 정상 업무/생활 커뮤니케이션 예시(합성)
1159,0,정상,정상,은행정상알림,SMS,"[카카오뱅크] 출금 60,000원 처리되었어요. 남은 잔액은 914만원",해당없음(정상 메시지),일상적으로 발생하는 정상 업무/생활 커뮤니케이션 예시(합성)
1160,1,스팸_사기,악성_해킹시도,청첩장_부고장사칭_스미싱,SMS,OOO님의 결혼식에 초대합니다. 모바일 부고장 화긴하기 hxxp://mcard-invite-330.net/6420,"지인 사칭, 모바일 청첩장/부고장 클릭 유도 후 악성 앱 설치, 실제 지인 확인 불가",cashnote 스미싱 총정리(모바일청첩장 클릭 후 대출 피해) 패턴 참고
1161,1,스팸_사기,악성_해킹시도,공공기관사칭_스미싱,SMS,교통위반 통지서가 도착했습니다(2025.12). 상세내역 조회: hxxp://traffic-24check-350.com/2054,"실제 정부기관은 개인 URL 링크로 벌금 안내를 하지 않음, 가짜 정부사이트 유도",cashnote 스미싱 총정리(경찰청교통민원24 사칭 유형) 패턴 참고
1162,1,스팸_사기,광고성스팸,불법대출광고,SMS,"🎉 [새희망대부] 정부지원 서민대출 사칭, 최대 1000만원. 문의 010-3961-7196","미등록 대부업 의심, '신용조회 없이' 문구, 무자격자 대상 고액 대출 미끼",신한카드 불법대출광고 유형 안내 페이지 패턴 참고
1163,1,스팸_사기,가짜채용,통장대여_이체알바,SMS,"[재택알바] 본인 명의 계좌만 빌려주시면 건당 5만원, 이체 심부름 알바 구합니다. 텔레그램으로 연락주세요 @job555 📋","통장 대여는 전자금융거래법 위반, 텔레그램 등 익명 메신저로만 소통, 실제로는 보이스피싱 자금 세탁에 이용",kbthink 이체알바 사기 안내(통장 대여 시 처벌 규정) 패턴 참고
1164,1,스팸_사기,광고성스팸,로또번호_추천광고,SMS,"[1등예측단] AI 분석으로 뽑은 이번주 1등 예상번호 무료 공개, 확인: hxxp://1등예측단-211.top/5972","확인 불가능한 당첨 이력 주장, 개인정보 입력 후 유료 결제로 유도하는 경우 많음",나무위키 스팸메일 문서의 로또번호 추천 사이트 광고 유형 참고
1165,1,스팸_사기,가짜채용,통장대여_이체알바,SMS,"[재택알바] 본인 명의 계좌만 빌려주시면 건당 8만원, 이체 심부름 알바 구합니다. 텔레그램으로 연락주세요 @job904 📋","통장 대여는 전자금융거래법 위반, 텔레그램 등 익명 메신저로만 소통, 실제로는 보이스피싱 자금 세탁에 이용",kbthink 이체알바 사기 안내(통장 대여 시 처벌 규정) 패턴 참고
1166,1,스팸_사기,악성_해킹시도,카드발급사칭_스미싱,SMS,고객님 명의로 신한카드가 신규 발급 신청되었습니다. 본인이 아니라면 즉시 확인 hxxp://card-verify-kr-240.net/8693,"신청한 적 없는 카드 발급 안내, 확인을 명목으로 악성 링크 클릭 유도",KB Think 스미싱 대처법 페이지(신청한 적 없는 카드 스미싱) 패턴 참고
1167,0,정상,정상,은행정상알림,SMS,"[우리은행] 24일 자동이체 380,000원 출금 예정이오니 참고 바랍니다",해당없음(정상 메시지),일상적으로 발생하는 정상 업무/생활 커뮤니케이션 예시(합성)
1168,1,스팸_사기,광고성스팸,불법도박광고,SMS,"📢 [챔피언벳] 매충 30% 상시지급! 신규가입시 최대 150만원 지급, 지금 바로 가입 hxxp://챔피언벳-364.com/4311","080 수신거부 번호 없음, 단축/변형 URL, 미신고 도박사이트, 고액 지급 미끼",방통위·KISA 문자스팸 통계(도박 유형 약 40%) 패턴 참고
1169,1,스팸_사기,악성_해킹시도,택배사칭_스미싱,SMS,[경동택배] 송장번호(2284215097) 주소 불일치로 물품 보관 중입니다. 확인: hxxp://경동택배-897.kr/３９４３,"실제 주문내역 없음, 단축/변형 URL, 클릭 시 악성 앱 설치 유도",이스트시큐리티 알약 블로그·cashnote 스미싱 총정리 패턴 참고
1170,1,스팸_사기,광고성스팸,로또번호_추천광고,SMS,"[행운의숫자] 이번주 1등 당첨번호 무료공개! 지금까지 3회 연속 적중, 확인은 hxxp://행운의숫자-373.kr/3532","확인 불가능한 당첨 이력 주장, 개인정보 입력 후 유료 결제로 유도하는 경우 많음",나무위키 스팸메일 문서의 로또번호 추천 사이트 광고 유형 참고
1171,1,스팸_사기,광고성스팸,로또번호_추천광고,SMS,"[행운의숫자] 이번주 1등 당첨번호 무료공개! 지금까지 4회 연속 적중, 확인은 hxxp://행운의숫자-280.xyz/7006 📢","확인 불가능한 당첨 이력 주장, 개인정보 입력 후 유료 결제로 유도하는 경우 많음",나무위키 스팸메일 문서의 로또번호 추천 사이트 광고 유형 참고
1172,1,스팸_사기,악성_해킹시도,카드발급사칭_스미싱,SMS,고객님 명의로 현대카드가 신규 발급 신청되었습니다. 본인이 아니라면 즉시 확인 hxxp://card-verify-kr-814.xyz/9290 🚨,"신청한 적 없는 카드 발급 안내, 확인을 명목으로 악성 링크 클릭 유도",KB Think 스미싱 대처법 페이지(신청한 적 없는 카드 스미싱) 패턴 참고
1173,0,정상,정상,정상택배안내,SMS,[한진택배] 택배가 배송 완료되었어요. 송장번호: 803369559637,해당없음(정상 메시지),일상적으로 발생하는 정상 업무/생활 커뮤니케이션 예시(합성)
1174,1,스팸_사기,악성_해킹시도,택배사칭_스미싱,SMS,[우체국택배] 송장번호(7998564639) 관세 미납으로 통관이 보류되었습니다. 확인: hxxp://우체국택배-676.kr/8875,"실제 주문내역 없음, 단축/변형 URL, 클릭 시 악성 앱 설치 유도",이스트시큐리티 알약 블로그·cashnote 스미싱 총정리 패턴 참고
1175,1,스팸_사기,광고성스팸,로또번호_추천광고,SMS,"[로또마스터] 회원님만을 위한 특별 당첨번호, 지금 확인하세요 hxxp://로또마스터-508.net/6214","확인 불가능한 당첨 이력 주장, 개인정보 입력 후 유료 결제로 유도하는 경우 많음",나무위키 스팸메일 문서의 로또번호 추천 사이트 광고 유형 참고
1176,1,스팸_사기,악성_해킹시도,청첩장_부고장사칭_스미싱,SMS,OOO님의 장례식에 초대합니다. 모바일 청첩장 화긴하기 hxxp://mcard-invite-818.top/7526,"지인 사칭, 모바일 청첩장/부고장 클릭 유도 후 악성 앱 설치, 실제 지인 확인 불가",cashnote 스미싱 총정리(모바일청첩장 클릭 후 대출 피해) 패턴 참고
1177,1,스팸_사기,악성_해킹시도,청첩장_부고장사칭_스미싱,SMS,장례식 안내드립니다. 참석 여부와 함께 부고장를 확인해주세요: hxxp://mcard-invite-966.com/5848,"지인 사칭, 모바일 청첩장/부고장 클릭 유도 후 악성 앱 설치, 실제 지인 확인 불가",cashnote 스미싱 총정리(모바일청첩장 클릭 후 대출 피해) 패턴 참고
1178,0,정상,정상,은행정상알림,SMS,"[국민은행] 자동납부 예정: 1일 30,000원, 잔액을 미리 확인해주세요",해당없음(정상 메시지),일상적으로 발생하는 정상 업무/생활 커뮤니케이션 예시(합성)
1179,0,정상,정상,은행정상알림,SMS,"[토스뱅크] 500,000원 출금되었습니다. 잔액 319만원",해당없음(정상 메시지),일상적으로 발생하는 정상 업무/생활 커뮤니케이션 예시(합성)
1180,0,정상,정상,은행정상알림,SMS,"[국민은행] 이체 450,000원 출금 처리완료. 잔액 956만원 남았습니다",해당없음(정상 메시지),일상적으로 발생하는 정상 업무/생활 커뮤니케이션 예시(합성)
1181,1,스팸_사기,악성_해킹시도,카드발급사칭_스미싱,SMS,고객님 명의로 현대카드가 신규 발급 신청되었습니다. 본인이 아니라면 즉시 확인 hxxp://card-verify-kr-300.kr/5682 🔒,"신청한 적 없는 카드 발급 안내, 확인을 명목으로 악성 링크 클릭 유도",KB Think 스미싱 대처법 페이지(신청한 적 없는 카드 스미싱) 패턴 참고
1182,1,스팸_사기,악성_해킹시도,청첩장_부고장사칭_스미싱,SMS,OOO님의 결혼식에 초대합니다. 모바일 청첩장 화긴하기 hxxp://mcard-invite-574.kr/6073 🚨,"지인 사칭, 모바일 청첩장/부고장 클릭 유도 후 악성 앱 설치, 실제 지인 확인 불가",cashnote 스미싱 총정리(모바일청첩장 클릭 후 대출 피해) 패턴 참고
1183,1,스팸_사기,악성_해킹시도,청첩장_부고장사칭_스미싱,SMS,OOO님의 장례식에 초대합니다. 모바일 청첩장 화긴하기 hxxp://mcard-invite-534.top/5245,"지인 사칭, 모바일 청첩장/부고장 클릭 유도 후 악성 앱 설치, 실제 지인 확인 불가",cashnote 스미싱 총정리(모바일청첩장 클릭 후 대출 피해) 패턴 참고
1184,0,정상,정상,은행정상알림,SMS,"[카카오뱅크] 자동납부 예정: 21일 230,000원, 잔액을 미리 확인해주세요",해당없음(정상 메시지),일상적으로 발생하는 정상 업무/생활 커뮤니케이션 예시(합성)
1186,0,정상,정상,은행정상알림,SMS,"[카카오뱅크] 정기 자동이체 안내 - 28일 440,000원 출금될 예정이에요",해당없음(정상 메시지),일상적으로 발생하는 정상 업무/생활 커뮤니케이션 예시(합성)
1187,0,정상,정상,은행정상알림,SMS,"[우리은행] 체크카드 460,000원 승인. 가맹점: 쿠팡",해당없음(정상 메시지),일상적으로 발생하는 정상 업무/생활 커뮤니케이션 예시(합성)
1188,1,스팸_사기,광고성스팸,불법도박광고,SMS,"[빅토리벳] 신규회원 콤프 지급! 신규가입시 최대 200만원 지급, 지금 바로 가입 hxxp://빅토리벳-８５１.com/3282","080 수신거부 번호 없음, 단축/변형 URL, 미신고 도박사이트, 고액 지급 미끼",방통위·KISA 문자스팸 통계(도박 유형 약 40%) 패턴 참고
1189,1,스팸_사기,사기_투자로맨스,투자리딩방,SMS,"[마스터리딩방] 글로벌인베스트 마스터 리딩방입니다. 전문가가 직접 매수/매도 신호를 드리며, 이번 주 수익률 400% 인증 종목 공개! 지금 무료 입장하세요.","비공식 오픈채팅방 운영, 비현실적 수익률 인증 캡처, 이후 유료방/투자앱 설치 유도",보안뉴스 추석 금융사기 예방 기사(투자리딩방 피해 규모) 패턴 참고
1190,1,스팸_사기,광고성스팸,불법도박광고,SMS,"[황금벳] 출석체크 포인트 지급! 신규가입시 최대 150만원 지급, 지금 바로 가입 hxxp://황금벳-894.net/7546","080 수신거부 번호 없음, 단축/변형 URL, 미신고 도박사이트, 고액 지급 미끼",방통위·KISA 문자스팸 통계(도박 유형 약 40%) 패턴 참고
1191,0,정상,정상,은행정상알림,SMS,"[토스뱅크] 이체 290,000원 출금 처리완료. 잔액 577만원 남았습니다",해당없음(정상 메시지),일상적으로 발생하는 정상 업무/생활 커뮤니케이션 예시(합성)
1193,0,정상,정상,은행정상알림,SMS,"[신한은행] 고객님 계좌에서 10,000원이 출금되었습니다 (잔액 201만원)",해당없음(정상 메시지),일상적으로 발생하는 정상 업무/생활 커뮤니케이션 예시(합성)
1194,0,정상,정상,지인문자,SMS,생일 축하해!! 오늘 저녁에 케이크 사갈게 ㅎㅎ,해당없음(정상 메시지),일상적으로 발생하는 정상 업무/생활 커뮤니케이션 예시(합성)
1195,0,정상,정상,은행정상알림,SMS,"[하나은행] 체크카드 420,000원 승인. 가맹점: 쿠팡",해당없음(정상 메시지),일상적으로 발생하는 정상 업무/생활 커뮤니케이션 예시(합성)
1196,1,스팸_사기,사기_보이스피싱,소액결제사칭,SMS,"[승인알림] 275,OOO원 결제가 완료되었습니다. 본인이 아니라면 고객센터로 문의하세요 1588-5653 ⚠️","허위 소액결제 문자로 불안감 조성 후 사기범이 안내하는 번호로 유도, 실제 결제 내역 없음",보안뉴스 경찰청 보이스피싱 사례(허위 소액결제 문자 유형) 패턴 참고
1197,0,정상,정상,은행정상알림,SMS,"[우리은행] 체크카드 40,000원 승인. 가맹점: 무신사",해당없음(정상 메시지),일상적으로 발생하는 정상 업무/생활 커뮤니케이션 예시(합성)
1198,1,스팸_사기,사기_투자로맨스,가짜투자앱유도,SMS,"[VIP리딩방] 부담없이 30만원으로 테스트해보세요, 결과 보고 늘리셔도 돼요 hxxp://invest-vip-app-342.net/6243","공식 앱스토어가 아닌 링크로 앱 설치 유도, 초기 소액 출금으로 신뢰 형성 후 거액 유도",일반적 리딩방-가짜거래소 연계 사기 패턴 참고
1199,0,정상,정상,은행정상알림,SMS,"[하나은행] 1일 자동이체 350,000원 출금 예정이오니 참고 바랍니다",해당없음(정상 메시지),일상적으로 발생하는 정상 업무/생활 커뮤니케이션 예시(합성)
1200,1,스팸_사기,광고성스팸,불법대출광고,SMS,"[행복저축은행(사칭)] 무직자,저신용자 환영, 최대 2000만원. 문의 010-2201-9673 🎉","미등록 대부업 의심, '신용조회 없이' 문구, 무자격자 대상 고액 대출 미끼",신한카드 불법대출광고 유형 안내 페이지 패턴 참고
1201,1,스팸_사기,악성_해킹시도,카드발급사칭_스미싱,SMS,고객님 명의로 현대카드가 신규 발급 신청되었습니다. 본인이 아니라면 즉시 확인 hxxp://card-verify-kr-355.com/2994,"신청한 적 없는 카드 발급 안내, 확인을 명목으로 악성 링크 클릭 유도",KB Think 스미싱 대처법 페이지(신청한 적 없는 카드 스미싱) 패턴 참고
1202,1,스팸_사기,가짜채용,재택부업_리뷰알바사기,SMS,"재택으로 상품 리뷰만 작성하면 건당 20,000원! 하루 30분 투자로 월 150만원 가능합니다. 지금 카톡 문의 @homework_job 💼","선입금(상품구매 대금 선결제) 요구로 이어지는 경우 多, 비현실적 고수익 강조, 기업 정보 불명확",보안뉴스 추석 금융사기 예방 기사(부업 아르바이트/리뷰알바 사기) 패턴 참고
1203,1,스팸_사기,광고성스팸,불법도박광고,SMS,"[머니라인] 루징 캐시백 10%! 신규가입시 최대 150만원 지급, 지금 바로 가입 hxxp://머니라인-252.kr/2540","080 수신거부 번호 없음, 단축/변형 URL, 미신고 도박사이트, 고액 지급 미끼",방통위·KISA 문자스팸 통계(도박 유형 약 40%) 패턴 참고
1204,1,스팸_사기,광고성스팸,불법대출광고,SMS,"🔥 [새희망대부] 무직자,저신용자 환영, 최대 2000만원. 문의 010-1298-8845","미등록 대부업 의심, '신용조회 없이' 문구, 무자격자 대상 고액 대출 미끼",신한카드 불법대출광고 유형 안내 페이지 패턴 참고
1205,1,스팸_사기,광고성스팸,불법도박광고,SMS,"[로얄카지노] 가입머니 5만원 즉시지급! 신규가입시 최대 50만원 지급, 지금 바로 가입 hxxp://로얄카지노-377.com/4591 📢","080 수신거부 번호 없음, 단축/변형 URL, 미신고 도박사이트, 고액 지급 미끼",방통위·KISA 문자스팸 통계(도박 유형 약 40%) 패턴 참고
1206,1,스팸_사기,악성_해킹시도,청첩장_부고장사칭_스미싱,SMS,🔒 OOO님의 장례식에 초대합니다. 모바일 부고장 화긴하기 hxxp://mcard-invite-２７６.net/5328,"지인 사칭, 모바일 청첩장/부고장 클릭 유도 후 악성 앱 설치, 실제 지인 확인 불가",cashnote 스미싱 총정리(모바일청첩장 클릭 후 대출 피해) 패턴 참고
1207,0,정상,정상,은행정상알림,SMS,"[토스뱅크] 20일 자동이체 480,000원 출금 예정이오니 참고 바랍니다",해당없음(정상 메시지),일상적으로 발생하는 정상 업무/생활 커뮤니케이션 예시(합성)
1208,1,스팸_사기,가짜채용,재택부업_리뷰알바사기,SMS,"재택으로 상품 리뷰만 작성하면 건당 8,000원! 하루 30분 투자로 월 200만원 가눙합니다. 지금 카톡 문의 @homework_job","선입금(상품구매 대금 선결제) 요구로 이어지는 경우 多, 비현실적 고수익 강조, 기업 정보 불명확",보안뉴스 추석 금융사기 예방 기사(부업 아르바이트/리뷰알바 사기) 패턴 참고
1209,1,스팸_사기,광고성스팸,로또번호_추천광고,SMS,"🔥 [로또명당] 이번주 1등 당첨번호 무료공개! 지금까지 3회 연속 적중, 화긴은 hxxp://로또명당-982.kr/2555","확인 불가능한 당첨 이력 주장, 개인정보 입력 후 유료 결제로 유도하는 경우 많음",나무위키 스팸메일 문서의 로또번호 추천 사이트 광고 유형 참고
1210,1,스팸_사기,사기_투자로맨스,가짜투자앱유도,SMS,"[VIP리딩방] 저만 아는 고수익 앱이에요. 10만원으로 시작해보세요, 앱은 여기서: hxxp://invest-vip-app-428.com/4282","공식 앱스토어가 아닌 링크로 앱 설치 유도, 초기 소액 출금으로 신뢰 형성 후 거액 유도",일반적 리딩방-가짜거래소 연계 사기 패턴 참고
1211,0,정상,정상,은행정상알림,SMS,"[하나은행] 체크카드 360,000원 승인. 가맹점: 무신사",해당없음(정상 메시지),일상적으로 발생하는 정상 업무/생활 커뮤니케이션 예시(합성)
1212,0,정상,정상,은행정상알림,SMS,"[하나은행] 고객님 계좌에서 260,000원이 출금되었습니다 (잔액 363만원)",해당없음(정상 메시지),일상적으로 발생하는 정상 업무/생활 커뮤니케이션 예시(합성)
1213,0,정상,정상,은행정상알림,SMS,"[하나은행] 220,000원이 정상 출금되었어요. 잔액은 565만원입니다",해당없음(정상 메시지),일상적으로 발생하는 정상 업무/생활 커뮤니케이션 예시(합성)
1214,1,스팸_사기,광고성스팸,불법도박광고,SMS,"[킹스벳] 신규회원 콤프 지급! 신규가입시 최대 100만원 지급, 지금 바로 가입 hxxp://킹스벳-111.kr/7749","080 수신거부 번호 없음, 단축/변형 URL, 미신고 도박사이트, 고액 지급 미끼",방통위·KISA 문자스팸 통계(도박 유형 약 40%) 패턴 참고
1215,1,스팸_사기,사기_투자로맨스,가짜투자앱유도,SMS,"[VIP리딩방] 오늘 가입자 한정 혜택! 30만원으로 시작, 설치링크 hxxp://invest-vip-app-217.top/l628","공식 앱스토어가 아닌 링크로 앱 설치 유도, 초기 소액 출금으로 신뢰 형성 후 거액 유도",일반적 리딩방-가짜거래소 연계 사기 패턴 참고
1216,1,스팸_사기,광고성스팸,불법도박광고,SMS,"[황금벳] 가입머니 5만원 즉시지급! 신규가입시 최대 100만원 지급, 지금 바로 가입 hxxp://황금벳-253.com/5751","080 수신거부 번호 없음, 단축/변형 URL, 미신고 도박사이트, 고액 지급 미끼",방통위·KISA 문자스팸 통계(도박 유형 약 40%) 패턴 참고
1217,1,스팸_사기,사기_투자로맨스,투자리딩방,SMS,"[마스터리딩방] 글로벌인베스트 마스터 리딩방입니다. 전문가가 직접 매수/매도 신호를 드리며, 이번 주 수익률 900% 인증 종목 공개! 지금 무료 입장하세요. 💰","비공식 오픈채팅방 운영, 비현실적 수익률 인증 캡처, 이후 유료방/투자앱 설치 유도",보안뉴스 추석 금융사기 예방 기사(투자리딩방 피해 규모) 패턴 참고
1218,1,스팸_사기,사기_보이스피싱,소액결제사칭,SMS,"[해외결제] 162,000원이 승인되었습니다. 본인 확인 필요 시 1588-7871","허위 소액결제 문자로 불안감 조성 후 사기범이 안내하는 번호로 유도, 실제 결제 내역 없음",보안뉴스 경찰청 보이스피싱 사례(허위 소액결제 문자 유형) 패턴 참고
1219,1,스팸_사기,악성_해킹시도,카드발급사칭_스미싱,SMS,🔒 고객님 명의로 국민카드가 신규 발급 신청되었슴니다. 본인이 아니라면 즉시 확인 hxxp://card-verify-kr-４６２.net/6498,"신청한 적 없는 카드 발급 안내, 확인을 명목으로 악성 링크 클릭 유도",KB Think 스미싱 대처법 페이지(신청한 적 없는 카드 스미싱) 패턴 참고
1220,0,정상,정상,은행정상알림,SMS,"[토스뱅크] 고객님 계좌에서 330,000원이 출금되었습니다 (잔액 796만원)",해당없음(정상 메시지),일상적으로 발생하는 정상 업무/생활 커뮤니케이션 예시(합성)
1221,1,스팸_사기,광고성스팸,로또번호_추천광고,SMS,"[1등예측단] 이번주 1등 당첨번호 무료공개! 지금까지 3회 연속 적중, 확인은 hxxp://1등예측단-410.net/1934 🎉","확인 불가능한 당첨 이력 주장, 개인정보 입력 후 유료 결제로 유도하는 경우 많음",나무위키 스팸메일 문서의 로또번호 추천 사이트 광고 유형 참고
1222,1,스팸_사기,악성_해킹시도,택배사칭_스미싱,SMS,[우체국택배] 송장번호(8668560956) 결제 정보 확인이 필요합니다. 확인: hxxp://우체국택배-248.xyz/7957,"실제 주문내역 없음, 단축/변형 URL, 클릭 시 악성 앱 설치 유도",이스트시큐리티 알약 블로그·cashnote 스미싱 총정리 패턴 참고
1223,1,스팸_사기,광고성스팸,불법도박광고,SMS,"[킹스벳] 신규회원 콤프 지급! 신규가입시 최대 50만원 지급, 지금 바로 가입 hxxp://킹스벳-140.com/8660","080 수신거부 번호 없음, 단축/변형 URL, 미신고 도박사이트, 고액 지급 미끼",방통위·KISA 문자스팸 통계(도박 유형 약 40%) 패턴 참고
1224,1,스팸_사기,악성_해킹시도,카드발급사칭_스미싱,SMS,🚨 고객님 명의로 삼성카드가 신규 발급 신청되었습니다. 본인이 아니라면 즉시 확인 hxxp://card-verify-kr-236.top/9832,"신청한 적 없는 카드 발급 안내, 확인을 명목으로 악성 링크 클릭 유도",KB Think 스미싱 대처법 페이지(신청한 적 없는 카드 스미싱) 패턴 참고
1225,0,정상,정상,정상택배안내,SMS,[롯데택배] 택배가 배송 완료되었어요. 송장번호: 841760654109,해당없음(정상 메시지),일상적으로 발생하는 정상 업무/생활 커뮤니케이션 예시(합성)
1226,1,스팸_사기,가짜채용,재택부업_리뷰알바사기,SMS,"재택으로 상품 리뷰만 작성하면 건당 20,000원! 하루 30분 투자로 월 250만원 가능합니다. 지금 카톡 문의 @parttime_kr","선입금(상품구매 대금 선결제) 요구로 이어지는 경우 多, 비현실적 고수익 강조, 기업 정보 불명확",보안뉴스 추석 금융사기 예방 기사(부업 아르바이트/리뷰알바 사기) 패턴 참고
1227,1,스팸_사기,악성_해킹시도,카드발급사칭_스미싱,SMS,고객님 명의로 신한카드가 신규 발급 신청되었슴니다. 본인이 아니라면 즉시 확인 hxxp://card-verify-kr-677.net/9509,"신청한 적 없는 카드 발급 안내, 확인을 명목으로 악성 링크 클릭 유도",KB Think 스미싱 대처법 페이지(신청한 적 없는 카드 스미싱) 패턴 참고
1228,0,정상,정상,은행정상알림,SMS,"[토스뱅크] 체크카드 470,000원 승인. 가맹점: 올리브영",해당없음(정상 메시지),일상적으로 발생하는 정상 업무/생활 커뮤니케이션 예시(합성)
1230,0,정상,정상,정상택배안내,SMS,[우체국택배] 고객님 상품 배송이 끝났습니다. 송장 조회: 650761476581,해당없음(정상 메시지),일상적으로 발생하는 정상 업무/생활 커뮤니케이션 예시(합성)
1231,1,스팸_사기,사기_투자로맨스,가짜투자앱유도,SMS,[VIP리딩방] 이 앱 써보고 후회 안 하실 거예요. 10만원부터 가능 hxxp://invest-vip-app-371.com/9317,"공식 앱스토어가 아닌 링크로 앱 설치 유도, 초기 소액 출금으로 신뢰 형성 후 거액 유도",일반적 리딩방-가짜거래소 연계 사기 패턴 참고
1232,1,스팸_사기,가짜채용,재택부업_리뷰알바사기,SMS,"✅ 재택으로 상품 리뷰만 작성하면 건당 10,000원! 하루 30분 투자로 월 300만원 가능합니다. 지금 카톡 문의 @parttime_kr","선입금(상품구매 대금 선결제) 요구로 이어지는 경우 多, 비현실적 고수익 강조, 기업 정보 불명확",보안뉴스 추석 금융사기 예방 기사(부업 아르바이트/리뷰알바 사기) 패턴 참고
1233,1,스팸_사기,광고성스팸,로또번호_추천광고,SMS,"[행운의숫자] 이번주 1등 당첨번호 무료공개! 지금까지 4회 연속 적중, 확인은 hxxp://행운의숫자-935.com/4404 🎉","확인 불가능한 당첨 이력 주장, 개인정보 입력 후 유료 결제로 유도하는 경우 많음",나무위키 스팸메일 문서의 로또번호 추천 사이트 광고 유형 참고
1234,0,정상,정상,은행정상알림,SMS,"[토스뱅크] 190,000원이 정상 출금되었어요. 잔액은 436만원입니다",해당없음(정상 메시지),일상적으로 발생하는 정상 업무/생활 커뮤니케이션 예시(합성)
1235,0,정상,정상,정상택배안내,SMS,"[한진택배] 요청하신 상품, 배송 완료했습니다. 송장 472519301458",해당없음(정상 메시지),일상적으로 발생하는 정상 업무/생활 커뮤니케이션 예시(합성)
1238,1,스팸_사기,악성_해킹시도,택배사칭_스미싱,SMS,[롯데택배] 송장번호(1589881652) 부재중으로 반송 예정입니다. 확인: hxxp://롯데택배-474.xyz/7016,"실제 주문내역 없음, 단축/변형 URL, 클릭 시 악성 앱 설치 유도",이스트시큐리티 알약 블로그·cashnote 스미싱 총정리 패턴 참고
1239,1,스팸_사기,가짜채용,통장대여_이체알바,SMS,"[재택알바] 본인 명의 계좌만 빌려주시면 건당 5만원, 이체 심부름 알바 구합니다. 텔레그램으로 연랔주세요 @job585","통장 대여는 전자금융거래법 위반, 텔레그램 등 익명 메신저로만 소통, 실제로는 보이스피싱 자금 세탁에 이용",kbthink 이체알바 사기 안내(통장 대여 시 처벌 규정) 패턴 참고
1240,1,스팸_사기,가짜채용,현금수거책_고액알바,SMS,단순 심부름 업무로 일당 3O만원 드립니다. 수원 인근 지정 장소에서 현금이 든 쇼핑백을 수거해 전달만 하시면 됩니다. 경력/면접 없이 바로 시작 가능,"비대면 채용, 현금 운반이라는 비정상적 업무, 고액 일당 대비 매우 단순한 업무 내용",정책브리핑·잡플래닛 고액알바 위험성 안내 패턴 참고
1241,1,스팸_사기,광고성스팸,로또번호_추천광고,SMS,"[복권천재] 놀라운 적중률! 4회 연속 성공, 이번주도 무료공개 hxxp://복권천재-801.net/9993","확인 불가능한 당첨 이력 주장, 개인정보 입력 후 유료 결제로 유도하는 경우 많음",나무위키 스팸메일 문서의 로또번호 추천 사이트 광고 유형 참고
1242,1,스팸_사기,광고성스팸,로또번호_추천광고,SMS,"[로또마스터] 이번주 1등 당첨번호 무료공개! 지금까지 3회 연속 적중, 확인은 hxxp://로또마스터-661.kr/8551 🔥","확인 불가능한 당첨 이력 주장, 개인정보 입력 후 유료 결제로 유도하는 경우 많음",나무위키 스팸메일 문서의 로또번호 추천 사이트 광고 유형 참고
1243,0,정상,정상,은행정상알림,SMS,"[국민은행] 체크카드 240,000원 승인. 가맹점: 쿠팡",해당없음(정상 메시지),일상적으로 발생하는 정상 업무/생활 커뮤니케이션 예시(합성)
1244,1,스팸_사기,광고성스팸,로또번호_추천광고,SMS,"[복권천재] 이번주 1등 당첨번호 무료공개! 지금까지 5회 연속 적중, 화긴은 hxxp://복권천재-961.xyz/9494","확인 불가능한 당첨 이력 주장, 개인정보 입력 후 유료 결제로 유도하는 경우 많음",나무위키 스팸메일 문서의 로또번호 추천 사이트 광고 유형 참고
1245,0,정상,정상,정상택배안내,SMS,[우체국택배] 고객님 상품 배송이 끝났습니다. 송장 조회: 543135803811,해당없음(정상 메시지),일상적으로 발생하는 정상 업무/생활 커뮤니케이션 예시(합성)
1246,0,정상,정상,은행정상알림,SMS,"[토스뱅크] 체크카드 290,000원 승인. 가맹점: 마켓컬리",해당없음(정상 메시지),일상적으로 발생하는 정상 업무/생활 커뮤니케이션 예시(합성)
1247,0,정상,정상,은행정상알림,SMS,"[토스뱅크] 자동이체 예정 안내: 13일 330,000원 출금 예정입니다.",해당없음(정상 메시지),일상적으로 발생하는 정상 업무/생활 커뮤니케이션 예시(합성)
1248,1,스팸_사기,가짜채용,재택부업_리뷰알바사기,SMS,"📋 재택으로 상품 리뷰만 작성하면 건당 20,000원! 하루 30분 투자로 월 300만원 가능합니다. 지금 카톡 문의 @review_job","선입금(상품구매 대금 선결제) 요구로 이어지는 경우 多, 비현실적 고수익 강조, 기업 정보 불명확",보안뉴스 추석 금융사기 예방 기사(부업 아르바이트/리뷰알바 사기) 패턴 참고
1249,1,스팸_사기,광고성스팸,불법도박광고,SMS,"[올인토토] 매충 30% 상시지급! 신규가입시 최대 200만원 지급, 지금 바로 가입 hxxp://올인토토-191.com/7075","080 수신거부 번호 없음, 단축/변형 URL, 미신고 도박사이트, 고액 지급 미끼",방통위·KISA 문자스팸 통계(도박 유형 약 40%) 패턴 참고
1250,0,정상,정상,은행정상알림,SMS,"[신한은행] 27일에 420,000원 자동이체가 예정되어 있습니다",해당없음(정상 메시지),일상적으로 발생하는 정상 업무/생활 커뮤니케이션 예시(합성)
1251,0,정상,정상,정부기관공식안내,SMS,[국세청] 연말정산 간소화 서비스가 1월 15일부터 오픈됩니다. 자세한 사항은 홈택스를 참고하세요.,해당없음(정상 메시지),일상적으로 발생하는 정상 업무/생활 커뮤니케이션 예시(합성)
1252,0,정상,정상,은행정상알림,SMS,"[카카오뱅크] 체크카드 360,000원 승인. 가맹점: 29CM",해당없음(정상 메시지),일상적으로 발생하는 정상 업무/생활 커뮤니케이션 예시(합성)
1253,1,스팸_사기,악성_해킹시도,공공기관사칭_스미싱,SMS,[안내#24] 2024년 3월분 교통법규위반이 접수되었습니다. 확인: hxxp://traffic-24check-666.kr/8012,"실제 정부기관은 개인 URL 링크로 벌금 안내를 하지 않음, 가짜 정부사이트 유도",cashnote 스미싱 총정리(경찰청교통민원24 사칭 유형) 패턴 참고
1254,1,스팸_사기,악성_해킹시도,카드발급사칭_스미싱,SMS,고객님 명의로 국민카드가 신규 발급 신청되었슴니다. 본인이 아니라면 즉시 확인 hxxp://card-verify-kr-580.top/6344,"신청한 적 없는 카드 발급 안내, 확인을 명목으로 악성 링크 클릭 유도",KB Think 스미싱 대처법 페이지(신청한 적 없는 카드 스미싱) 패턴 참고
1255,1,스팸_사기,악성_해킹시도,카드발급사칭_스미싱,SMS,⚠️ 고객님 명의로 신한카드가 신규 발급 신청되었습니다. 본인이 아니라면 즉시 확인 hxxp://card-verify-kr-83O.xyz/5921,"신청한 적 없는 카드 발급 안내, 확인을 명목으로 악성 링크 클릭 유도",KB Think 스미싱 대처법 페이지(신청한 적 없는 카드 스미싱) 패턴 참고
1256,1,스팸_사기,광고성스팸,로또번호_추천광고,SMS,"[로또명당] 놀라운 적중률! 3회 연속 성공, 이번주도 무료공개 hxxp://로또명당-323.kr/1223","확인 불가능한 당첨 이력 주장, 개인정보 입력 후 유료 결제로 유도하는 경우 많음",나무위키 스팸메일 문서의 로또번호 추천 사이트 광고 유형 참고
1257,1,스팸_사기,가짜채용,재택부업_리뷰알바사기,SMS,"✅ 재택으로 상품 리뷰만 작성하면 건당 10,000원! 하루 30분 투자로 월 150만원 가능합니다. 지금 카톡 문의 @easymoney_job","선입금(상품구매 대금 선결제) 요구로 이어지는 경우 多, 비현실적 고수익 강조, 기업 정보 불명확",보안뉴스 추석 금융사기 예방 기사(부업 아르바이트/리뷰알바 사기) 패턴 참고
1258,1,스팸_사기,악성_해킹시도,청첩장_부고장사칭_스미싱,SMS,[모바일초대장] OOO님이 장례식 초대장을 보냈습니다. 아래에서 확인해주세요 hxxp://mcard-invite-789.top/3712,"지인 사칭, 모바일 청첩장/부고장 클릭 유도 후 악성 앱 설치, 실제 지인 확인 불가",cashnote 스미싱 총정리(모바일청첩장 클릭 후 대출 피해) 패턴 참고
1259,0,정상,정상,정상택배안내,SMS,[우체국택배] 택배가 배송 완료되었어요. 송장번호: 154757380982,해당없음(정상 메시지),일상적으로 발생하는 정상 업무/생활 커뮤니케이션 예시(합성)
1260,0,정상,정상,은행정상알림,SMS,"[우리은행] 승인알림: 440,000원 결제(출금) 완료. 잔여 387만원",해당없음(정상 메시지),일상적으로 발생하는 정상 업무/생활 커뮤니케이션 예시(합성)
1261,1,스팸_사기,악성_해킹시도,택배사칭_스미싱,SMS,🚨 [CJ대한통운] 송장번호(7181924208) 배송 지연으로 재배송 신청이 필요합니다. 확인: hxxp://cj대한통운-456.net/9193,"실제 주문내역 없음, 단축/변형 URL, 클릭 시 악성 앱 설치 유도",이스트시큐리티 알약 블로그·cashnote 스미싱 총정리 패턴 참고
1262,0,정상,정상,은행정상알림,SMS,"[카카오뱅크] 16일에 220,000원 자동이체가 예정되어 있습니다",해당없음(정상 메시지),일상적으로 발생하는 정상 업무/생활 커뮤니케이션 예시(합성)
1263,1,스팸_사기,악성_해킹시도,택배사칭_스미싱,SMS,[우체국택배] 송장번호(4360696855) 부재중으로 반송 예정입니다. 확인: hxxp://우체국택배-320.top/9165,"실제 주문내역 없음, 단축/변형 URL, 클릭 시 악성 앱 설치 유도",이스트시큐리티 알약 블로그·cashnote 스미싱 총정리 패턴 참고
1264,1,스팸_사기,광고성스팸,불법대출광고,SMS,"[행운대부] 무직자,저신용자 환영, 최대 1500만원. 뮨의 010-8136-6253 🔥","미등록 대부업 의심, '신용조회 없이' 문구, 무자격자 대상 고액 대출 미끼",신한카드 불법대출광고 유형 안내 페이지 패턴 참고
1266,1,스팸_사기,악성_해킹시도,카드발급사칭_스미싱,SMS,고객님 명의로 삼성카드가 신규 발급 신청되었습니다. 본인이 아니라면 즉시 확인 hxxp://card-verify-kr-504.xyz/４７９５,"신청한 적 없는 카드 발급 안내, 확인을 명목으로 악성 링크 클릭 유도",KB Think 스미싱 대처법 페이지(신청한 적 없는 카드 스미싱) 패턴 참고
1267,1,스팸_사기,악성_해킹시도,택배사칭_스미싱,SMS,⚠️ [한진택배] 송장번호(5476499190) 결제 정보 확인이 필요합니다. 확인: hxxp://한진택배-812.top/9076,"실제 주문내역 없음, 단축/변형 URL, 클릭 시 악성 앱 설치 유도",이스트시큐리티 알약 블로그·cashnote 스미싱 총정리 패턴 참고
1268,1,스팸_사기,악성_해킹시도,청첩장_부고장사칭_스미싱,SMS,OOO님의 결혼식에 초대합니다. 모바일 부고장 확인하기 hxxp://mcard-invite-184.kr/2455,"지인 사칭, 모바일 청첩장/부고장 클릭 유도 후 악성 앱 설치, 실제 지인 확인 불가",cashnote 스미싱 총정리(모바일청첩장 클릭 후 대출 피해) 패턴 참고
1269,1,스팸_사기,악성_해킹시도,공공기관사칭_스미싱,SMS,[안내#24] 2026년 4월분 교통법규위반이 접수되었습니다. 확인: hxxp://traffic-２４check-486.xyz/9514,"실제 정부기관은 개인 URL 링크로 벌금 안내를 하지 않음, 가짜 정부사이트 유도",cashnote 스미싱 총정리(경찰청교통민원24 사칭 유형) 패턴 참고
1271,0,정상,정상,은행정상알림,SMS,"[하나은행] 정기 자동이체 안내 - 21일 420,000원 출금될 예정이에요",해당없음(정상 메시지),일상적으로 발생하는 정상 업무/생활 커뮤니케이션 예시(합성)
1272,1,스팸_사기,광고성스팸,불법대출광고,SMS,"[빠른캐피탈] 신용조회 없이 당일승인, 최대 5000만원. 문의 010-5679-3439","미등록 대부업 의심, '신용조회 없이' 문구, 무자격자 대상 고액 대출 미끼",신한카드 불법대출광고 유형 안내 페이지 패턴 참고
1273,1,스팸_사기,광고성스팸,로또번호_추천광고,SMS,"[로또마스터] 이번주 1등 당첨번호 무료공개! 지금까지 2회 연속 적중, 화긴은 hxxp://로또마스터-911.top/2433","확인 불가능한 당첨 이력 주장, 개인정보 입력 후 유료 결제로 유도하는 경우 많음",나무위키 스팸메일 문서의 로또번호 추천 사이트 광고 유형 참고
1274,1,스팸_사기,악성_해킹시도,택배사칭_스미싱,SMS,[CJ대한통운] 송장번호(6288520026) 부재중으로 반송 예정입니다. 확인: hxxp://cj대한통운-333.xyz/1771,"실제 주문내역 없음, 단축/변형 URL, 클릭 시 악성 앱 설치 유도",이스트시큐리티 알약 블로그·cashnote 스미싱 총정리 패턴 참고
1275,1,스팸_사기,악성_해킹시도,카드발급사칭_스미싱,SMS,고객님 명의로 삼성카드가 신규 발급 신청되었습니다. 본인이 아니라면 즉시 확인 hxxp://card-verify-kr-63O.net/3974,"신청한 적 없는 카드 발급 안내, 확인을 명목으로 악성 링크 클릭 유도",KB Think 스미싱 대처법 페이지(신청한 적 없는 카드 스미싱) 패턴 참고
1276,1,스팸_사기,광고성스팸,로또번호_추천광고,SMS,"🎉 [1등예측단] 이번주 1등 당첨번호 무료공개! 지금까지 4회 연속 적중, 화긴은 hxxp://１등예측단-488.top/6836","확인 불가능한 당첨 이력 주장, 개인정보 입력 후 유료 결제로 유도하는 경우 많음",나무위키 스팸메일 문서의 로또번호 추천 사이트 광고 유형 참고
1277,1,스팸_사기,광고성스팸,로또번호_추천광고,SMS,"[로또명당] AI 분석으로 뽑은 이번주 1등 예상번호 무료 공개, 확인: hxxp://로또명당-793.top/7828","확인 불가능한 당첨 이력 주장, 개인정보 입력 후 유료 결제로 유도하는 경우 많음",나무위키 스팸메일 문서의 로또번호 추천 사이트 광고 유형 참고
1278,1,스팸_사기,광고성스팸,불법대출광고,SMS,"[직장인우대론] 카드론 대환 특별상품, 최대 3000만원. 문의 010-7318-1320 📢","미등록 대부업 의심, '신용조회 없이' 문구, 무자격자 대상 고액 대출 미끼",신한카드 불법대출광고 유형 안내 페이지 패턴 참고
1279,1,스팸_사기,광고성스팸,불법도박광고,SMS,"[빅토리벳] 매충 30% 상시지급! 신규가입시 최대 200만원 지급, 지금 바로 가입 hxxp://빅토리벳-817.com/7900","080 수신거부 번호 없음, 단축/변형 URL, 미신고 도박사이트, 고액 지급 미끼",방통위·KISA 문자스팸 통계(도박 유형 약 40%) 패턴 참고
1281,1,스팸_사기,광고성스팸,불법대출광고,SMS,"📢 [새희망대부] 당일 즉시 입금, 최대 5000만원. 문의 010-8601-9567","미등록 대부업 의심, '신용조회 없이' 문구, 무자격자 대상 고액 대출 미끼",신한카드 불법대출광고 유형 안내 페이지 패턴 참고
1282,1,스팸_사기,악성_해킹시도,카드발급사칭_스미싱,SMS,고객님 명의로 신한카드가 신규 발급 신청되었슴니다. 본인이 아니라면 즉시 확인 hxxp://card-verify-kr-176.top/2763 🚨,"신청한 적 없는 카드 발급 안내, 확인을 명목으로 악성 링크 클릭 유도",KB Think 스미싱 대처법 페이지(신청한 적 없는 카드 스미싱) 패턴 참고
1283,1,스팸_사기,가짜채용,현금수거책_고액알바,SMS,단순 심부름 업무로 일당 8O만원 드립니다. 인천 인근 지정 장소에서 현금이 든 쇼핑백을 수거해 전달만 하시면 됩니다. 경력/면접 없이 바로 시작 가능 📋,"비대면 채용, 현금 운반이라는 비정상적 업무, 고액 일당 대비 매우 단순한 업무 내용",정책브리핑·잡플래닛 고액알바 위험성 안내 패턴 참고
1284,0,정상,정상,은행정상알림,SMS,"[신한은행] 체크카드 280,000원 승인. 가맹점: 마켓컬리",해당없음(정상 메시지),일상적으로 발생하는 정상 업무/생활 커뮤니케이션 예시(합성)
1285,1,스팸_사기,사기_보이스피싱,소액결제사칭,SMS,"고객님의 카드에서 １２４,０００원이 결제되었습니다. 이용하신 적 없다면 1588-3787으로 문의바랍니다","허위 소액결제 문자로 불안감 조성 후 사기범이 안내하는 번호로 유도, 실제 결제 내역 없음",보안뉴스 경찰청 보이스피싱 사례(허위 소액결제 문자 유형) 패턴 참고
1286,1,스팸_사기,광고성스팸,로또번호_추천광고,SMS,"🔥 [로또마스터] 이번주 1등 당첨번호 무료공개! 지금까지 3회 연속 적중, 확인은 hxxp://로또마스터-920.net/8571","확인 불가능한 당첨 이력 주장, 개인정보 입력 후 유료 결제로 유도하는 경우 많음",나무위키 스팸메일 문서의 로또번호 추천 사이트 광고 유형 참고
1287,0,정상,정상,은행정상알림,SMS,"[카카오뱅크] 다가오는 22일, 230,000원이 자동으로 이체됩니다",해당없음(정상 메시지),일상적으로 발생하는 정상 업무/생활 커뮤니케이션 예시(합성)
1288,0,정상,정상,은행정상알림,SMS,"[신한은행] 300,000원 출금되었습니다. 잔액 183만원",해당없음(정상 메시지),일상적으로 발생하는 정상 업무/생활 커뮤니케이션 예시(합성)
1289,1,스팸_사기,가짜채용,통장대여_이체알바,SMS,"[재택알바] 본인 명의 계좌만 빌려주시면 건당 15만원, 이체 심부름 알바 구합니다. 텔레그램으로 연락주세요 @job１２１ 📋","통장 대여는 전자금융거래법 위반, 텔레그램 등 익명 메신저로만 소통, 실제로는 보이스피싱 자금 세탁에 이용",kbthink 이체알바 사기 안내(통장 대여 시 처벌 규정) 패턴 참고
1290,1,스팸_사기,광고성스팸,불법도박광고,SMS,"[대박토토] 첫충 200% 이벤트! 신규가입시 최대 150만원 지급, 지금 바로 가입 hxxp://대박토토-794.com/5479 🎉","080 수신거부 번호 없음, 단축/변형 URL, 미신고 도박사이트, 고액 지급 미끼",방통위·KISA 문자스팸 통계(도박 유형 약 40%) 패턴 참고
1291,1,스팸_사기,광고성스팸,불법대출광고,SMS,"[직장인우대론] 당일 즉시 입금, 최대 1500만원. 문의 010-6385-1028","미등록 대부업 의심, '신용조회 없이' 문구, 무자격자 대상 고액 대출 미끼",신한카드 불법대출광고 유형 안내 페이지 패턴 참고
1292,1,스팸_사기,광고성스팸,불법대출광고,SMS,"[행운대부] 카드론 대환 특별상품, 최대 1000만원. 문의 010-6305-1433","미등록 대부업 의심, '신용조회 없이' 문구, 무자격자 대상 고액 대출 미끼",신한카드 불법대출광고 유형 안내 페이지 패턴 참고
1293,1,스팸_사기,광고성스팸,불법대출광고,SMS,"[케이캐시대부] 신용조회 없이 당일승인, 최대 500만원. 문의 ０１０-4565-4832","미등록 대부업 의심, '신용조회 없이' 문구, 무자격자 대상 고액 대출 미끼",신한카드 불법대출광고 유형 안내 페이지 패턴 참고
1294,1,스팸_사기,가짜채용,현금수거책_고액알바,SMS,단순 심부름 업무로 일당 25만원 드립니다. 인천 인근 지정 장소에서 현금이 든 쇼핑백을 수거해 전달만 하시면 됩니다. 경력/면접 없이 바로 시작 가눙,"비대면 채용, 현금 운반이라는 비정상적 업무, 고액 일당 대비 매우 단순한 업무 내용",정책브리핑·잡플래닛 고액알바 위험성 안내 패턴 참고
1295,1,스팸_사기,악성_해킹시도,청첩장_부고장사칭_스미싱,SMS,OOO님의 장례식에 초대합니다. 모바일 부고장 확인하기 hxxp://mcard-invite-801.xyz/7727,"지인 사칭, 모바일 청첩장/부고장 클릭 유도 후 악성 앱 설치, 실제 지인 확인 불가",cashnote 스미싱 총정리(모바일청첩장 클릭 후 대출 피해) 패턴 참고
1296,1,스팸_사기,광고성스팸,불법대출광고,SMS,"[빠른캐피탈] 당일 즉시 입금, 최대 3000만원. 문의 010-4657-2016 🔥","미등록 대부업 의심, '신용조회 없이' 문구, 무자격자 대상 고액 대출 미끼",신한카드 불법대출광고 유형 안내 페이지 패턴 참고
1297,1,스팸_사기,악성_해킹시도,청첩장_부고장사칭_스미싱,SMS,OOO님의 결혼식에 초대합니다. 모바일 청첩장 화긴하기 hxxp://mcard-invite-213.com/3044,"지인 사칭, 모바일 청첩장/부고장 클릭 유도 후 악성 앱 설치, 실제 지인 확인 불가",cashnote 스미싱 총정리(모바일청첩장 클릭 후 대출 피해) 패턴 참고
1298,0,정상,정상,정상택배안내,SMS,[CJ대한통운] 주문하신 상품이 안전하게 도착했습니다. (송장번호 257588367513),해당없음(정상 메시지),일상적으로 발생하는 정상 업무/생활 커뮤니케이션 예시(합성)
1299,1,스팸_사기,사기_보이스피싱,소액결제사칭,SMS,"[승인알림] 974,000원 결제가 완료되었습니다. 본인이 아니라면 고객센터로 문의하세요 l588-9179 ⚠️","허위 소액결제 문자로 불안감 조성 후 사기범이 안내하는 번호로 유도, 실제 결제 내역 없음",보안뉴스 경찰청 보이스피싱 사례(허위 소액결제 문자 유형) 패턴 참고
1300,0,정상,정상,은행정상알림,SMS,"[신한은행] 190,000원 출금 완료, 잔액 666만원 확인하세요",해당없음(정상 메시지),일상적으로 발생하는 정상 업무/생활 커뮤니케이션 예시(합성)
1301,1,스팸_사기,광고성스팸,불법도박광고,SMS,"[로얄카지노] 출석체크 포인트 지급! 신규가입시 최대 50만원 지급, 지금 바로 가입 hxxp://로얄카지노-813.xyz/1764","080 수신거부 번호 없음, 단축/변형 URL, 미신고 도박사이트, 고액 지급 미끼",방통위·KISA 문자스팸 통계(도박 유형 약 40%) 패턴 참고
1302,1,스팸_사기,악성_해킹시도,택배사칭_스미싱,SMS,[쿠팡물류센터] 송장번호(9984891661) 관세 미납으로 통관이 보류되었습니다. 확인: hxxp://쿠팡물류센터-326.xyz/3506,"실제 주문내역 없음, 단축/변형 URL, 클릭 시 악성 앱 설치 유도",이스트시큐리티 알약 블로그·cashnote 스미싱 총정리 패턴 참고
1303,1,스팸_사기,사기_보이스피싱,소액결제사칭,SMS,[승인알림] 53천원 결제가 완료되었습니다. 본인이 아니라면 고객센터로 문의하세요 1588-8983,"허위 소액결제 문자로 불안감 조성 후 사기범이 안내하는 번호로 유도, 실제 결제 내역 없음",보안뉴스 경찰청 보이스피싱 사례(허위 소액결제 문자 유형) 패턴 참고
1304,1,스팸_사기,광고성스팸,로또번호_추천광고,SMS,"[복권천재] 회원님만을 위한 특별 당첨번호, 지금 확인하세요 hxxp://복권천재-78l.kr/8631","확인 불가능한 당첨 이력 주장, 개인정보 입력 후 유료 결제로 유도하는 경우 많음",나무위키 스팸메일 문서의 로또번호 추천 사이트 광고 유형 참고
1306,0,정상,정상,은행정상알림,SMS,"[우리은행] 170,000원이 정상 출금되었어요. 잔액은 294만원입니다",해당없음(정상 메시지),일상적으로 발생하는 정상 업무/생활 커뮤니케이션 예시(합성)
1307,1,스팸_사기,광고성스팸,로또번호_추천광고,SMS,"[로또마스터] 놀라운 적중률! 5회 연속 성공, 이번주도 무료공개 hxxp://로또마스터-６５９.net/9301","확인 불가능한 당첨 이력 주장, 개인정보 입력 후 유료 결제로 유도하는 경우 많음",나무위키 스팸메일 문서의 로또번호 추천 사이트 광고 유형 참고
1309,0,정상,정상,정상택배안내,SMS,[CJ대한통운] 택배가 배송 완료되었어요. 송장번호: 397359456122,해당없음(정상 메시지),일상적으로 발생하는 정상 업무/생활 커뮤니케이션 예시(합성)
1310,1,스팸_사기,악성_해킹시도,청첩장_부고장사칭_스미싱,SMS,[모바일초대장] OOO님이 장례식 초대장을 보냈습니다. 아래에서 확인해주세요 hxxp://mcard-invite-174.com/939O,"지인 사칭, 모바일 청첩장/부고장 클릭 유도 후 악성 앱 설치, 실제 지인 확인 불가",cashnote 스미싱 총정리(모바일청첩장 클릭 후 대출 피해) 패턴 참고
1311,1,스팸_사기,악성_해킹시도,택배사칭_스미싱,SMS,[CJ대한통운] 송장번호(1900661309) 배송 지연으로 재배송 신청이 필요합니다. 확인: hxxp://cj대한통운-854.top/3406,"실제 주문내역 없음, 단축/변형 URL, 클릭 시 악성 앱 설치 유도",이스트시큐리티 알약 블로그·cashnote 스미싱 총정리 패턴 참고
1312,0,정상,정상,은행정상알림,SMS,"[하나은행] 자동납부 예정: 26일 130,000원, 잔액을 미리 확인해주세요",해당없음(정상 메시지),일상적으로 발생하는 정상 업무/생활 커뮤니케이션 예시(합성)
1313,1,스팸_사기,광고성스팸,불법대출광고,SMS,"🎉 [행복저축은행(사칭)] 카드론 대환 특별상품, 최대 500만원. 문의 010-1070-7724","미등록 대부업 의심, '신용조회 없이' 문구, 무자격자 대상 고액 대출 미끼",신한카드 불법대출광고 유형 안내 페이지 패턴 참고
1314,0,정상,정상,은행정상알림,SMS,"[하나은행] 이체 120,000원 출금 처리완료. 잔액 837만원 남았습니다",해당없음(정상 메시지),일상적으로 발생하는 정상 업무/생활 커뮤니케이션 예시(합성)
1315,1,스팸_사기,광고성스팸,로또번호_추천광고,SMS,"[로또명당] 이번주 1등 당첨번호 무료공개! 지금까지 5회 연속 적중, 확인은 hxxp://로또명당-515.com/6534 🔥","확인 불가능한 당첨 이력 주장, 개인정보 입력 후 유료 결제로 유도하는 경우 많음",나무위키 스팸메일 문서의 로또번호 추천 사이트 광고 유형 참고
1316,1,스팸_사기,사기_보이스피싱,소액결제사칭,SMS,"[결제알림] 470,000원 승인 완료. 본인 사용이 아니면 아래 번호로 즉시 연락주세요 1588-","허위 소액결제 문자로 불안감 조성 후 사기범이 안내하는 번호로 유도, 실제 결제 내역 없음",보안뉴스 경찰청 보이스피싱 사례(허위 소액결제 문자 유형) 패턴 참고
1317,0,정상,정상,은행정상알림,SMS,"[토스뱅크] 자동납부 예정: 8일 360,000원, 잔액을 미리 확인해주세요",해당없음(정상 메시지),일상적으로 발생하는 정상 업무/생활 커뮤니케이션 예시(합성)
1318,0,정상,정상,은행정상알림,SMS,"[카카오뱅크] 고객님 계좌에서 220,000원이 출금되었습니다 (잔액 932만원)",해당없음(정상 메시지),일상적으로 발생하는 정상 업무/생활 커뮤니케이션 예시(합성)
1319,1,스팸_사기,사기_투자로맨스,가짜투자앱유도,SMS,[VIP리딩방] 이 앱 써보고 후회 안 하실 거예요. 10만원부터 가능 hxxp://invest-vip-app-225.kr/9706,"공식 앱스토어가 아닌 링크로 앱 설치 유도, 초기 소액 출금으로 신뢰 형성 후 거액 유도",일반적 리딩방-가짜거래소 연계 사기 패턴 참고
1320,1,스팸_사기,사기_보이스피싱,소액결제사칭,SMS,"[결제알림] 202,000원 승인 완료. 본인 사용이 아니면 아래 번호로 즉시 연락주세요 1588-6254","허위 소액결제 문자로 불안감 조성 후 사기범이 안내하는 번호로 유도, 실제 결제 내역 없음",보안뉴스 경찰청 보이스피싱 사례(허위 소액결제 문자 유형) 패턴 참고
1321,1,스팸_사기,가짜채용,통장대여_이체알바,SMS,"[재택알바] 본인 명의 계좌만 빌려주시면 건당 l5만원, 이체 심부름 알바 구합니다. 텔레그램으로 연락주세요 @job424","통장 대여는 전자금융거래법 위반, 텔레그램 등 익명 메신저로만 소통, 실제로는 보이스피싱 자금 세탁에 이용",kbthink 이체알바 사기 안내(통장 대여 시 처벌 규정) 패턴 참고
1322,1,스팸_사기,가짜채용,재택부업_리뷰알바사기,SMS,"재택으로 상품 리뷰만 작성하면 건당 10,000원! 하루 30분 투자로 월 250만원 가눙합니다. 지금 카톡 문의 @review_job","선입금(상품구매 대금 선결제) 요구로 이어지는 경우 多, 비현실적 고수익 강조, 기업 정보 불명확",보안뉴스 추석 금융사기 예방 기사(부업 아르바이트/리뷰알바 사기) 패턴 참고
1323,0,정상,정상,은행정상알림,SMS,"[우리은행] 다가오는 28일, 70,000원이 자동으로 이체됩니다",해당없음(정상 메시지),일상적으로 발생하는 정상 업무/생활 커뮤니케이션 예시(합성)
1324,1,스팸_사기,악성_해킹시도,택배사칭_스미싱,SMS,[한진택배] 송장번호(3132311090) 부재중으로 반송 예정입니다. 확인: hxxp://한진택배-151.top/4300,"실제 주문내역 없음, 단축/변형 URL, 클릭 시 악성 앱 설치 유도",이스트시큐리티 알약 블로그·cashnote 스미싱 총정리 패턴 참고
1325,0,정상,정상,은행정상알림,SMS,"[하나은행] 체크카드 320,000원 승인. 가맹점: 무신사",해당없음(정상 메시지),일상적으로 발생하는 정상 업무/생활 커뮤니케이션 예시(합성)
1327,0,정상,정상,은행정상알림,SMS,"[국민은행] 19일에 390,000원 자동이체가 예정되어 있습니다",해당없음(정상 메시지),일상적으로 발생하는 정상 업무/생활 커뮤니케이션 예시(합성)
1328,0,정상,정상,은행정상알림,SMS,"[카카오뱅크] 체크카드 290,000원 사용, 현재 잔액 514만원입니다",해당없음(정상 메시지),일상적으로 발생하는 정상 업무/생활 커뮤니케이션 예시(합성)
1329,1,스팸_사기,가짜채용,통장대여_이체알바,SMS,"💼 [재택알바] 본인 명의 계좌만 빌려주시면 건당 15만원, 이체 심부름 알바 구합니다. 텔레그램으로 연락주세요 @job381","통장 대여는 전자금융거래법 위반, 텔레그램 등 익명 메신저로만 소통, 실제로는 보이스피싱 자금 세탁에 이용",kbthink 이체알바 사기 안내(통장 대여 시 처벌 규정) 패턴 참고
1330,1,스팸_사기,악성_해킹시도,청첩장_부고장사칭_스미싱,SMS,소중한 분의 결혼식 소식을 전해드립니다. 모바일 부고장 링크: hxxp://mcard-invite-970.com/1747,"지인 사칭, 모바일 청첩장/부고장 클릭 유도 후 악성 앱 설치, 실제 지인 확인 불가",cashnote 스미싱 총정리(모바일청첩장 클릭 후 대출 피해) 패턴 참고
1331,0,정상,정상,은행정상알림,SMS,"[신한은행] 체크카드 470,000원 승인. 가맹점: 쿠팡",해당없음(정상 메시지),일상적으로 발생하는 정상 업무/생활 커뮤니케이션 예시(합성)
1332,1,스팸_사기,가짜채용,현금수거책_고액알바,SMS,📋 단순 심부름 업무로 일당 60만원 드립니다. 강남 인근 지정 장소에서 현금이 든 쇼핑백을 수거해 전달만 하시면 됩니다. 경력/면접 없이 바로 시작 가능,"비대면 채용, 현금 운반이라는 비정상적 업무, 고액 일당 대비 매우 단순한 업무 내용",정책브리핑·잡플래닛 고액알바 위험성 안내 패턴 참고
1333,1,스팸_사기,광고성스팸,로또번호_추천광고,SMS,"🔥 [로또마스터] 이번주 1등 당첨번호 무료공개! 지금까지 4회 연속 적중, 확인은 hxxp://로또마스터-825.com/5678","확인 불가능한 당첨 이력 주장, 개인정보 입력 후 유료 결제로 유도하는 경우 많음",나무위키 스팸메일 문서의 로또번호 추천 사이트 광고 유형 참고
1334,1,스팸_사기,광고성스팸,불법도박광고,SMS,"🔥 [머니라인] 매충 30% 상시지급! 신규가입시 최대 150만원 지급, 지금 바로 가입 hxxp://머니라인-442.top/9490","080 수신거부 번호 없음, 단축/변형 URL, 미신고 도박사이트, 고액 지급 미끼",방통위·KISA 문자스팸 통계(도박 유형 약 40%) 패턴 참고
1335,0,정상,정상,은행정상알림,SMS,"[카카오뱅크] 10일 자동이체 110,000원 출금 예정이오니 참고 바랍니다",해당없음(정상 메시지),일상적으로 발생하는 정상 업무/생활 커뮤니케이션 예시(합성)
1336,1,스팸_사기,광고성스팸,불법도박광고,SMS,"[챔피언벳] 첫충 200% 이벤트! 신규가입시 최대 150원만 지급, 지금 바로 가입 hxxp://챔피언벳-868.kr/7525","080 수신거부 번호 없음, 단축/변형 URL, 미신고 도박사이트, 고액 지급 미끼",방통위·KISA 문자스팸 통계(도박 유형 약 40%) 패턴 참고
1337,0,정상,정상,은행정상알림,SMS,"[카카오뱅크] 50,000원 출금 완료, 잔액 864만원 확인하세요",해당없음(정상 메시지),일상적으로 발생하는 정상 업무/생활 커뮤니케이션 예시(합성)
1338,0,정상,정상,은행정상알림,SMS,"[토스뱅크] 체크카드 360,000원 승인. 가맹점: 29CM",해당없음(정상 메시지),일상적으로 발생하는 정상 업무/생활 커뮤니케이션 예시(합성)
1339,1,스팸_사기,광고성스팸,불법대출광고,SMS,"[국민든든대부] 정부지원 서민대출 사칭, 최대 3000만원. 뮨의 OlO-1714-5295 📢","미등록 대부업 의심, '신용조회 없이' 문구, 무자격자 대상 고액 대출 미끼",신한카드 불법대출광고 유형 안내 페이지 패턴 참고
1340,1,스팸_사기,악성_해킹시도,청첩장_부고장사칭_스미싱,SMS,소중한 분의 결혼식 소식을 전해드립니다. 모바일 부고장 링크: hxxp://mcard-invite-657.kr/8444,"지인 사칭, 모바일 청첩장/부고장 클릭 유도 후 악성 앱 설치, 실제 지인 확인 불가",cashnote 스미싱 총정리(모바일청첩장 클릭 후 대출 피해) 패턴 참고
1341,1,스팸_사기,광고성스팸,불법대출광고,SMS,"[직장인우대론] 서류 없이 전화상담만으로 심사, 최대 3OOO만원. 문의 010-6640-8327","미등록 대부업 의심, '신용조회 없이' 문구, 무자격자 대상 고액 대출 미끼",신한카드 불법대출광고 유형 안내 페이지 패턴 참고
1342,1,스팸_사기,가짜채용,재택부업_리뷰알바사기,SMS,"재택으로 상품 리뷰만 작성하면 건당 15,000원! 하루 3O분 투자로 월 200만원 가능합니다. 지금 카톡 문의 @review_job","선입금(상품구매 대금 선결제) 요구로 이어지는 경우 多, 비현실적 고수익 강조, 기업 정보 불명확",보안뉴스 추석 금융사기 예방 기사(부업 아르바이트/리뷰알바 사기) 패턴 참고
1343,1,스팸_사기,사기_보이스피싱,소액결제사칭,SMS,"[승인알림] l63,OOO원 결제가 완료되었습니다. 본인이 아니라면 고객센터로 문의하세요 1588-4280","허위 소액결제 문자로 불안감 조성 후 사기범이 안내하는 번호로 유도, 실제 결제 내역 없음",보안뉴스 경찰청 보이스피싱 사례(허위 소액결제 문자 유형) 패턴 참고
1345,1,스팸_사기,광고성스팸,불법도박광고,SMS,"[메이저파크] 출석체크 포인트 지급! 신규가입시 최대 100만원 지급, 지금 바로 가입 hxxp://메이저파크-684.kr/4472","080 수신거부 번호 없음, 단축/변형 URL, 미신고 도박사이트, 고액 지급 미끼",방통위·KISA 문자스팸 통계(도박 유형 약 40%) 패턴 참고
1346,1,스팸_사기,악성_해킹시도,카드발급사칭_스미싱,SMS,고객님 명의로 삼성카드가 신규 발급 신청되었슴니다. 본인이 아니라면 즉시 확인 hxxp://card-verify-kr-219.kr/3420,"신청한 적 없는 카드 발급 안내, 확인을 명목으로 악성 링크 클릭 유도",KB Think 스미싱 대처법 페이지(신청한 적 없는 카드 스미싱) 패턴 참고
1347,1,스팸_사기,사기_보이스피싱,소액결제사칭,SMS,"[승인알림] 359,OOO원 결제가 완료되었습니다. 본인이 아니라면 고객센터로 문의하세요 1588-6242","허위 소액결제 문자로 불안감 조성 후 사기범이 안내하는 번호로 유도, 실제 결제 내역 없음",보안뉴스 경찰청 보이스피싱 사례(허위 소액결제 문자 유형) 패턴 참고
1348,1,스팸_사기,악성_해킹시도,청첩장_부고장사칭_스미싱,SMS,장례식 안내드립니다. 참석 여부와 함께 부고장를 확인해주세요: hxxp://mcard-invite-910.top/2528,"지인 사칭, 모바일 청첩장/부고장 클릭 유도 후 악성 앱 설치, 실제 지인 확인 불가",cashnote 스미싱 총정리(모바일청첩장 클릭 후 대출 피해) 패턴 참고
1349,0,정상,정상,정상택배안내,SMS,[CJ대한통운] 고객님의 상품이 배송 완료되었습니다. 송장번호: 510338061941,해당없음(정상 메시지),일상적으로 발생하는 정상 업무/생활 커뮤니케이션 예시(합성)
1350,1,스팸_사기,악성_해킹시도,공공기관사칭_스미싱,SMS,"[민원#24] 미납 과태료 안내 - 2025년 12월 발생분, 확인: hxxp://traffic-24check-351.top/4730","실제 정부기관은 개인 URL 링크로 벌금 안내를 하지 않음, 가짜 정부사이트 유도",cashnote 스미싱 총정리(경찰청교통민원24 사칭 유형) 패턴 참고
1351,1,스팸_사기,광고성스팸,불법도박광고,SMS,"[킹스벳] 루징 캐시백 10%! 신규가입시 최대 150만원 지급, 지금 바로 가입 hxxp://킹스벳-794.top/8626","080 수신거부 번호 없음, 단축/변형 URL, 미신고 도박사이트, 고액 지급 미끼",방통위·KISA 문자스팸 통계(도박 유형 약 40%) 패턴 참고
1352,1,스팸_사기,사기_투자로맨스,투자리딩방,SMS,"[마스터리딩방] OO증권 마스터 리딩방입니다. 전문가가 직접 매수/매도 신호를 드리며, 이번 주 수익률 700% 인증 종목 공개! 지금 무료 입장하세요.","비공식 오픈채팅방 운영, 비현실적 수익률 인증 캡처, 이후 유료방/투자앱 설치 유도",보안뉴스 추석 금융사기 예방 기사(투자리딩방 피해 규모) 패턴 참고
1353,0,정상,정상,은행정상알림,SMS,"[신한은행] 14일에 50,000원 자동이체가 예정되어 있습니다",해당없음(정상 메시지),일상적으로 발생하는 정상 업무/생활 커뮤니케이션 예시(합성)
1354,0,정상,정상,은행정상알림,SMS,"[하나은행] 자동납부 예정: 20일 200,000원, 잔액을 미리 확인해주세요",해당없음(정상 메시지),일상적으로 발생하는 정상 업무/생활 커뮤니케이션 예시(합성)
1355,0,정상,정상,은행정상알림,SMS,"[카카오뱅크] 체크카드 140,000원 승인. 가맹점: 마켓컬리",해당없음(정상 메시지),일상적으로 발생하는 정상 업무/생활 커뮤니케이션 예시(합성)
1356,1,스팸_사기,악성_해킹시도,카드발급사칭_스미싱,SMS,고객님 명의로 신한카드가 신규 발급 신청되었습니다. 본인이 아니라면 즉시 확인 hxxp://card-verify-kr-415.net/9437 🚨,"신청한 적 없는 카드 발급 안내, 확인을 명목으로 악성 링크 클릭 유도",KB Think 스미싱 대처법 페이지(신청한 적 없는 카드 스미싱) 패턴 참고
1357,1,스팸_사기,광고성스팸,불법도박광고,SMS,"📢 [올인토토] 매충 30% 상시지급! 신규가입시 최대 150만원 지급, 지금 바로 가입 hxxp://올인토토-187.net/1286","080 수신거부 번호 없음, 단축/변형 URL, 미신고 도박사이트, 고액 지급 미끼",방통위·KISA 문자스팸 통계(도박 유형 약 40%) 패턴 참고
1358,1,스팸_사기,가짜채용,통장대여_이체알바,SMS,"✅ [재택알바] 본인 명의 계좌만 빌려주시면 건당 8만원, 이체 심부름 알바 구합니다. 텔레그램으로 연락주세요 @job648","통장 대여는 전자금융거래법 위반, 텔레그램 등 익명 메신저로만 소통, 실제로는 보이스피싱 자금 세탁에 이용",kbthink 이체알바 사기 안내(통장 대여 시 처벌 규정) 패턴 참고
1359,0,정상,정상,정상택배안내,SMS,[우체국택배] 상품이 출고되어 배송을 시작합니다. 예상 도착일은 내일 오전입니다.,해당없음(정상 메시지),일상적으로 발생하는 정상 업무/생활 커뮤니케이션 예시(합성)
1360,0,정상,정상,은행정상알림,SMS,"[국민은행] 26일 자동이체 430,000원 출금 예정이오니 참고 바랍니다",해당없음(정상 메시지),일상적으로 발생하는 정상 업무/생활 커뮤니케이션 예시(합성)
1361,0,정상,정상,정상택배안내,SMS,[한진택배] 고객님의 상품이 배송 완료되었습니다. 송장번호: 904369007607,해당없음(정상 메시지),일상적으로 발생하는 정상 업무/생활 커뮤니케이션 예시(합성)
1362,1,스팸_사기,사기_보이스피싱,검찰_금감원사칭,SMS,⚠️ 여기는 금융감독원입니다. 귀하의 명의로 대포통장이 개설되어 수사가 진행 중입니다. 자산보호를 위해 대출받은 8000만원을 안내하는 안전계좌로 즉시 이체하셔야 합니다.,"검찰·경찰·금감원은 안전계좌 이체를 요구하지 않음, 전화로 수사 고지 및 송금 요구",보안뉴스 경찰청 보이스피싱 최다피해유형 사례(기관사칭형) 패턴 참고
1363,1,스팸_사기,사기_투자로맨스,투자리딩방,SMS,"[마스터리딩방] AI퀀트투자연구소 마스터 리딩방입니다. 전문가가 직접 매수/매도 신호를 드리며, 이번 주 수익률 9OO% 인증 종목 공개! 지금 무료 입장하세요.","비공식 오픈채팅방 운영, 비현실적 수익률 인증 캡처, 이후 유료방/투자앱 설치 유도",보안뉴스 추석 금융사기 예방 기사(투자리딩방 피해 규모) 패턴 참고
1364,1,스팸_사기,사기_투자로맨스,가짜투자앱유도,SMS,"[VIP리딩방] 소액 50만원부터 체험 가능, 수익 인증샷 보내드릴게요! 설치: hxxp://invest-vip-app-570.top/9311","공식 앱스토어가 아닌 링크로 앱 설치 유도, 초기 소액 출금으로 신뢰 형성 후 거액 유도",일반적 리딩방-가짜거래소 연계 사기 패턴 참고
1365,1,스팸_사기,가짜채용,재택부업_리뷰알바사기,SMS,"재택으로 상품 리뷰만 작성하면 건당 12,000원! 하루 30분 투자로 월 ３００만원 가능합니다. 지금 카톡 문의 @parttime_kr","선입금(상품구매 대금 선결제) 요구로 이어지는 경우 多, 비현실적 고수익 강조, 기업 정보 불명확",보안뉴스 추석 금융사기 예방 기사(부업 아르바이트/리뷰알바 사기) 패턴 참고
1366,0,정상,정상,은행정상알림,SMS,"[신한은행] 자동납부 예정: 2일 230,000원, 잔액을 미리 확인해주세요",해당없음(정상 메시지),일상적으로 발생하는 정상 업무/생활 커뮤니케이션 예시(합성)
1367,1,스팸_사기,사기_투자로맨스,가짜투자앱유도,SMS,[VIP리딩방] 이 앱 써보고 후회 안 하실 거예요. 50만원부터 가능 hxxp://invest-vip-app-489.com/9828,"공식 앱스토어가 아닌 링크로 앱 설치 유도, 초기 소액 출금으로 신뢰 형성 후 거액 유도",일반적 리딩방-가짜거래소 연계 사기 패턴 참고
1368,1,스팸_사기,사기_투자로맨스,가짜투자앱유도,SMS,[VIP리딩방] 무료체험 자리 얼마 안 남았어요. 50만원 넣고 바로 확인해보세요 hxxp://invest-vip-app-４２２.kr/6556,"공식 앱스토어가 아닌 링크로 앱 설치 유도, 초기 소액 출금으로 신뢰 형성 후 거액 유도",일반적 리딩방-가짜거래소 연계 사기 패턴 참고
1369,1,스팸_사기,사기_투자로맨스,가짜투자앱유도,SMS,[VIP리딩방] 검증된 리딩방입니다. 50만원부터 시작해서 수익 인증 보시고 판단하세요 hxxp://invest-vip-app-461.net/3150,"공식 앱스토어가 아닌 링크로 앱 설치 유도, 초기 소액 출금으로 신뢰 형성 후 거액 유도",일반적 리딩방-가짜거래소 연계 사기 패턴 참고
1370,0,정상,정상,은행정상알림,SMS,"[하나은행] 고객님 계좌에서 90,000원이 출금되었습니다 (잔액 600만원)",해당없음(정상 메시지),일상적으로 발생하는 정상 업무/생활 커뮤니케이션 예시(합성)
1371,1,스팸_사기,가짜채용,재택부업_리뷰알바사기,SMS,"✅ 재택으로 상품 리뷰만 작성하면 건당 15,000원! 하루 ３０분 투자로 월 300만원 가눙합니다. 지금 카톡 문의 @parttime_kr","선입금(상품구매 대금 선결제) 요구로 이어지는 경우 多, 비현실적 고수익 강조, 기업 정보 불명확",보안뉴스 추석 금융사기 예방 기사(부업 아르바이트/리뷰알바 사기) 패턴 참고
1372,1,스팸_사기,악성_해킹시도,공공기관사칭_스미싱,SMS,[안내#24] 2024년 3월분 교통법규위반이 접수되었습니다. 확인: hxxp://traffic-24check-947.com/1382,"실제 정부기관은 개인 URL 링크로 벌금 안내를 하지 않음, 가짜 정부사이트 유도",cashnote 스미싱 총정리(경찰청교통민원24 사칭 유형) 패턴 참고
1373,0,정상,정상,은행정상알림,SMS,"[우리은행] 자동이체 예정 안내: 18일 420,000원 출금 예정입니다.",해당없음(정상 메시지),일상적으로 발생하는 정상 업무/생활 커뮤니케이션 예시(합성)
1374,0,정상,정상,은행정상알림,SMS,"[우리은행] 자동이체 예정 안내: 20일 230,000원 출금 예정입니다.",해당없음(정상 메시지),일상적으로 발생하는 정상 업무/생활 커뮤니케이션 예시(합성)
1375,0,정상,정상,은행정상알림,SMS,"[신한은행] 체크카드 70,000원 승인. 가맹점: 올리브영",해당없음(정상 메시지),일상적으로 발생하는 정상 업무/생활 커뮤니케이션 예시(합성)
1376,1,스팸_사기,사기_보이스피싱,소액결제사칭,SMS,"[Web발신] 332,000원 결제승인 알림, 부정사용 의심시 １５８８-4028 문의","허위 소액결제 문자로 불안감 조성 후 사기범이 안내하는 번호로 유도, 실제 결제 내역 없음",보안뉴스 경찰청 보이스피싱 사례(허위 소액결제 문자 유형) 패턴 참고
1377,0,정상,정상,정상택배안내,SMS,[CJ대한통운] 주문하신 상품이 안전하게 도착했습니다. (송장번호 750114150489),해당없음(정상 메시지),일상적으로 발생하는 정상 업무/생활 커뮤니케이션 예시(합성)
1378,0,정상,정상,은행정상알림,SMS,"[국민은행] 자동이체 예정 안내: 23일 130,000원 출금 예정입니다.",해당없음(정상 메시지),일상적으로 발생하는 정상 업무/생활 커뮤니케이션 예시(합성)
1379,1,스팸_사기,광고성스팸,로또번호_추천광고,SMS,"[로또명당] 이번주 1등 당첨번호 무료공개! 지금까지 5회 연속 적중, 확인은 hxxp://로또명당-749.net/3859 🎉","확인 불가능한 당첨 이력 주장, 개인정보 입력 후 유료 결제로 유도하는 경우 많음",나무위키 스팸메일 문서의 로또번호 추천 사이트 광고 유형 참고
1380,1,스팸_사기,광고성스팸,불법도박광고,SMS,"[빅토리벳] 신규회원 콤프 지급! 신규가입시 최대 50만원 지급, 지금 바로 가입 hxxp://빅토리벳-549.top/4223","080 수신거부 번호 없음, 단축/변형 URL, 미신고 도박사이트, 고액 지급 미끼",방통위·KISA 문자스팸 통계(도박 유형 약 40%) 패턴 참고
1381,1,스팸_사기,광고성스팸,불법도박광고,SMS,"[프리미엄카지노] 루징 캐시백 10%! 신규가입시 최대 50만원 지급, 지금 바로 가입 hxxp://프리미엄카지노-910.xyz/8996","080 수신거부 번호 없음, 단축/변형 URL, 미신고 도박사이트, 고액 지급 미끼",방통위·KISA 문자스팸 통계(도박 유형 약 40%) 패턴 참고
1382,1,스팸_사기,가짜채용,통장대여_이체알바,SMS,"[재택알바] 본인 명의 계좌만 빌려주시면 건당 5만원, 이체 심부름 알바 구합니다. 텔레그램으로 연랔주세요 @job909","통장 대여는 전자금융거래법 위반, 텔레그램 등 익명 메신저로만 소통, 실제로는 보이스피싱 자금 세탁에 이용",kbthink 이체알바 사기 안내(통장 대여 시 처벌 규정) 패턴 참고
1383,0,정상,정상,은행정상알림,SMS,"[토스뱅크] 자동이체 예정 안내: 28일 330,000원 출금 예정입니다.",해당없음(정상 메시지),일상적으로 발생하는 정상 업무/생활 커뮤니케이션 예시(합성)
1384,1,스팸_사기,악성_해킹시도,공공기관사칭_스미싱,SMS,귀하의 차량이 2026년 1월 교통법규를 위반한 것으로 확인됩니다. 통지서 조회: hxxp://traffic-24check-443.xyz/2678,"실제 정부기관은 개인 URL 링크로 벌금 안내를 하지 않음, 가짜 정부사이트 유도",cashnote 스미싱 총정리(경찰청교통민원24 사칭 유형) 패턴 참고
1385,0,정상,정상,은행정상알림,SMS,"[우리은행] 체크카드 400,000원 승인. 가맹점: 올리브영",해당없음(정상 메시지),일상적으로 발생하는 정상 업무/생활 커뮤니케이션 예시(합성)
1386,0,정상,정상,정상택배안내,SMS,[롯데택배] 고객님 상품 배송이 끝났습니다. 송장 조회: 332304412672,해당없음(정상 메시지),일상적으로 발생하는 정상 업무/생활 커뮤니케이션 예시(합성)
1387,1,스팸_사기,사기_보이스피싱,소액결제사칭,SMS,"[승인] 938,000원 사용내역 확인, 본인 결제가 아닐 경우 1588-3090 연락바랍니다","허위 소액결제 문자로 불안감 조성 후 사기범이 안내하는 번호로 유도, 실제 결제 내역 없음",보안뉴스 경찰청 보이스피싱 사례(허위 소액결제 문자 유형) 패턴 참고
1388,1,스팸_사기,광고성스팸,불법대출광고,SMS,"[직장인우대론] 정부지원 서민대출 사칭, 최대 5000만원. 문의 010-7248-２００２","미등록 대부업 의심, '신용조회 없이' 문구, 무자격자 대상 고액 대출 미끼",신한카드 불법대출광고 유형 안내 페이지 패턴 참고
1389,1,스팸_사기,악성_해킹시도,청첩장_부고장사칭_스미싱,SMS,OOO님의 장례식에 초대합니다. 모바일 청첩장 확인하기 hxxp://mcard-invite-624.kr/8628,"지인 사칭, 모바일 청첩장/부고장 클릭 유도 후 악성 앱 설치, 실제 지인 확인 불가",cashnote 스미싱 총정리(모바일청첩장 클릭 후 대출 피해) 패턴 참고
1390,1,스팸_사기,가짜채용,재택부업_리뷰알바사기,SMS,"재택으로 상품 리뷰만 작성하면 건당 20,000원! 하루 30분 투자로 월 200만원 가눙합니다. 지금 카톡 문의 @review_job 💼","선입금(상품구매 대금 선결제) 요구로 이어지는 경우 多, 비현실적 고수익 강조, 기업 정보 불명확",보안뉴스 추석 금융사기 예방 기사(부업 아르바이트/리뷰알바 사기) 패턴 참고
1392,1,스팸_사기,광고성스팸,불법도박광고,SMS,"[메이저파크] 루징 캐시백 10%! 신규가입시 최대 200만원 지급, 지금 바로 가입 hxxp://메이저파크-182.net/3873","080 수신거부 번호 없음, 단축/변형 URL, 미신고 도박사이트, 고액 지급 미끼",방통위·KISA 문자스팸 통계(도박 유형 약 40%) 패턴 참고
1393,0,정상,정상,은행정상알림,SMS,"[우리은행] 체크카드 50,000원 승인. 가맹점: 마켓컬리",해당없음(정상 메시지),일상적으로 발생하는 정상 업무/생활 커뮤니케이션 예시(합성)
1394,1,스팸_사기,악성_해킹시도,택배사칭_스미싱,SMS,[경동택배] 송장번호(3648242872) 관세 미납으로 통관이 보류되었습니다. 확인: hxxp://경동택배-202.com/1128,"실제 주문내역 없음, 단축/변형 URL, 클릭 시 악성 앱 설치 유도",이스트시큐리티 알약 블로그·cashnote 스미싱 총정리 패턴 참고
1396,1,스팸_사기,악성_해킹시도,청첩장_부고장사칭_스미싱,SMS,OOO님의 결혼식에 초대합니다. 모바일 청첩장 확인하기 hxxp://mcard-invite-959.net/73ll,"지인 사칭, 모바일 청첩장/부고장 클릭 유도 후 악성 앱 설치, 실제 지인 확인 불가",cashnote 스미싱 총정리(모바일청첩장 클릭 후 대출 피해) 패턴 참고
1397,1,스팸_사기,가짜채용,현금수거책_고액알바,SMS,단순 심부름 업무로 일당 25만원 드립니다. 수원 인근 지정 장소에서 현금이 든 쇼핑백을 수거해 전달만 하시면 됩니다. 경력/면접 없이 바로 시작 가능,"비대면 채용, 현금 운반이라는 비정상적 업무, 고액 일당 대비 매우 단순한 업무 내용",정책브리핑·잡플래닛 고액알바 위험성 안내 패턴 참고
1398,1,스팸_사기,악성_해킹시도,공공기관사칭_스미싱,SMS,귀하의 차량이 2026년 2월 교통법규를 위반한 것으로 확인됩니다. 통지서 조회: hxxp://traffic-24check-435.com/1310,"실제 정부기관은 개인 URL 링크로 벌금 안내를 하지 않음, 가짜 정부사이트 유도",cashnote 스미싱 총정리(경찰청교통민원24 사칭 유형) 패턴 참고
1399,1,스팸_사기,악성_해킹시도,공공기관사칭_스미싱,SMS,교통위반 통지서가 도착했습니다(2024.10). 상세내역 조회: hxxp://traffic-24check-８３３.kr/2874,"실제 정부기관은 개인 URL 링크로 벌금 안내를 하지 않음, 가짜 정부사이트 유도",cashnote 스미싱 총정리(경찰청교통민원24 사칭 유형) 패턴 참고
1400,1,스팸_사기,광고성스팸,불법대출광고,SMS,"[새희망대부] 당일 즉시 입금, 최대 ５０００만원. 뮨의 010-7355-2413 🔥","미등록 대부업 의심, '신용조회 없이' 문구, 무자격자 대상 고액 대출 미끼",신한카드 불법대출광고 유형 안내 페이지 패턴 참고
1401,0,정상,정상,은행정상알림,SMS,"[카카오뱅크] 10,000원이 정상 출금되었어요. 잔액은 237만원입니다",해당없음(정상 메시지),일상적으로 발생하는 정상 업무/생활 커뮤니케이션 예시(합성)
1402,1,스팸_사기,악성_해킹시도,택배사칭_스미싱,SMS,[CJ대한통운] 송장번호(6891775759) 관세 미납으로 통관이 보류되었습니다. 확인: hxxp://cj대한통운-611.top/4611,"실제 주문내역 없음, 단축/변형 URL, 클릭 시 악성 앱 설치 유도",이스트시큐리티 알약 블로그·cashnote 스미싱 총정리 패턴 참고
1403,1,스팸_사기,광고성스팸,로또번호_추천광고,SMS,"[행운의숫자] 이번주 1등 당첨번호 무료공개! 지금까지 4회 연속 적중, 화긴은 hxxp://행운의숫자-355.xyz/3753","확인 불가능한 당첨 이력 주장, 개인정보 입력 후 유료 결제로 유도하는 경우 많음",나무위키 스팸메일 문서의 로또번호 추천 사이트 광고 유형 참고
1404,1,스팸_사기,가짜채용,재택부업_리뷰알바사기,SMS,"💼 재택으로 상품 리뷰만 작성하면 건당 15,000원! 하루 30분 투자로 월 250만원 가능합니다. 지금 카톡 문의 @homework_job","선입금(상품구매 대금 선결제) 요구로 이어지는 경우 多, 비현실적 고수익 강조, 기업 정보 불명확",보안뉴스 추석 금융사기 예방 기사(부업 아르바이트/리뷰알바 사기) 패턴 참고
1405,1,스팸_사기,광고성스팸,불법도박광고,SMS,"[킹스벳] 매충 30% 상시지급! 신규가입시 최대 100만원 지급, 지금 바로 가입 hxxp://킹스벳-730.xyz/5855","080 수신거부 번호 없음, 단축/변형 URL, 미신고 도박사이트, 고액 지급 미끼",방통위·KISA 문자스팸 통계(도박 유형 약 40%) 패턴 참고
1406,1,스팸_사기,악성_해킹시도,청첩장_부고장사칭_스미싱,SMS,[모바일초대장] OOO님이 장례식 초대장을 보냈습니다. 아래에서 확인해주세요 hxxp://mcard-invite-526.top/6361,"지인 사칭, 모바일 청첩장/부고장 클릭 유도 후 악성 앱 설치, 실제 지인 확인 불가",cashnote 스미싱 총정리(모바일청첩장 클릭 후 대출 피해) 패턴 참고
1407,1,스팸_사기,악성_해킹시도,공공기관사칭_스미싱,SMS,[경찰청교통민원24] 교통법규위반 사실 확인 통지서가 발송되었습니다(2025년 10월). 조회: hxxp://traffic-24check-692.top/6172,"실제 정부기관은 개인 URL 링크로 벌금 안내를 하지 않음, 가짜 정부사이트 유도",cashnote 스미싱 총정리(경찰청교통민원24 사칭 유형) 패턴 참고
1408,1,스팸_사기,사기_보이스피싱,검찰_금감원사칭,SMS,여기는 관할 경찰서입니다. 귀하의 명의로 대포통장이 개설되어 수사가 진행 중입니다. 자산보호를 위해 대출받은 5천만원을 안내하는 안전계좌로 즉시 이체하셔야 합니다.,"검찰·경찰·금감원은 안전계좌 이체를 요구하지 않음, 전화로 수사 고지 및 송금 요구",보안뉴스 경찰청 보이스피싱 최다피해유형 사례(기관사칭형) 패턴 참고
1409,1,스팸_사기,악성_해킹시도,공공기관사칭_스미싱,SMS,[경찰청교통민원24] 교통법규위반 사실 확인 통지서가 발송되었습니다(2024년 10월). 조회: hxxp://traffic-24check-860.xyz/9898,"실제 정부기관은 개인 URL 링크로 벌금 안내를 하지 않음, 가짜 정부사이트 유도",cashnote 스미싱 총정리(경찰청교통민원24 사칭 유형) 패턴 참고
1410,1,스팸_사기,광고성스팸,불법도박광고,SMS,"[대박토토] 신규회원 콤프 지급! 신규가입시 최대 200만원 지급, 지금 로바 가입 hxxp://대박토토-576.top/8320","080 수신거부 번호 없음, 단축/변형 URL, 미신고 도박사이트, 고액 지급 미끼",방통위·KISA 문자스팸 통계(도박 유형 약 40%) 패턴 참고
1411,1,스팸_사기,악성_해킹시도,택배사칭_스미싱,SMS,[롯데택배] 송장번호(7437380074) 관세 미납으로 통관이 보류되었습니다. 확인: hxxp://롯데택배-474.com/9475,"실제 주문내역 없음, 단축/변형 URL, 클릭 시 악성 앱 설치 유도",이스트시큐리티 알약 블로그·cashnote 스미싱 총정리 패턴 참고
1412,1,스팸_사기,가짜채용,통장대여_이체알바,SMS,"[재택알바] 본인 명의 계좌만 빌려주시면 건당 8만원, 이체 심부름 알바 구합니다. 텔레그램으로 연락주세요 @job634","통장 대여는 전자금융거래법 위반, 텔레그램 등 익명 메신저로만 소통, 실제로는 보이스피싱 자금 세탁에 이용",kbthink 이체알바 사기 안내(통장 대여 시 처벌 규정) 패턴 참고
1413,1,스팸_사기,악성_해킹시도,택배사칭_스미싱,SMS,[CJ대한통운] 송장번호(5992726172) 부재중으로 반송 예정입니다. 확인: hxxp://cj대한통운-193.xyz/1857 🔒,"실제 주문내역 없음, 단축/변형 URL, 클릭 시 악성 앱 설치 유도",이스트시큐리티 알약 블로그·cashnote 스미싱 총정리 패턴 참고
1414,1,스팸_사기,가짜채용,재택부업_리뷰알바사기,SMS,"재택으로 상품 리뷰만 작성하면 건당 20,000원! 하루 30분 투자로 월 ２００만원 가능합니다. 지금 카톡 문의 @parttime_kr","선입금(상품구매 대금 선결제) 요구로 이어지는 경우 多, 비현실적 고수익 강조, 기업 정보 불명확",보안뉴스 추석 금융사기 예방 기사(부업 아르바이트/리뷰알바 사기) 패턴 참고
1415,1,스팸_사기,가짜채용,현금수거책_고액알바,SMS,💼 단순 심부름 업무로 일당 80만원 드립니다. 수원 인근 지정 장소에서 현금이 든 쇼핑백을 수거해 전달만 하시면 됩니다. 경력/면접 없이 바로 시작 가능,"비대면 채용, 현금 운반이라는 비정상적 업무, 고액 일당 대비 매우 단순한 업무 내용",정책브리핑·잡플래닛 고액알바 위험성 안내 패턴 참고
1416,0,정상,정상,은행정상알림,SMS,"[카카오뱅크] 자동이체 예정 안내: 17일 40,000원 출금 예정입니다.",해당없음(정상 메시지),일상적으로 발생하는 정상 업무/생활 커뮤니케이션 예시(합성)
1417,1,스팸_사기,광고성스팸,로또번호_추천광고,SMS,"🔥 [1등예측단] 이번주 1등 당첨번호 무료공개! 지금까지 2회 연속 적중, 확인은 hxxp://1등예측단-317.kr/6353","확인 불가능한 당첨 이력 주장, 개인정보 입력 후 유료 결제로 유도하는 경우 많음",나무위키 스팸메일 문서의 로또번호 추천 사이트 광고 유형 참고
1418,1,스팸_사기,광고성스팸,불법대출광고,SMS,"[든든머니대부] 서류 없이 전화상담만으로 심사, 최대 2000만원. 문의 010-7086-5337","미등록 대부업 의심, '신용조회 없이' 문구, 무자격자 대상 고액 대출 미끼",신한카드 불법대출광고 유형 안내 페이지 패턴 참고
1419,1,스팸_사기,사기_보이스피싱,소액결제사칭,SMS,"⚠️ [승인알림] 329,000원 결제가 완료되었슴니다. 본인이 아니라면 고객센터로 문의하세요 l588-6859","허위 소액결제 문자로 불안감 조성 후 사기범이 안내하는 번호로 유도, 실제 결제 내역 없음",보안뉴스 경찰청 보이스피싱 사례(허위 소액결제 문자 유형) 패턴 참고
1421,0,정상,정상,은행정상알림,SMS,"[국민은행] 체크카드 200,000원 승인. 가맹점: 무신사",해당없음(정상 메시지),일상적으로 발생하는 정상 업무/생활 커뮤니케이션 예시(합성)
1422,1,스팸_사기,악성_해킹시도,택배사칭_스미싱,SMS,[CJ대한통운] 송장번호(2385968377) 관세 미납으로 통관이 보류되었습니다. 확인: hxxp://cj대한통운-751.com/1452,"실제 주문내역 없음, 단축/변형 URL, 클릭 시 악성 앱 설치 유도",이스트시큐리티 알약 블로그·cashnote 스미싱 총정리 패턴 참고
1423,0,정상,정상,정상택배안내,SMS,[우체국택배] 택배가 배송 완료되었어요. 송장번호: 679043182015,해당없음(정상 메시지),일상적으로 발생하는 정상 업무/생활 커뮤니케이션 예시(합성)
1424,0,정상,정상,은행정상알림,SMS,"[우리은행] 40,000원 출금되었습니다. 잔액 495만원",해당없음(정상 메시지),일상적으로 발생하는 정상 업무/생활 커뮤니케이션 예시(합성)
1425,1,스팸_사기,광고성스팸,로또번호_추천광고,SMS,"📢 [로또마스터] 이번주 1등 당첨번호 무료공개! 지금까지 4회 연속 적중, 확인은 hxxp://로또마스터-713.top/5801","확인 불가능한 당첨 이력 주장, 개인정보 입력 후 유료 결제로 유도하는 경우 많음",나무위키 스팸메일 문서의 로또번호 추천 사이트 광고 유형 참고
1426,1,스팸_사기,사기_보이스피싱,소액결제사칭,SMS,"[승인알림] 75l,OOO원 결제가 완료되었습니다. 본인이 아니라면 고객센터로 문의하세요 1588-8419","허위 소액결제 문자로 불안감 조성 후 사기범이 안내하는 번호로 유도, 실제 결제 내역 없음",보안뉴스 경찰청 보이스피싱 사례(허위 소액결제 문자 유형) 패턴 참고
1427,1,스팸_사기,사기_보이스피싱,소액결제사칭,SMS,⚠️ [승인알림] 351천원 결제가 완료되었습니다. 본인이 아니라면 고객센터로 문의하세요 1588-8599,"허위 소액결제 문자로 불안감 조성 후 사기범이 안내하는 번호로 유도, 실제 결제 내역 없음",보안뉴스 경찰청 보이스피싱 사례(허위 소액결제 문자 유형) 패턴 참고
1428,0,정상,정상,은행정상알림,SMS,"[하나은행] 체크카드 200,000원 승인. 가맹점: 29CM",해당없음(정상 메시지),일상적으로 발생하는 정상 업무/생활 커뮤니케이션 예시(합성)
1429,0,정상,정상,은행정상알림,SMS,"[카카오뱅크] 체크카드 80,000원 승인. 가맹점: 쿠팡",해당없음(정상 메시지),일상적으로 발생하는 정상 업무/생활 커뮤니케이션 예시(합성)
1430,1,스팸_사기,악성_해킹시도,카드발급사칭_스미싱,SMS,⚠️ 고객님 명의로 삼성카드가 신규 발급 신청되었습니다. 본인이 아니라면 즉시 확인 hxxp://card-verify-kr-582.com/4243,"신청한 적 없는 카드 발급 안내, 확인을 명목으로 악성 링크 클릭 유도",KB Think 스미싱 대처법 페이지(신청한 적 없는 카드 스미싱) 패턴 참고
1431,1,스팸_사기,광고성스팸,불법대출광고,SMS,"[행운대부] 신용조회 없이 당일승인, 최대 1000만원. 뮨의 010-8256-3669","미등록 대부업 의심, '신용조회 없이' 문구, 무자격자 대상 고액 대출 미끼",신한카드 불법대출광고 유형 안내 페이지 패턴 참고
1432,1,스팸_사기,악성_해킹시도,카드발급사칭_스미싱,SMS,고객님 명의로 국민카드가 신규 발급 신청되었습니다. 본인이 아니라면 즉시 확인 hxxp://card-verify-kr-454.net/3098 ⚠️,"신청한 적 없는 카드 발급 안내, 확인을 명목으로 악성 링크 클릭 유도",KB Think 스미싱 대처법 페이지(신청한 적 없는 카드 스미싱) 패턴 참고
1433,0,정상,정상,은행정상알림,SMS,"[하나은행] 체크카드 460,000원 승인. 가맹점: 마켓컬리",해당없음(정상 메시지),일상적으로 발생하는 정상 업무/생활 커뮤니케이션 예시(합성)
1434,1,스팸_사기,광고성스팸,로또번호_추천광고,SMS,"[로또명당] 이번주 1등 당첨번호 무료공개! 지금까지 5회 연속 적중, 확인은 hxxp://로또명당-761.xyz/7094 📢","확인 불가능한 당첨 이력 주장, 개인정보 입력 후 유료 결제로 유도하는 경우 많음",나무위키 스팸메일 문서의 로또번호 추천 사이트 광고 유형 참고
1435,1,스팸_사기,사기_보이스피싱,검찰_금감원사칭,SMS,여기는 경찰청 사이버수사대입니다. 귀하의 명의로 대포통장이 개설되어 수사가 진행 중입니다. 자산보호를 위해 대출받은 1만만원을 안내하는 안전계좌로 즉시 이체하셔야 합니다.,"검찰·경찰·금감원은 안전계좌 이체를 요구하지 않음, 전화로 수사 고지 및 송금 요구",보안뉴스 경찰청 보이스피싱 최다피해유형 사례(기관사칭형) 패턴 참고
1436,1,스팸_사기,광고성스팸,불법대출광고,SMS,"🎉 [케이캐시대부] 정부지원 서민대출 사칭, 최대 1000만원. 문의 010-6305-5505","미등록 대부업 의심, '신용조회 없이' 문구, 무자격자 대상 고액 대출 미끼",신한카드 불법대출광고 유형 안내 페이지 패턴 참고
1437,1,스팸_사기,광고성스팸,불법도박광고,SMS,"[황금벳] 출석체크 포인트 지급! 신규가입시 최대 50만원 지급, 지금 바로 가입 hxxp://황금벳-648.xyz/2203","080 수신거부 번호 없음, 단축/변형 URL, 미신고 도박사이트, 고액 지급 미끼",방통위·KISA 문자스팸 통계(도박 유형 약 40%) 패턴 참고
1438,1,스팸_사기,악성_해킹시도,청첩장_부고장사칭_스미싱,SMS,장례식 안내드립니다. 참석 여부와 함께 청첩장를 확인해주세요: hxxp://mcard-invite-535.kr/3888,"지인 사칭, 모바일 청첩장/부고장 클릭 유도 후 악성 앱 설치, 실제 지인 확인 불가",cashnote 스미싱 총정리(모바일청첩장 클릭 후 대출 피해) 패턴 참고
1439,0,정상,정상,은행정상알림,SMS,"[카카오뱅크] 체크카드 150,000원 사용, 현재 잔액 29만원입니다",해당없음(정상 메시지),일상적으로 발생하는 정상 업무/생활 커뮤니케이션 예시(합성)
1440,1,스팸_사기,악성_해킹시도,청첩장_부고장사칭_스미싱,SMS,OOO님의 결혼식에 초대합니다. 모바일 청첩장 화긴하기 hxxp://mcard-invite-960.net/4947,"지인 사칭, 모바일 청첩장/부고장 클릭 유도 후 악성 앱 설치, 실제 지인 확인 불가",cashnote 스미싱 총정리(모바일청첩장 클릭 후 대출 피해) 패턴 참고
1441,1,스팸_사기,가짜채용,통장대여_이체알바,SMS,"[재택알바] 본인 명의 계좌만 빌려주시면 건당 10만원, 이체 심부름 알바 구합니다. 텔레그램으로 연락주세요 @job279 📋","통장 대여는 전자금융거래법 위반, 텔레그램 등 익명 메신저로만 소통, 실제로는 보이스피싱 자금 세탁에 이용",kbthink 이체알바 사기 안내(통장 대여 시 처벌 규정) 패턴 참고
1442,0,정상,정상,은행정상알림,SMS,"[하나은행] 체크카드 370,000원 승인. 가맹점: 무신사",해당없음(정상 메시지),일상적으로 발생하는 정상 업무/생활 커뮤니케이션 예시(합성)
1443,0,정상,정상,은행정상알림,SMS,"[국민은행] 출금 170,000원 처리되었어요. 남은 잔액은 843만원",해당없음(정상 메시지),일상적으로 발생하는 정상 업무/생활 커뮤니케이션 예시(합성)
1444,1,스팸_사기,악성_해킹시도,카드발급사칭_스미싱,SMS,🚨 고객님 명의로 국민카드가 신규 발급 신청되었습니다. 본인이 아니라면 즉시 확인 hxxp://card-verify-kr-４８０.kr/9864,"신청한 적 없는 카드 발급 안내, 확인을 명목으로 악성 링크 클릭 유도",KB Think 스미싱 대처법 페이지(신청한 적 없는 카드 스미싱) 패턴 참고
1445,0,정상,정상,은행정상알림,SMS,"[하나은행] 출금 200,000원 처리되었어요. 남은 잔액은 182만원",해당없음(정상 메시지),일상적으로 발생하는 정상 업무/생활 커뮤니케이션 예시(합성)
1446,1,스팸_사기,악성_해킹시도,청첩장_부고장사칭_스미싱,SMS,소중한 분의 결혼식 소식을 전해드립니다. 모바일 청첩장 링크: hxxp://mcard-invite-796.top/8243,"지인 사칭, 모바일 청첩장/부고장 클릭 유도 후 악성 앱 설치, 실제 지인 확인 불가",cashnote 스미싱 총정리(모바일청첩장 클릭 후 대출 피해) 패턴 참고
1447,0,정상,정상,은행정상알림,SMS,"[하나은행] 체크카드 440,000원 승인. 가맹점: 29CM",해당없음(정상 메시지),일상적으로 발생하는 정상 업무/생활 커뮤니케이션 예시(합성)
1448,1,스팸_사기,가짜채용,재택부업_리뷰알바사기,SMS,재택으로 상품 리뷰만 작성하면 건당 15천원! 하루 30분 투자로 월 300만원 가능합니다. 지금 카톡 문의 @review_job,"선입금(상품구매 대금 선결제) 요구로 이어지는 경우 多, 비현실적 고수익 강조, 기업 정보 불명확",보안뉴스 추석 금융사기 예방 기사(부업 아르바이트/리뷰알바 사기) 패턴 참고
1449,1,스팸_사기,광고성스팸,로또번호_추천광고,SMS,"[행운의숫자] 이번주 1등 당첨번호 무료공개! 지금까지 3회 연속 적중, 확인은 hxxp://행운의숫자-139.kr/6767","확인 불가능한 당첨 이력 주장, 개인정보 입력 후 유료 결제로 유도하는 경우 많음",나무위키 스팸메일 문서의 로또번호 추천 사이트 광고 유형 참고
1450,1,스팸_사기,사기_보이스피싱,소액결제사칭,SMS,"[승인알림] 454,OOO원 결제가 완료되었습니다. 본인이 아니라면 고객센터로 문의하세요 1588-5777","허위 소액결제 문자로 불안감 조성 후 사기범이 안내하는 번호로 유도, 실제 결제 내역 없음",보안뉴스 경찰청 보이스피싱 사례(허위 소액결제 문자 유형) 패턴 참고
1451,1,스팸_사기,사기_투자로맨스,가짜투자앱유도,SMS,"[VIP리딩방] 부담없이 30만원으로 테스트해보세요, 결과 보고 늘리셔도 돼요 hxxp://invest-vip-app-966.kr/5061","공식 앱스토어가 아닌 링크로 앱 설치 유도, 초기 소액 출금으로 신뢰 형성 후 거액 유도",일반적 리딩방-가짜거래소 연계 사기 패턴 참고
1452,1,스팸_사기,광고성스팸,로또번호_추천광고,SMS,"🔥 [로또명당] 이번주 1등 당첨번호 무료공개! 지금까지 5회 연속 적중, 확인은 hxxp://로또명당-954.net/6801","확인 불가능한 당첨 이력 주장, 개인정보 입력 후 유료 결제로 유도하는 경우 많음",나무위키 스팸메일 문서의 로또번호 추천 사이트 광고 유형 참고
1453,1,스팸_사기,악성_해킹시도,카드발급사칭_스미싱,SMS,고객님 명의로 현대카드가 신규 발급 신청되었습니다. 본인이 아니라면 즉시 확인 hxxp://card-verify-kr-22l.xyz/3373,"신청한 적 없는 카드 발급 안내, 확인을 명목으로 악성 링크 클릭 유도",KB Think 스미싱 대처법 페이지(신청한 적 없는 카드 스미싱) 패턴 참고
1454,1,스팸_사기,광고성스팸,불법도박광고,SMS,"[슈퍼토토] 루징 캐시백 10%! 신규가입시 최대 50만원 지급, 지금 바로 가입 hxxp://슈퍼토토-162.kr/8301","080 수신거부 번호 없음, 단축/변형 URL, 미신고 도박사이트, 고액 지급 미끼",방통위·KISA 문자스팸 통계(도박 유형 약 40%) 패턴 참고
1455,1,스팸_사기,가짜채용,현금수거책_고액알바,SMS,단순 심부름 업무로 일당 6O만원 드립니다. 수원 인근 지정 장소에서 현금이 든 쇼핑백을 수거해 전달만 하시면 됩니다. 경력/면접 없이 바로 시작 가능,"비대면 채용, 현금 운반이라는 비정상적 업무, 고액 일당 대비 매우 단순한 업무 내용",정책브리핑·잡플래닛 고액알바 위험성 안내 패턴 참고
1456,1,스팸_사기,사기_보이스피싱,검찰_금감원사칭,SMS,⚠️ 여기는 대검찰청입니다. 귀하의 명의로 대포통장이 개설되어 수사가 진행 중입니다. 자산보호를 위해 대출받은 15000만원을 안내하는 안전계좌로 즉시 이체하셔야 합니다.,"검찰·경찰·금감원은 안전계좌 이체를 요구하지 않음, 전화로 수사 고지 및 송금 요구",보안뉴스 경찰청 보이스피싱 최다피해유형 사례(기관사칭형) 패턴 참고
1457,1,스팸_사기,사기_투자로맨스,투자리딩방,SMS,"[마스터리딩방] 미래에셋(사칭) 마스터 리딩방입니다. 전문가가 직접 매수/매도 신호를 드리며, 이번 주 수익률 700% 인증 종목 공개! 지금 무료 입장하세요.","비공식 오픈채팅방 운영, 비현실적 수익률 인증 캡처, 이후 유료방/투자앱 설치 유도",보안뉴스 추석 금융사기 예방 기사(투자리딩방 피해 규모) 패턴 참고
1458,1,스팸_사기,가짜채용,재택부업_리뷰알바사기,SMS,"재택으로 상품 리뷰만 작성하면 건당 12,000원! 하루 30분 투자로 월 150만원 가능합니다. 지금 카톡 문의 @homework_job","선입금(상품구매 대금 선결제) 요구로 이어지는 경우 多, 비현실적 고수익 강조, 기업 정보 불명확",보안뉴스 추석 금융사기 예방 기사(부업 아르바이트/리뷰알바 사기) 패턴 참고
1459,0,정상,정상,정상택배안내,SMS,[롯데택배] 택배가 배송 완료되었어요. 송장번호: 969372934737,해당없음(정상 메시지),일상적으로 발생하는 정상 업무/생활 커뮤니케이션 예시(합성)
1460,1,스팸_사기,가짜채용,재택부업_리뷰알바사기,SMS,"재택으로 상품 리뷰만 작성하면 건당 10,000원! 하루 ３０분 투자로 월 300만원 가능합니다. 지금 카톡 문의 @homework_job","선입금(상품구매 대금 선결제) 요구로 이어지는 경우 多, 비현실적 고수익 강조, 기업 정보 불명확",보안뉴스 추석 금융사기 예방 기사(부업 아르바이트/리뷰알바 사기) 패턴 참고
1461,1,스팸_사기,광고성스팸,불법도박광고,SMS,"[올인토토] 신규회원 콤프 지급! 신규가입시 최대 100만원 지급, 지금 바로 가입 hxxp://올인토토-121.top/2451","080 수신거부 번호 없음, 단축/변형 URL, 미신고 도박사이트, 고액 지급 미끼",방통위·KISA 문자스팸 통계(도박 유형 약 40%) 패턴 참고
1462,0,정상,정상,은행정상알림,SMS,"[신한은행] 정기 자동이체 안내 - 18일 220,000원 출금될 예정이에요",해당없음(정상 메시지),일상적으로 발생하는 정상 업무/생활 커뮤니케이션 예시(합성)
1463,0,정상,정상,은행정상알림,SMS,"[하나은행] 체크카드 380,000원 승인. 가맹점: 올리브영",해당없음(정상 메시지),일상적으로 발생하는 정상 업무/생활 커뮤니케이션 예시(합성)
1464,1,스팸_사기,사기_보이스피싱,소액결제사칭,SMS,"[승인알림] 576,000원 결제가 완료되었습니다. 본인이 아니라면 고객센터로 문의하세요 l588-8812","허위 소액결제 문자로 불안감 조성 후 사기범이 안내하는 번호로 유도, 실제 결제 내역 없음",보안뉴스 경찰청 보이스피싱 사례(허위 소액결제 문자 유형) 패턴 참고
1465,0,정상,정상,은행정상알림,SMS,"[우리은행] 체크카드 170,000원 승인. 가맹점: 쿠팡",해당없음(정상 메시지),일상적으로 발생하는 정상 업무/생활 커뮤니케이션 예시(합성)
1466,1,스팸_사기,광고성스팸,불법도박광고,SMS,"🎉 [로얄카지노] 신규회원 콤프 지급! 신규가입시 최대 50만원 지급, 지금 바로 가입 hxxp://로얄카지노-720.kr/8208","080 수신거부 번호 없음, 단축/변형 URL, 미신고 도박사이트, 고액 지급 미끼",방통위·KISA 문자스팸 통계(도박 유형 약 40%) 패턴 참고
1467,0,정상,정상,은행정상알림,SMS,"[우리은행] 120,000원 출금 완료, 잔액 935만원 확인하세요",해당없음(정상 메시지),일상적으로 발생하는 정상 업무/생활 커뮤니케이션 예시(합성)
1468,0,정상,정상,은행정상알림,SMS,"[토스뱅크] 체크카드 220,000원 승인. 가맹점: 쿠팡",해당없음(정상 메시지),일상적으로 발생하는 정상 업무/생활 커뮤니케이션 예시(합성)
1470,0,정상,정상,은행정상알림,SMS,"[우리은행] 27일 자동이체 60,000원 출금 예정이오니 참고 바랍니다",해당없음(정상 메시지),일상적으로 발생하는 정상 업무/생활 커뮤니케이션 예시(합성)
1471,1,스팸_사기,광고성스팸,로또번호_추천광고,SMS,"[로또마스터] 이번주 1등 당첨번호 무료공개! 지금까지 4회 연속 적중, 확인은 hxxp://로또마스터-464.net/8609 🔥","확인 불가능한 당첨 이력 주장, 개인정보 입력 후 유료 결제로 유도하는 경우 많음",나무위키 스팸메일 문서의 로또번호 추천 사이트 광고 유형 참고
1472,0,정상,정상,은행정상알림,SMS,"[하나은행] 11일에 240,000원 자동이체가 예정되어 있습니다",해당없음(정상 메시지),일상적으로 발생하는 정상 업무/생활 커뮤니케이션 예시(합성)
1473,1,스팸_사기,가짜채용,재택부업_리뷰알바사기,SMS,재택으로 상품 리뷰만 작성하면 건당 25천원! 하루 30분 투자로 월 300만원 가능합니다. 지금 카톡 문의 @parttime_kr,"선입금(상품구매 대금 선결제) 요구로 이어지는 경우 多, 비현실적 고수익 강조, 기업 정보 불명확",보안뉴스 추석 금융사기 예방 기사(부업 아르바이트/리뷰알바 사기) 패턴 참고
1474,0,정상,정상,정상택배안내,SMS,[CJ대한통운] 고객님의 상품이 배송 완료되었습니다. 송장번호: 846768438106,해당없음(정상 메시지),일상적으로 발생하는 정상 업무/생활 커뮤니케이션 예시(합성)
1475,1,스팸_사기,광고성스팸,불법도박광고,SMS,"[챔피언벳] 신규회원 콤프 지급! 신규가입시 최대 150만원 지급, 지금 바로 가입 hxxp://챔피언벳-773.kr/2169","080 수신거부 번호 없음, 단축/변형 URL, 미신고 도박사이트, 고액 지급 미끼",방통위·KISA 문자스팸 통계(도박 유형 약 40%) 패턴 참고
1476,1,스팸_사기,악성_해킹시도,택배사칭_스미싱,SMS,[한진택배] 송장번호(5106157845) 주소 불일치로 물품 보관 중입니다. 확인: hxxp://한진택배-505.top/2972,"실제 주문내역 없음, 단축/변형 URL, 클릭 시 악성 앱 설치 유도",이스트시큐리티 알약 블로그·cashnote 스미싱 총정리 패턴 참고
1477,0,정상,정상,은행정상알림,SMS,"[하나은행] 8일 자동이체 350,000원 출금 예정이오니 참고 바랍니다",해당없음(정상 메시지),일상적으로 발생하는 정상 업무/생활 커뮤니케이션 예시(합성)
1478,0,정상,정상,은행정상알림,SMS,"[하나은행] 자동납부 예정: 10일 200,000원, 잔액을 미리 확인해주세요",해당없음(정상 메시지),일상적으로 발생하는 정상 업무/생활 커뮤니케이션 예시(합성)
1479,0,정상,정상,은행정상알림,SMS,"[카카오뱅크] 280,000원 출금되었습니다. 잔액 848만원",해당없음(정상 메시지),일상적으로 발생하는 정상 업무/생활 커뮤니케이션 예시(합성)
1480,0,정상,정상,은행정상알림,SMS,"[토스뱅크] 11일 자동이체 50,000원 출금 예정이오니 참고 바랍니다",해당없음(정상 메시지),일상적으로 발생하는 정상 업무/생활 커뮤니케이션 예시(합성)
1481,1,스팸_사기,광고성스팸,불법도박광고,SMS,"[황금벳] 가입머니 5만원 즉시지급! 신규가입시 최대 100만원 지급, 지금 바로 가입 hxxp://황금벳-103.net/3273 🎉","080 수신거부 번호 없음, 단축/변형 URL, 미신고 도박사이트, 고액 지급 미끼",방통위·KISA 문자스팸 통계(도박 유형 약 40%) 패턴 참고
1482,0,정상,정상,은행정상알림,SMS,"[토스뱅크] 자동이체 예정 안내: 10일 480,000원 출금 예정입니다.",해당없음(정상 메시지),일상적으로 발생하는 정상 업무/생활 커뮤니케이션 예시(합성)
1483,1,스팸_사기,광고성스팸,로또번호_추천광고,SMS,"[복권천재] 놀라운 적중률! 3회 연속 성공, 이번주도 무료공개 hxxp://복권천재-766.kr/3376","확인 불가능한 당첨 이력 주장, 개인정보 입력 후 유료 결제로 유도하는 경우 많음",나무위키 스팸메일 문서의 로또번호 추천 사이트 광고 유형 참고
1484,1,스팸_사기,가짜채용,현금수거책_고액알바,SMS,단순 심부름 업무로 일당 40만원 드립니다. 인천 인근 지정 장소에서 현금이 든 쇼핑백을 수거해 전달만 하시면 됩니다. 경력/면접 없이 바로 시작 가능,"비대면 채용, 현금 운반이라는 비정상적 업무, 고액 일당 대비 매우 단순한 업무 내용",정책브리핑·잡플래닛 고액알바 위험성 안내 패턴 참고
1485,0,정상,정상,은행정상알림,SMS,"[우리은행] 정기 자동이체 안내 - 1일 490,000원 출금될 예정이에요",해당없음(정상 메시지),일상적으로 발생하는 정상 업무/생활 커뮤니케이션 예시(합성)
1486,1,스팸_사기,사기_보이스피싱,소액결제사칭,SMS,[승인알림] 31만원 결제가 완료되었습니다. 본인이 아니라면 고객센터로 문의하세요 1588-8393 ⚠️,"허위 소액결제 문자로 불안감 조성 후 사기범이 안내하는 번호로 유도, 실제 결제 내역 없음",보안뉴스 경찰청 보이스피싱 사례(허위 소액결제 문자 유형) 패턴 참고
1487,0,정상,정상,은행정상알림,SMS,"[신한은행] 25일에 430,000원 자동이체가 예정되어 있습니다",해당없음(정상 메시지),일상적으로 발생하는 정상 업무/생활 커뮤니케이션 예시(합성)
1488,1,스팸_사기,광고성스팸,불법대출광고,SMS,"[행복저축은행(사칭)] 당일 즉시 입금, 최대 500만원. 뮨의 010-9088-1965","미등록 대부업 의심, '신용조회 없이' 문구, 무자격자 대상 고액 대출 미끼",신한카드 불법대출광고 유형 안내 페이지 패턴 참고
1489,1,스팸_사기,악성_해킹시도,택배사칭_스미싱,SMS,[로젠택배] 송장번호(9967077239) 관세 미납으로 통관이 보류되었습니다. 확인: hxxp://로젠택배-803.kr/6969,"실제 주문내역 없음, 단축/변형 URL, 클릭 시 악성 앱 설치 유도",이스트시큐리티 알약 블로그·cashnote 스미싱 총정리 패턴 참고
1490,1,스팸_사기,가짜채용,현금수거책_고액알바,SMS,단순 심부름 업무로 일당 25만원 드립니다. 대구 인근 지정 장소에서 현금이 든 쇼핑백을 수거해 전달만 하시면 됩니다. 경력/면접 없이 바로 시작 가능,"비대면 채용, 현금 운반이라는 비정상적 업무, 고액 일당 대비 매우 단순한 업무 내용",정책브리핑·잡플래닛 고액알바 위험성 안내 패턴 참고
1491,1,스팸_사기,광고성스팸,불법대출광고,SMS,"[행복저축은행(사칭)] 카드론 대환 특별상품, 최대 5000만원. 문의 010-l79l-2186 📢","미등록 대부업 의심, '신용조회 없이' 문구, 무자격자 대상 고액 대출 미끼",신한카드 불법대출광고 유형 안내 페이지 패턴 참고
1492,1,스팸_사기,사기_보이스피싱,소액결제사칭,SMS,"[승인알림] 408,000원 결제가 완료되었습니다. 본인이 아니라면 고객센터로 문의하세요 l588-6934","허위 소액결제 문자로 불안감 조성 후 사기범이 안내하는 번호로 유도, 실제 결제 내역 없음",보안뉴스 경찰청 보이스피싱 사례(허위 소액결제 문자 유형) 패턴 참고
1493,1,스팸_사기,악성_해킹시도,택배사칭_스미싱,SMS,[쿠팡물류센터] 송장번호(2775693270) 배송 지연으로 재배송 신청이 필요합니다. 확인: hxxp://쿠팡물류센터-862.net/4805 🔒,"실제 주문내역 없음, 단축/변형 URL, 클릭 시 악성 앱 설치 유도",이스트시큐리티 알약 블로그·cashnote 스미싱 총정리 패턴 참고
1495,1,스팸_사기,악성_해킹시도,카드발급사칭_스미싱,SMS,고객님 명의로 우리카드가 신규 발급 신청되었슴니다. 본인이 아니라면 즉시 확인 hxxp://card-verify-kr-915.xyz/3443,"신청한 적 없는 카드 발급 안내, 확인을 명목으로 악성 링크 클릭 유도",KB Think 스미싱 대처법 페이지(신청한 적 없는 카드 스미싱) 패턴 참고
1496,1,스팸_사기,악성_해킹시도,청첩장_부고장사칭_스미싱,SMS,OOO님의 장례식에 초대합니다. 모바일 청첩장 화긴하기 hxxp://mcard-invite-221.xyz/8216,"지인 사칭, 모바일 청첩장/부고장 클릭 유도 후 악성 앱 설치, 실제 지인 확인 불가",cashnote 스미싱 총정리(모바일청첩장 클릭 후 대출 피해) 패턴 참고
1497,0,정상,정상,학교공지,SMS,[OO초등학교] 3월 12일은 학부모 상담주간입니다. 신청은 알림장 앱에서 해주세요.,해당없음(정상 메시지),일상적으로 발생하는 정상 업무/생활 커뮤니케이션 예시(합성)
1498,1,스팸_사기,악성_해킹시도,공공기관사칭_스미싱,SMS,[교통민원#24] 2025년 6월 위반사실이 확인되어 통지서가 발송되었습니다. 상세조회: hxxp://traffic-24check-750.xyz/8903,"실제 정부기관은 개인 URL 링크로 벌금 안내를 하지 않음, 가짜 정부사이트 유도",cashnote 스미싱 총정리(경찰청교통민원24 사칭 유형) 패턴 참고
1499,1,스팸_사기,광고성스팸,로또번호_추천광고,SMS,"[1등예측단] 이번주 1등 당첨번호 무료공개! 지금까지 3회 연속 적중, 화긴은 hxxp://1등예측단-318.kr/2080","확인 불가능한 당첨 이력 주장, 개인정보 입력 후 유료 결제로 유도하는 경우 많음",나무위키 스팸메일 문서의 로또번호 추천 사이트 광고 유형 참고
1500,0,정상,정상,은행정상알림,SMS,"[국민은행] 체크카드 270,000원 승인. 가맹점: 마켓컬리",해당없음(정상 메시지),일상적으로 발생하는 정상 업무/생활 커뮤니케이션 예시(합성)
1501,1,스팸_사기,가짜채용,현금수거책_고액알바,SMS,단순 심부름 업무로 일당 40만원 드립니다. 강남 인근 지정 장소에서 현금이 든 쇼핑백을 수거해 전달만 하시면 됩니다. 경력/면접 없이 바로 시작 가능,"비대면 채용, 현금 운반이라는 비정상적 업무, 고액 일당 대비 매우 단순한 업무 내용",정책브리핑·잡플래닛 고액알바 위험성 안내 패턴 참고
1502,1,스팸_사기,광고성스팸,불법대출광고,SMS,"[빠른캐피탈] 서류 없이 전화상담만으로 심사, 최대 1000만원. 문의 010-7979-2436","미등록 대부업 의심, '신용조회 없이' 문구, 무자격자 대상 고액 대출 미끼",신한카드 불법대출광고 유형 안내 페이지 패턴 참고
1503,1,스팸_사기,광고성스팸,불법도박광고,SMS,"[슈퍼토토] 출석체크 포트인 지급! 신규가입시 최대 50만원 지급, 지금 바로 가입 hxxp://슈퍼토토-841.net/9821","080 수신거부 번호 없음, 단축/변형 URL, 미신고 도박사이트, 고액 지급 미끼",방통위·KISA 문자스팸 통계(도박 유형 약 40%) 패턴 참고
1504,1,스팸_사기,가짜채용,통장대여_이체알바,SMS,"[재택알바] 본인 명의 계좌만 빌려주시면 건당 10만원, 이체 심부름 알바 구합니다. 텔레그램으로 연락주세요 @job821","통장 대여는 전자금융거래법 위반, 텔레그램 등 익명 메신저로만 소통, 실제로는 보이스피싱 자금 세탁에 이용",kbthink 이체알바 사기 안내(통장 대여 시 처벌 규정) 패턴 참고
1505,0,정상,정상,은행정상알림,SMS,"[카카오뱅크] 승인알림: 420,000원 결제(출금) 완료. 잔여 758만원",해당없음(정상 메시지),일상적으로 발생하는 정상 업무/생활 커뮤니케이션 예시(합성)
1507,1,스팸_사기,악성_해킹시도,공공기관사칭_스미싱,SMS,[경찰청교통민원24] 교통법규위반 사실 확인 통지서가 발송되었습니다(2024년 3월). 조회: hxxp://traffic-24check-919.xyz/6295,"실제 정부기관은 개인 URL 링크로 벌금 안내를 하지 않음, 가짜 정부사이트 유도",cashnote 스미싱 총정리(경찰청교통민원24 사칭 유형) 패턴 참고
1508,1,스팸_사기,광고성스팸,불법대출광고,SMS,"[스마일캐피탈] 신용조회 없이 당일승인, 최대 1500만원. 뮨의 010-8920-6468 🎉","미등록 대부업 의심, '신용조회 없이' 문구, 무자격자 대상 고액 대출 미끼",신한카드 불법대출광고 유형 안내 페이지 패턴 참고
1509,1,스팸_사기,광고성스팸,불법대출광고,SMS,"[행운대부] 정부지원 서민대출 사칭, 최대 5OO만원. 문의 010-4843-4299","미등록 대부업 의심, '신용조회 없이' 문구, 무자격자 대상 고액 대출 미끼",신한카드 불법대출광고 유형 안내 페이지 패턴 참고
1510,1,스팸_사기,사기_투자로맨스,가짜투자앱유도,SMS,[VIP리딩방] 이 앱 써보고 후회 안 하실 거예요. 10만원부터 가능 hxxp://invest-vip-app-482.kr/4189,"공식 앱스토어가 아닌 링크로 앱 설치 유도, 초기 소액 출금으로 신뢰 형성 후 거액 유도",일반적 리딩방-가짜거래소 연계 사기 패턴 참고
1511,1,스팸_사기,광고성스팸,로또번호_추천광고,SMS,"[로또마스터] AI 분석으로 뽑은 이번주 １등 예상번호 무료 공개, 확인: hxxp://로또마스터-484.xyz/8603","확인 불가능한 당첨 이력 주장, 개인정보 입력 후 유료 결제로 유도하는 경우 많음",나무위키 스팸메일 문서의 로또번호 추천 사이트 광고 유형 참고
1512,0,정상,정상,은행정상알림,SMS,"[카카오뱅크] 다가오는 23일, 40,000원이 자동으로 이체됩니다",해당없음(정상 메시지),일상적으로 발생하는 정상 업무/생활 커뮤니케이션 예시(합성)
1513,1,스팸_사기,광고성스팸,로또번호_추천광고,SMS,"[복권천재] 놀라운 적중률! 5회 연속 성공, 이번주도 무료공개 hxxp://복권천재-895.kr/８６２８","확인 불가능한 당첨 이력 주장, 개인정보 입력 후 유료 결제로 유도하는 경우 많음",나무위키 스팸메일 문서의 로또번호 추천 사이트 광고 유형 참고
1514,1,스팸_사기,가짜채용,재택부업_리뷰알바사기,SMS,"재택으로 상품 리뷰만 작성하면 건당 8,000원! 하루 30분 투자로 월 150만원 가능합니다. 지금 카톡 문의 @parttime_kr 📋","선입금(상품구매 대금 선결제) 요구로 이어지는 경우 多, 비현실적 고수익 강조, 기업 정보 불명확",보안뉴스 추석 금융사기 예방 기사(부업 아르바이트/리뷰알바 사기) 패턴 참고
1515,1,스팸_사기,광고성스팸,로또번호_추천광고,SMS,"[행운의숫자] 이번주 1등 당첨번호 무료공개! 지금까지 3회 연속 적중, 확인은 hxxp://행운의숫자-925.top/7564 📢","확인 불가능한 당첨 이력 주장, 개인정보 입력 후 유료 결제로 유도하는 경우 많음",나무위키 스팸메일 문서의 로또번호 추천 사이트 광고 유형 참고
1516,1,스팸_사기,사기_투자로맨스,가짜투자앱유도,SMS,[VIP리딩방] 제가 알려드린 전용 앱에 가입하시고 5O만원부터 넣어보세요. 첫 수익 나면 바로 출금 가능하니 걱정 마세요 :) 앱 설치: hxxp://invest-vip-app-606.kr/1136,"공식 앱스토어가 아닌 링크로 앱 설치 유도, 초기 소액 출금으로 신뢰 형성 후 거액 유도",일반적 리딩방-가짜거래소 연계 사기 패턴 참고
1517,1,스팸_사기,악성_해킹시도,택배사칭_스미싱,SMS,[롯데택배] 송장번호(5930286155) 관세 미납으로 통관이 보류되었습니다. 확인: hxxp://롯데택배-472.xyz/1446,"실제 주문내역 없음, 단축/변형 URL, 클릭 시 악성 앱 설치 유도",이스트시큐리티 알약 블로그·cashnote 스미싱 총정리 패턴 참고
1518,1,스팸_사기,악성_해킹시도,카드발급사칭_스미싱,SMS,고객님 명의로 현대카드가 신규 발급 신청되었습니다. 본인이 아니라면 즉시 확인 hxxp://card-verify-kr-837.kr/9517 🚨,"신청한 적 없는 카드 발급 안내, 확인을 명목으로 악성 링크 클릭 유도",KB Think 스미싱 대처법 페이지(신청한 적 없는 카드 스미싱) 패턴 참고
1520,0,정상,정상,정상택배안내,SMS,[CJ대한통운] 택배가 배송 완료되었어요. 송장번호: 999538243649,해당없음(정상 메시지),일상적으로 발생하는 정상 업무/생활 커뮤니케이션 예시(합성)
1521,1,스팸_사기,광고성스팸,로또번호_추천광고,SMS,"[로또마스터] 이번주 l등 당첨번호 무료공개! 지금까지 3회 연속 적중, 확인은 hxxp://로또마스터-387.com/2473","확인 불가능한 당첨 이력 주장, 개인정보 입력 후 유료 결제로 유도하는 경우 많음",나무위키 스팸메일 문서의 로또번호 추천 사이트 광고 유형 참고
1522,1,스팸_사기,사기_보이스피싱,검찰_금감원사칭,SMS,여기는 경찰청 사이버수사대입니다. 귀하의 명의로 대포통장이 개설되어 수사가 진행 중입니다. 자산보호를 위해 대출받은 １５０００만원을 안내하는 안전계좌로 즉시 이체하셔야 합니다.,"검찰·경찰·금감원은 안전계좌 이체를 요구하지 않음, 전화로 수사 고지 및 송금 요구",보안뉴스 경찰청 보이스피싱 최다피해유형 사례(기관사칭형) 패턴 참고
1523,0,정상,정상,은행정상알림,SMS,"[하나은행] 체크카드 330,000원 사용, 현재 잔액 578만원입니다",해당없음(정상 메시지),일상적으로 발생하는 정상 업무/생활 커뮤니케이션 예시(합성)
1524,1,스팸_사기,사기_투자로맨스,가짜투자앱유도,SMS,[VIP리딩방] 제가 알려드린 전용 앱에 가입하시고 50만원부터 넣어보세요. 첫 수익 나면 바로 출금 가능하니 걱정 마세요 :) 앱 설치: hxxp://invest-vip-app-375.top/8031,"공식 앱스토어가 아닌 링크로 앱 설치 유도, 초기 소액 출금으로 신뢰 형성 후 거액 유도",일반적 리딩방-가짜거래소 연계 사기 패턴 참고
1525,1,스팸_사기,광고성스팸,불법대출광고,SMS,"🔥 [케이캐시대부] 당일 즉시 입금, 최대 3000만원. 뮨의 ０１０-2448-4298","미등록 대부업 의심, '신용조회 없이' 문구, 무자격자 대상 고액 대출 미끼",신한카드 불법대출광고 유형 안내 페이지 패턴 참고
1526,0,정상,정상,은행정상알림,SMS,"[하나은행] 자동납부 예정: 12일 420,000원, 잔액을 미리 확인해주세요",해당없음(정상 메시지),일상적으로 발생하는 정상 업무/생활 커뮤니케이션 예시(합성)
1527,1,스팸_사기,악성_해킹시도,택배사칭_스미싱,SMS,[우체국택배] 송장번호(9123568926) 부재중으로 반송 예정입니다. 확인: hxxp://우체국택배-118.xyz/2189,"실제 주문내역 없음, 단축/변형 URL, 클릭 시 악성 앱 설치 유도",이스트시큐리티 알약 블로그·cashnote 스미싱 총정리 패턴 참고
1528,1,스팸_사기,사기_투자로맨스,가짜투자앱유도,SMS,"[VIP리딩방] 부담없이 50만원으로 테스트해보세요, 결과 보고 늘리셔도 돼요 hxxp://invest-vip-app-884.xyz/296O","공식 앱스토어가 아닌 링크로 앱 설치 유도, 초기 소액 출금으로 신뢰 형성 후 거액 유도",일반적 리딩방-가짜거래소 연계 사기 패턴 참고
1529,0,정상,정상,은행정상알림,SMS,"[우리은행] 정기 자동이체 안내 - 16일 270,000원 출금될 예정이에요",해당없음(정상 메시지),일상적으로 발생하는 정상 업무/생활 커뮤니케이션 예시(합성)
1530,1,스팸_사기,악성_해킹시도,카드발급사칭_스미싱,SMS,고객님 명의로 신한카드가 신규 발급 신청되었습니다. 본인이 아니라면 즉시 확인 hxxp://card-verify-kr-５５６.net/3955,"신청한 적 없는 카드 발급 안내, 확인을 명목으로 악성 링크 클릭 유도",KB Think 스미싱 대처법 페이지(신청한 적 없는 카드 스미싱) 패턴 참고
1531,1,스팸_사기,광고성스팸,불법대출광고,SMS,"🔥 [행운대부] 정부지원 서민대출 사칭, 최대 3000만원. 문의 010-3513-6420","미등록 대부업 의심, '신용조회 없이' 문구, 무자격자 대상 고액 대출 미끼",신한카드 불법대출광고 유형 안내 페이지 패턴 참고
1532,1,스팸_사기,악성_해킹시도,카드발급사칭_스미싱,SMS,고객님 명의로 신한카드가 신규 발급 신청되었습니다. 본인이 아니라면 즉시 확인 hxxp://card-verify-kr-９９５.kr/8111,"신청한 적 없는 카드 발급 안내, 확인을 명목으로 악성 링크 클릭 유도",KB Think 스미싱 대처법 페이지(신청한 적 없는 카드 스미싱) 패턴 참고
1533,0,정상,정상,은행정상알림,SMS,"[토스뱅크] 출금 50,000원 처리되었어요. 남은 잔액은 722만원",해당없음(정상 메시지),일상적으로 발생하는 정상 업무/생활 커뮤니케이션 예시(합성)
1534,1,스팸_사기,사기_투자로맨스,가짜투자앱유도,SMS,"[VIP리딩방] 부담없이 30만원으로 테스트해보세요, 결과 보고 늘리셔도 돼요 hxxp://invest-vip-app-173.net/7173","공식 앱스토어가 아닌 링크로 앱 설치 유도, 초기 소액 출금으로 신뢰 형성 후 거액 유도",일반적 리딩방-가짜거래소 연계 사기 패턴 참고
1535,1,스팸_사기,가짜채용,재택부업_리뷰알바사기,SMS,"재택으로 상품 리뷰만 작성하면 건당 20,000원! 하루 30분 투자로 월 ２５０만원 가능합니다. 지금 카톡 문의 @review_job ✅","선입금(상품구매 대금 선결제) 요구로 이어지는 경우 多, 비현실적 고수익 강조, 기업 정보 불명확",보안뉴스 추석 금융사기 예방 기사(부업 아르바이트/리뷰알바 사기) 패턴 참고
1537,1,스팸_사기,광고성스팸,로또번호_추천광고,SMS,"[로또마스터] 이번주 1등 당첨번호 무료공개! 지금까지 ３회 연속 적중, 화긴은 hxxp://로또마스터-541.net/8449 🔥","확인 불가능한 당첨 이력 주장, 개인정보 입력 후 유료 결제로 유도하는 경우 많음",나무위키 스팸메일 문서의 로또번호 추천 사이트 광고 유형 참고
1538,0,정상,정상,은행정상알림,SMS,"[신한은행] 체크카드 300,000원 승인. 가맹점: 쿠팡",해당없음(정상 메시지),일상적으로 발생하는 정상 업무/생활 커뮤니케이션 예시(합성)
1540,1,스팸_사기,광고성스팸,불법도박광고,SMS,"[대박토토] 가입머니 5만원 즉시지급! 신규가입시 최대 200만원 지급, 지금 바로 가입 hxxp://대박토토-197.net/4023 🔥","080 수신거부 번호 없음, 단축/변형 URL, 미신고 도박사이트, 고액 지급 미끼",방통위·KISA 문자스팸 통계(도박 유형 약 40%) 패턴 참고
1541,1,스팸_사기,사기_투자로맨스,가짜투자앱유도,SMS,"[VIP리딩방] 부담없이 ３０만원으로 테스트해보세요, 결과 보고 늘리셔도 돼요 hxxp://invest-vip-app-627.kr/6107","공식 앱스토어가 아닌 링크로 앱 설치 유도, 초기 소액 출금으로 신뢰 형성 후 거액 유도",일반적 리딩방-가짜거래소 연계 사기 패턴 참고
1542,1,스팸_사기,광고성스팸,불법대출광고,SMS,"[행복저축은행(사칭)] 신용조회 없이 당일승인, 최대 1500만원. 문의 010-2629-2032","미등록 대부업 의심, '신용조회 없이' 문구, 무자격자 대상 고액 대출 미끼",신한카드 불법대출광고 유형 안내 페이지 패턴 참고
1543,1,스팸_사기,광고성스팸,불법도박광고,SMS,"[메이저파크] 매충 30% 상시지급! 신규가입시 최대 150만원 지급, 지금 바로 가입 hxxp://메이저파크-742.top/5770 🎉","080 수신거부 번호 없음, 단축/변형 URL, 미신고 도박사이트, 고액 지급 미끼",방통위·KISA 문자스팸 통계(도박 유형 약 40%) 패턴 참고
1544,1,스팸_사기,광고성스팸,로또번호_추천광고,SMS,"[복권천재] AI 분석으로 뽑은 이번주 1등 예상번호 무료 공개, 확인: hxxp://복권천재-278.com/3681","확인 불가능한 당첨 이력 주장, 개인정보 입력 후 유료 결제로 유도하는 경우 많음",나무위키 스팸메일 문서의 로또번호 추천 사이트 광고 유형 참고
1545,1,스팸_사기,광고성스팸,로또번호_추천광고,SMS,"[로또마스터] 이번주 1등 당첨번호 무료공개! 지금까지 3회 연속 적중, 화긴은 hxxp://로또마스터-702.kr/9821","확인 불가능한 당첨 이력 주장, 개인정보 입력 후 유료 결제로 유도하는 경우 많음",나무위키 스팸메일 문서의 로또번호 추천 사이트 광고 유형 참고
1546,1,스팸_사기,악성_해킹시도,청첩장_부고장사칭_스미싱,SMS,[모바일초대장] OOO님이 결혼식 초대장을 보냈습니다. 아래에서 확인해주세요 hxxp://mcard-invite-５７２.com/6141,"지인 사칭, 모바일 청첩장/부고장 클릭 유도 후 악성 앱 설치, 실제 지인 확인 불가",cashnote 스미싱 총정리(모바일청첩장 클릭 후 대출 피해) 패턴 참고
1547,0,정상,정상,은행정상알림,SMS,"[토스뱅크] 승인알림: 270,000원 결제(출금) 완료. 잔여 300만원",해당없음(정상 메시지),일상적으로 발생하는 정상 업무/생활 커뮤니케이션 예시(합성)
1548,1,스팸_사기,광고성스팸,로또번호_추천광고,SMS,"📢 [행운의숫자] 이번주 1등 당첨번호 무료공개! 지금까지 4회 연속 적중, 확인은 hxxp://행운의숫자-710.net/7029","확인 불가능한 당첨 이력 주장, 개인정보 입력 후 유료 결제로 유도하는 경우 많음",나무위키 스팸메일 문서의 로또번호 추천 사이트 광고 유형 참고
1549,0,정상,정상,은행정상알림,SMS,"[신한은행] 체크카드 190,000원 사용, 현재 잔액 531만원입니다",해당없음(정상 메시지),일상적으로 발생하는 정상 업무/생활 커뮤니케이션 예시(합성)
1550,1,스팸_사기,악성_해킹시도,청첩장_부고장사칭_스미싱,SMS,OOO님으로부터 결혼식 청첩장가 도착했습니다. 확인: hxxp://mcard-invite-428.com/1948,"지인 사칭, 모바일 청첩장/부고장 클릭 유도 후 악성 앱 설치, 실제 지인 확인 불가",cashnote 스미싱 총정리(모바일청첩장 클릭 후 대출 피해) 패턴 참고
1551,0,정상,정상,은행정상알림,SMS,"[우리은행] 체크카드 240,000원 사용, 현재 잔액 513만원입니다",해당없음(정상 메시지),일상적으로 발생하는 정상 업무/생활 커뮤니케이션 예시(합성)
1552,0,정상,정상,은행정상알림,SMS,"[토스뱅크] 체크카드 490,000원 승인. 가맹점: 무신사",해당없음(정상 메시지),일상적으로 발생하는 정상 업무/생활 커뮤니케이션 예시(합성)
1553,1,스팸_사기,사기_보이스피싱,검찰_금감원사칭,SMS,⚠️ 여기는 서울중앙지검입니다. 귀하의 명의로 대포통장이 개설되어 수사가 진행 중입니다. 자산보호를 위해 대출받은 10000만원을 안내하는 안전계좌로 즉시 이체하셔야 합니다.,"검찰·경찰·금감원은 안전계좌 이체를 요구하지 않음, 전화로 수사 고지 및 송금 요구",보안뉴스 경찰청 보이스피싱 최다피해유형 사례(기관사칭형) 패턴 참고
1554,1,스팸_사기,사기_투자로맨스,가짜투자앱유도,SMS,[VIP리딩방] 이 앱 써보고 후회 안 하실 거예요. 10만원부터 가능 hxxp://invest-vip-app-771.net/9859,"공식 앱스토어가 아닌 링크로 앱 설치 유도, 초기 소액 출금으로 신뢰 형성 후 거액 유도",일반적 리딩방-가짜거래소 연계 사기 패턴 참고
1555,0,정상,정상,은행정상알림,SMS,"[카카오뱅크] 330,000원 출금 완료, 잔액 913만원 확인하세요",해당없음(정상 메시지),일상적으로 발생하는 정상 업무/생활 커뮤니케이션 예시(합성)
1556,1,스팸_사기,광고성스팸,불법대출광고,SMS,"[새희망대부] 신용조회 없이 당일승인, 최대 3000만원. 문의 010-9376-7970 🎉","미등록 대부업 의심, '신용조회 없이' 문구, 무자격자 대상 고액 대출 미끼",신한카드 불법대출광고 유형 안내 페이지 패턴 참고
1557,1,스팸_사기,사기_투자로맨스,가짜투자앱유도,SMS,"[VIP리딩방] 저만 아는 고수익 앱이에요. 30만원으로 시작해보세요, 앱은 여기서: hxxp://invest-vip-app-778.top/5047","공식 앱스토어가 아닌 링크로 앱 설치 유도, 초기 소액 출금으로 신뢰 형성 후 거액 유도",일반적 리딩방-가짜거래소 연계 사기 패턴 참고
1558,0,정상,정상,은행정상알림,SMS,"[카카오뱅크] 20일에 420,000원 자동이체가 예정되어 있습니다",해당없음(정상 메시지),일상적으로 발생하는 정상 업무/생활 커뮤니케이션 예시(합성)
1559,1,스팸_사기,광고성스팸,로또번호_추천광고,SMS,"[1등예측단] 이번주 1등 당첨번호 무료공개! 지금까지 5회 연속 적중, 확인은 hxxp://1등예측단-122.top/5214 🔥","확인 불가능한 당첨 이력 주장, 개인정보 입력 후 유료 결제로 유도하는 경우 많음",나무위키 스팸메일 문서의 로또번호 추천 사이트 광고 유형 참고
1560,1,스팸_사기,악성_해킹시도,청첩장_부고장사칭_스미싱,SMS,[초대장 도착] 결혼식 청첩장를 보내드립니다. hxxp://mcard-invite-595.net/3O8l에서 열어보세요,"지인 사칭, 모바일 청첩장/부고장 클릭 유도 후 악성 앱 설치, 실제 지인 확인 불가",cashnote 스미싱 총정리(모바일청첩장 클릭 후 대출 피해) 패턴 참고
1561,1,스팸_사기,광고성스팸,로또번호_추천광고,SMS,"[로또마스터] AI 분석으로 뽑은 이번주 1등 예상번호 무료 공개, 확인: hxxp://로또마스터-650.top/9175","확인 불가능한 당첨 이력 주장, 개인정보 입력 후 유료 결제로 유도하는 경우 많음",나무위키 스팸메일 문서의 로또번호 추천 사이트 광고 유형 참고
1562,1,스팸_사기,광고성스팸,불법대출광고,SMS,"[직장인우대론] 무직자,저신용자 환영, 최대 1500만원. 문의 OlO-3470-3221","미등록 대부업 의심, '신용조회 없이' 문구, 무자격자 대상 고액 대출 미끼",신한카드 불법대출광고 유형 안내 페이지 패턴 참고
1563,0,정상,정상,은행정상알림,SMS,"[카카오뱅크] 440,000원 출금 완료, 잔액 313만원 확인하세요",해당없음(정상 메시지),일상적으로 발생하는 정상 업무/생활 커뮤니케이션 예시(합성)
1564,1,스팸_사기,사기_보이스피싱,소액결제사칭,SMS,"[승인알림] 822,000원 결제가 완료되었습니다. 본인이 아니라면 고객센터로 문의하세요 1588-3627","허위 소액결제 문자로 불안감 조성 후 사기범이 안내하는 번호로 유도, 실제 결제 내역 없음",보안뉴스 경찰청 보이스피싱 사례(허위 소액결제 문자 유형) 패턴 참고
1565,0,정상,정상,은행정상알림,SMS,"[하나은행] 체크카드 280,000원 승인. 가맹점: 쿠팡",해당없음(정상 메시지),일상적으로 발생하는 정상 업무/생활 커뮤니케이션 예시(합성)
1566,0,정상,정상,정상택배안내,SMS,[우체국택배] 고객님의 상품이 배송 완료되었습니다. 송장번호: 245226787958,해당없음(정상 메시지),일상적으로 발생하는 정상 업무/생활 커뮤니케이션 예시(합성)
1567,0,정상,정상,은행정상알림,SMS,"[신한은행] 승인알림: 180,000원 결제(출금) 완료. 잔여 23만원",해당없음(정상 메시지),일상적으로 발생하는 정상 업무/생활 커뮤니케이션 예시(합성)
1568,0,정상,정상,정상택배안내,SMS,[우체국택배] 택배가 배송 완료되었어요. 송장번호: 770113859733,해당없음(정상 메시지),일상적으로 발생하는 정상 업무/생활 커뮤니케이션 예시(합성)
1569,1,스팸_사기,광고성스팸,로또번호_추천광고,SMS,"[복권천재] 이번주 1등 당첨번호 무료공개! 지금까지 4회 연속 적중, 화긴은 hxxp://복권천재-634.com/4156","확인 불가능한 당첨 이력 주장, 개인정보 입력 후 유료 결제로 유도하는 경우 많음",나무위키 스팸메일 문서의 로또번호 추천 사이트 광고 유형 참고
1570,0,정상,정상,은행정상알림,SMS,"[토스뱅크] 승인알림: 20,000원 결제(출금) 완료. 잔여 531만원",해당없음(정상 메시지),일상적으로 발생하는 정상 업무/생활 커뮤니케이션 예시(합성)
1571,1,스팸_사기,사기_보이스피싱,소액결제사칭,SMS,"[결제알림] 973,000원 승인 완료. 본인 사용이 아니면 아래 번호로 즉시 연락주세요 1588-4441","허위 소액결제 문자로 불안감 조성 후 사기범이 안내하는 번호로 유도, 실제 결제 내역 없음",보안뉴스 경찰청 보이스피싱 사례(허위 소액결제 문자 유형) 패턴 참고
1572,1,스팸_사기,광고성스팸,로또번호_추천광고,SMS,[복권천재] 아직도 안 보셨어요? 1등 무료번호 공개중 hxxp://복권천재-187.xyz/1685,"확인 불가능한 당첨 이력 주장, 개인정보 입력 후 유료 결제로 유도하는 경우 많음",나무위키 스팸메일 문서의 로또번호 추천 사이트 광고 유형 참고
1573,1,스팸_사기,광고성스팸,로또번호_추천광고,SMS,[행운의숫자] 아직도 안 보셨어요? 1등 무료번호 공개중 hxxp://행운의숫자-600.com/4893,"확인 불가능한 당첨 이력 주장, 개인정보 입력 후 유료 결제로 유도하는 경우 많음",나무위키 스팸메일 문서의 로또번호 추천 사이트 광고 유형 참고
1574,1,스팸_사기,광고성스팸,불법도박광고,SMS,"[킹스벳] 매충 30% 상시지급! 신규가입시 최대 150만원 지급, 지금 바로 가입 hxxp://킹스벳-744.kr/6423","080 수신거부 번호 없음, 단축/변형 URL, 미신고 도박사이트, 고액 지급 미끼",방통위·KISA 문자스팸 통계(도박 유형 약 40%) 패턴 참고
1575,1,스팸_사기,광고성스팸,불법도박광고,SMS,"[머니라인] 매충 ３０% 상시지급! 신규가입시 최대 50만원 지급, 지금 바로 가입 hxxp://머니라인-851.kr/9380","080 수신거부 번호 없음, 단축/변형 URL, 미신고 도박사이트, 고액 지급 미끼",방통위·KISA 문자스팸 통계(도박 유형 약 40%) 패턴 참고
1577,1,스팸_사기,악성_해킹시도,청첩장_부고장사칭_스미싱,SMS,소중한 분의 장례식 소식을 전해드립니다. 모바일 청첩장 링크: hxxp://mcard-invite-263.net/6694,"지인 사칭, 모바일 청첩장/부고장 클릭 유도 후 악성 앱 설치, 실제 지인 확인 불가",cashnote 스미싱 총정리(모바일청첩장 클릭 후 대출 피해) 패턴 참고
1578,0,정상,정상,은행정상알림,SMS,"[신한은행] 다가오는 4일, 10,000원이 자동으로 이체됩니다",해당없음(정상 메시지),일상적으로 발생하는 정상 업무/생활 커뮤니케이션 예시(합성)
1579,0,정상,정상,은행정상알림,SMS,"[국민은행] 체크카드 230,000원 승인. 가맹점: 올리브영",해당없음(정상 메시지),일상적으로 발생하는 정상 업무/생활 커뮤니케이션 예시(합성)
1580,0,정상,정상,은행정상알림,SMS,"[카카오뱅크] 14일에 90,000원 자동이체가 예정되어 있습니다",해당없음(정상 메시지),일상적으로 발생하는 정상 업무/생활 커뮤니케이션 예시(합성)
1581,0,정상,정상,정상택배안내,SMS,"[우체국택배] 요청하신 상품, 배송 완료했습니다. 송장 526972649377",해당없음(정상 메시지),일상적으로 발생하는 정상 업무/생활 커뮤니케이션 예시(합성)
1582,1,스팸_사기,광고성스팸,불법대출광고,SMS,"[케이캐시대부] 카드론 대환 특별상품, 최대 1000만원. 뮨의 010-5188-4875 📢","미등록 대부업 의심, '신용조회 없이' 문구, 무자격자 대상 고액 대출 미끼",신한카드 불법대출광고 유형 안내 페이지 패턴 참고
1583,1,스팸_사기,광고성스팸,불법도박광고,SMS,"[로얄카지노] 가입머니 5만원 시즉지급! 신규가입시 최대 200만원 지급, 지금 바로 가입 hxxp://로얄카지노-597.xyz/6531 🔥","080 수신거부 번호 없음, 단축/변형 URL, 미신고 도박사이트, 고액 지급 미끼",방통위·KISA 문자스팸 통계(도박 유형 약 40%) 패턴 참고
1584,1,스팸_사기,광고성스팸,불법도박광고,SMS,"[프리미엄카지노] 출석체크 포인트 지급! 신규가입시 최대 50만원 지급, 지금 바로 가입 hxxp://프리미엄카지노-303.xyz/699O","080 수신거부 번호 없음, 단축/변형 URL, 미신고 도박사이트, 고액 지급 미끼",방통위·KISA 문자스팸 통계(도박 유형 약 40%) 패턴 참고
1585,1,스팸_사기,악성_해킹시도,공공기관사칭_스미싱,SMS,교통위반 통지서가 도착했습니다(2024.4). 상세내역 조회: hxxp://traffic-24check-158.net/5322,"실제 정부기관은 개인 URL 링크로 벌금 안내를 하지 않음, 가짜 정부사이트 유도",cashnote 스미싱 총정리(경찰청교통민원24 사칭 유형) 패턴 참고
1586,1,스팸_사기,광고성스팸,불법대출광고,SMS,"[행복저축은행(사칭)] 무직자,저신용자 환영, 최대 3000만원. 문의 010-2010-3656 📢","미등록 대부업 의심, '신용조회 없이' 문구, 무자격자 대상 고액 대출 미끼",신한카드 불법대출광고 유형 안내 페이지 패턴 참고
1587,1,스팸_사기,가짜채용,재택부업_리뷰알바사기,SMS,"📋 재택으로 상품 리뷰만 작성하면 건당 20,000원! 하루 3O분 투자로 월 250만원 가눙합니다. 지금 카톡 문의 @homework_job","선입금(상품구매 대금 선결제) 요구로 이어지는 경우 多, 비현실적 고수익 강조, 기업 정보 불명확",보안뉴스 추석 금융사기 예방 기사(부업 아르바이트/리뷰알바 사기) 패턴 참고
1588,0,정상,정상,은행정상알림,SMS,"[우리은행] 자동납부 예정: 17일 40,000원, 잔액을 미리 확인해주세요",해당없음(정상 메시지),일상적으로 발생하는 정상 업무/생활 커뮤니케이션 예시(합성)
1589,1,스팸_사기,광고성스팸,불법도박광고,SMS,"📢 [프리미엄카지노] 출석체크 포인트 지급! 신규가입시 최대 150만원 지급, 지금 바로 가입 hxxp://프리미엄카지노-563.xyz/2118","080 수신거부 번호 없음, 단축/변형 URL, 미신고 도박사이트, 고액 지급 미끼",방통위·KISA 문자스팸 통계(도박 유형 약 40%) 패턴 참고
1590,1,스팸_사기,사기_보이스피싱,택배부재중_ARS사칭,SMS,(ARS) 수취인 부재로 우편물이 반송될 예정입니다. 자세한 사항은 6번을 눌러 상담원과 연결하세요.,우편물/택배 사칭 ARS로 상담원 연결 유도 후 개인정보·금융정보 요구,banksalad 법원등기 보이스피싱 안내 페이지 패턴 참고
1591,0,정상,정상,은행정상알림,SMS,"[토스뱅크] 체크카드 140,000원 승인. 가맹점: 29CM",해당없음(정상 메시지),일상적으로 발생하는 정상 업무/생활 커뮤니케이션 예시(합성)
1592,0,정상,정상,은행정상알림,SMS,"[우리은행] 체크카드 270,000원 승인. 가맹점: 마켓컬리",해당없음(정상 메시지),일상적으로 발생하는 정상 업무/생활 커뮤니케이션 예시(합성)
1594,0,정상,정상,은행정상알림,SMS,"[토스뱅크] 체크카드 120,000원 사용, 현재 잔액 660만원입니다",해당없음(정상 메시지),일상적으로 발생하는 정상 업무/생활 커뮤니케이션 예시(합성)
1595,1,스팸_사기,악성_해킹시도,카드발급사칭_스미싱,SMS,고객님 명의로 삼성카드가 신규 발급 신청되었습니다. 본인이 아니라면 즉시 확인 hxxp://card-verify-kr-798.xyz/7283,"신청한 적 없는 카드 발급 안내, 확인을 명목으로 악성 링크 클릭 유도",KB Think 스미싱 대처법 페이지(신청한 적 없는 카드 스미싱) 패턴 참고
1596,1,스팸_사기,악성_해킹시도,카드발급사칭_스미싱,SMS,고객님 명의로 삼성카드가 신규 발급 신청되었습니다. 본인이 아니라면 즉시 확인 hxxp://card-verify-kr-931.kr/5934 ⚠️,"신청한 적 없는 카드 발급 안내, 확인을 명목으로 악성 링크 클릭 유도",KB Think 스미싱 대처법 페이지(신청한 적 없는 카드 스미싱) 패턴 참고
1597,1,스팸_사기,가짜채용,재택부업_리뷰알바사기,SMS,"📋 재택으로 상품 리뷰만 작성하면 건당 15,000원! 하루 3O분 투자로 월 200만원 가능합니다. 지금 카톡 문의 @homework_job","선입금(상품구매 대금 선결제) 요구로 이어지는 경우 多, 비현실적 고수익 강조, 기업 정보 불명확",보안뉴스 추석 금융사기 예방 기사(부업 아르바이트/리뷰알바 사기) 패턴 참고
1598,1,스팸_사기,사기_투자로맨스,투자리딩방,SMS,"[마스터리딩방] 글로벌인베스트 마스터 리딩방입니다. 전문가가 직접 매수/매도 신호를 드리며, 이번 주 수익률 700% 인증 종목 공개! 지금 무료 입장하새요.","비공식 오픈채팅방 운영, 비현실적 수익률 인증 캡처, 이후 유료방/투자앱 설치 유도",보안뉴스 추석 금융사기 예방 기사(투자리딩방 피해 규모) 패턴 참고
1599,0,정상,정상,은행정상알림,SMS,"[우리은행] 체크카드 110,000원 승인. 가맹점: 무신사",해당없음(정상 메시지),일상적으로 발생하는 정상 업무/생활 커뮤니케이션 예시(합성)
1601,1,스팸_사기,사기_보이스피싱,검찰_금감원사칭,SMS,여기는 금융감독원입니다. 귀하의 명의로 대포통장이 개설되어 수사가 진행 중입니다. 자산보호를 위해 대출받은 3000만원을 안내하는 안전계좌로 즉시 이체하셔야 합니다.,"검찰·경찰·금감원은 안전계좌 이체를 요구하지 않음, 전화로 수사 고지 및 송금 요구",보안뉴스 경찰청 보이스피싱 최다피해유형 사례(기관사칭형) 패턴 참고
1602,0,정상,정상,은행정상알림,SMS,"[카카오뱅크] 고객님 계좌에서 150,000원이 출금되었습니다 (잔액 354만원)",해당없음(정상 메시지),일상적으로 발생하는 정상 업무/생활 커뮤니케이션 예시(합성)
1603,1,스팸_사기,광고성스팸,불법도박광고,SMS,"[메이저파크] 신규회원 콤프 지급! 신규가입시 최대 100만원 지급, 지금 바로 가입 hxxp://메이저파크-492.kr/3016","080 수신거부 번호 없음, 단축/변형 URL, 미신고 도박사이트, 고액 지급 미끼",방통위·KISA 문자스팸 통계(도박 유형 약 40%) 패턴 참고
1604,0,정상,정상,은행정상알림,SMS,"[토스뱅크] 체크카드 120,000원 승인. 가맹점: 쿠팡",해당없음(정상 메시지),일상적으로 발생하는 정상 업무/생활 커뮤니케이션 예시(합성)
1605,1,스팸_사기,광고성스팸,불법도박광고,SMS,"🎉 [로얄카지노] 루징 시캐백 10%! 신규가입시 최대 50만원 지급, 지금 바로 가입 hxxp://로얄카지노-956.xyz/7275","080 수신거부 번호 없음, 단축/변형 URL, 미신고 도박사이트, 고액 지급 미끼",방통위·KISA 문자스팸 통계(도박 유형 약 40%) 패턴 참고
1606,0,정상,정상,은행정상알림,SMS,"[국민은행] 자동납부 예정: 18일 430,000원, 잔액을 미리 확인해주세요",해당없음(정상 메시지),일상적으로 발생하는 정상 업무/생활 커뮤니케이션 예시(합성)
1607,1,스팸_사기,악성_해킹시도,공공기관사칭_스미싱,SMS,[경찰청교통민원24] 교통법규위반 사실 확인 통지서가 발송되었습니다(2024년 9월). 조회: hxxp://traffic-24check-284.net/5097,"실제 정부기관은 개인 URL 링크로 벌금 안내를 하지 않음, 가짜 정부사이트 유도",cashnote 스미싱 총정리(경찰청교통민원24 사칭 유형) 패턴 참고
1608,1,스팸_사기,광고성스팸,로또번호_추천광고,SMS,"[로또명당] 이번주 1등 당첨번호 무료공개! 지금까지 2회 연속 적중, 화긴은 hxxp://로또명당-370.net/4836","확인 불가능한 당첨 이력 주장, 개인정보 입력 후 유료 결제로 유도하는 경우 많음",나무위키 스팸메일 문서의 로또번호 추천 사이트 광고 유형 참고
1609,1,스팸_사기,광고성스팸,로또번호_추천광고,SMS,"[로또명당] 회원님만을 위한 특별 당첨번호, 지금 확인하세요 hxxp://로또명당-137.xyz/1073","확인 불가능한 당첨 이력 주장, 개인정보 입력 후 유료 결제로 유도하는 경우 많음",나무위키 스팸메일 문서의 로또번호 추천 사이트 광고 유형 참고
1611,0,정상,정상,은행정상알림,SMS,"[하나은행] 체크카드 20,000원 승인. 가맹점: 올리브영",해당없음(정상 메시지),일상적으로 발생하는 정상 업무/생활 커뮤니케이션 예시(합성)
1612,1,스팸_사기,가짜채용,통장대여_이체알바,SMS,"📋 [재택알바] 본인 명의 계좌만 빌려주시면 건당 3만원, 이체 심부름 알바 구합니다. 텔레그램으로 연락주세요 @job２７５","통장 대여는 전자금융거래법 위반, 텔레그램 등 익명 메신저로만 소통, 실제로는 보이스피싱 자금 세탁에 이용",kbthink 이체알바 사기 안내(통장 대여 시 처벌 규정) 패턴 참고
1613,1,스팸_사기,광고성스팸,불법대출광고,SMS,"[행복저축은행(사칭)] 카드론 대환 특별상품, 최대 5000만원. 문의 010-１２８８-3636","미등록 대부업 의심, '신용조회 없이' 문구, 무자격자 대상 고액 대출 미끼",신한카드 불법대출광고 유형 안내 페이지 패턴 참고
1614,1,스팸_사기,악성_해킹시도,택배사칭_스미싱,SMS,[CJ대한통운] 송장번호(4595277837) 주소 불일치로 물품 보관 중입니다. 확인: hxxp://cj대한통운-187.top/lO64,"실제 주문내역 없음, 단축/변형 URL, 클릭 시 악성 앱 설치 유도",이스트시큐리티 알약 블로그·cashnote 스미싱 총정리 패턴 참고
1615,0,정상,정상,학교공지,SMS,"[OO초등학교] 학부모 상담 신청 안내: 5월 10일, 알림장 앱 이용 바랍니다",해당없음(정상 메시지),일상적으로 발생하는 정상 업무/생활 커뮤니케이션 예시(합성)
1616,0,정상,정상,은행정상알림,SMS,"[신한은행] 자동납부 예정: 6일 410,000원, 잔액을 미리 확인해주세요",해당없음(정상 메시지),일상적으로 발생하는 정상 업무/생활 커뮤니케이션 예시(합성)
1617,1,스팸_사기,광고성스팸,불법도박광고,SMS,"[슈퍼토토] 가입머니 5만원 즉시지급! 신규가입시 최대 100만원 지급, 지금 바로 가입 hxxp://슈퍼토토-223.xyz/9417","080 수신거부 번호 없음, 단축/변형 URL, 미신고 도박사이트, 고액 지급 미끼",방통위·KISA 문자스팸 통계(도박 유형 약 40%) 패턴 참고
1618,1,스팸_사기,광고성스팸,로또번호_추천광고,SMS,"🔥 [행운의숫자] 이번주 1등 당첨번호 무료공개! 지금까지 5회 연속 적중, 화긴은 hxxp://행운의숫자-500.net/2320","확인 불가능한 당첨 이력 주장, 개인정보 입력 후 유료 결제로 유도하는 경우 많음",나무위키 스팸메일 문서의 로또번호 추천 사이트 광고 유형 참고
1619,1,스팸_사기,광고성스팸,불법도박광고,SMS,"[대박토토] 신규회원 콤프 지급! 신규가입시 최대 150만원 지급, 지금 바로 가입 hxxp://대박토토-411.xyz/9570","080 수신거부 번호 없음, 단축/변형 URL, 미신고 도박사이트, 고액 지급 미끼",방통위·KISA 문자스팸 통계(도박 유형 약 40%) 패턴 참고
1620,0,정상,정상,은행정상알림,SMS,"[토스뱅크] 승인알림: 190,000원 결제(출금) 완료. 잔여 560만원",해당없음(정상 메시지),일상적으로 발생하는 정상 업무/생활 커뮤니케이션 예시(합성)
1621,0,정상,정상,은행정상알림,SMS,"[우리은행] 20일에 180,000원 자동이체가 예정되어 있습니다",해당없음(정상 메시지),일상적으로 발생하는 정상 업무/생활 커뮤니케이션 예시(합성)
1622,1,스팸_사기,광고성스팸,로또번호_추천광고,SMS,"[행운의숫자] 회원님만을 위한 특별 당첨번호, 지금 확인하세요 hxxp://행운의숫자-916.xyz/6951","확인 불가능한 당첨 이력 주장, 개인정보 입력 후 유료 결제로 유도하는 경우 많음",나무위키 스팸메일 문서의 로또번호 추천 사이트 광고 유형 참고
1623,0,정상,정상,은행정상알림,SMS,"[우리은행] 체크카드 240,000원 승인. 가맹점: 마켓컬리",해당없음(정상 메시지),일상적으로 발생하는 정상 업무/생활 커뮤니케이션 예시(합성)
1624,1,스팸_사기,악성_해킹시도,카드발급사칭_스미싱,SMS,🔒 고객님 명의로 우리카드가 신규 발급 신청되었습니다. 본인이 아니라면 즉시 확인 hxxp://card-verify-kr-621.top/9194,"신청한 적 없는 카드 발급 안내, 확인을 명목으로 악성 링크 클릭 유도",KB Think 스미싱 대처법 페이지(신청한 적 없는 카드 스미싱) 패턴 참고
1625,0,정상,정상,은행정상알림,SMS,"[신한은행] 체크카드 100,000원 승인. 가맹점: 29CM",해당없음(정상 메시지),일상적으로 발생하는 정상 업무/생활 커뮤니케이션 예시(합성)
1626,1,스팸_사기,악성_해킹시도,택배사칭_스미싱,SMS,[경동택배] 송장번호(4557280834) 결제 정보 확인이 필요합니다. 확인: hxxp://경동택배-442.xyz/3340,"실제 주문내역 없음, 단축/변형 URL, 클릭 시 악성 앱 설치 유도",이스트시큐리티 알약 블로그·cashnote 스미싱 총정리 패턴 참고
1627,1,스팸_사기,악성_해킹시도,청첩장_부고장사칭_스미싱,SMS,소중한 분의 장례식 소식을 전해드립니다. 모바일 부고장 링크: hxxp://mcard-invite-774.xyz/1571,"지인 사칭, 모바일 청첩장/부고장 클릭 유도 후 악성 앱 설치, 실제 지인 확인 불가",cashnote 스미싱 총정리(모바일청첩장 클릭 후 대출 피해) 패턴 참고
1628,1,스팸_사기,광고성스팸,불법도박광고,SMS,"[메이저파크] 루징 캐시백 10%! 신규가입시 최대 50만원 지급, 지금 바로 가입 hxxp://메이저파크-742.xyz/9707","080 수신거부 번호 없음, 단축/변형 URL, 미신고 도박사이트, 고액 지급 미끼",방통위·KISA 문자스팸 통계(도박 유형 약 40%) 패턴 참고
1629,1,스팸_사기,악성_해킹시도,카드발급사칭_스미싱,SMS,고객님 명의로 삼성카드가 신규 발급 신청되었습니다. 본인이 아니라면 즉시 확인 hxxp://card-verify-kr-810.kr/2437,"신청한 적 없는 카드 발급 안내, 확인을 명목으로 악성 링크 클릭 유도",KB Think 스미싱 대처법 페이지(신청한 적 없는 카드 스미싱) 패턴 참고
1630,0,정상,정상,은행정상알림,SMS,"[토스뱅크] 자동이체 예정 안내: 13일 440,000원 출금 예정입니다.",해당없음(정상 메시지),일상적으로 발생하는 정상 업무/생활 커뮤니케이션 예시(합성)
1631,1,스팸_사기,광고성스팸,로또번호_추천광고,SMS,"[로또마스터] 이번주 1등 당첨번호 무료공개! 지금까지 4회 연속 적중, 확인은 hxxp://로또마스터-799.net/4780","확인 불가능한 당첨 이력 주장, 개인정보 입력 후 유료 결제로 유도하는 경우 많음",나무위키 스팸메일 문서의 로또번호 추천 사이트 광고 유형 참고
1632,1,스팸_사기,광고성스팸,불법대출광고,SMS,"[행운대부] 카드론 대환 특별상품, 최대 500만원. 문의 010-1218-2231 🎉","미등록 대부업 의심, '신용조회 없이' 문구, 무자격자 대상 고액 대출 미끼",신한카드 불법대출광고 유형 안내 페이지 패턴 참고
1633,1,스팸_사기,사기_보이스피싱,소액결제사칭,SMS,"[해외결제] 392,000원이 승인되었습니다. 본인 확인 필요 시 1588-2397","허위 소액결제 문자로 불안감 조성 후 사기범이 안내하는 번호로 유도, 실제 결제 내역 없음",보안뉴스 경찰청 보이스피싱 사례(허위 소액결제 문자 유형) 패턴 참고
1634,1,스팸_사기,광고성스팸,불법대출광고,SMS,"🔥 [행복저축은행(사칭)] 당일 즉시 입금, 최대 5000만원. 문의 010-9335-5580","미등록 대부업 의심, '신용조회 없이' 문구, 무자격자 대상 고액 대출 미끼",신한카드 불법대출광고 유형 안내 페이지 패턴 참고
1635,0,정상,정상,은행정상알림,SMS,"[토스뱅크] 자동이체 예정 안내: 11일 390,000원 출금 예정입니다.",해당없음(정상 메시지),일상적으로 발생하는 정상 업무/생활 커뮤니케이션 예시(합성)
1636,1,스팸_사기,광고성스팸,불법대출광고,SMS,"[행운대부] 정부지원 서민대출 사칭, 최대 5000만원. 문의 OlO-5895-7468","미등록 대부업 의심, '신용조회 없이' 문구, 무자격자 대상 고액 대출 미끼",신한카드 불법대출광고 유형 안내 페이지 패턴 참고
1637,0,정상,정상,정상택배안내,SMS,[우체국택배] 배송완료! 문 앞을 확인해주세요. 송장 997195165383,해당없음(정상 메시지),일상적으로 발생하는 정상 업무/생활 커뮤니케이션 예시(합성)
1638,1,스팸_사기,악성_해킹시도,청첩장_부고장사칭_스미싱,SMS,[초대장 도착] 장례식 청첩장를 보내드립니다. hxxp://mcard-invite-193.kr/7335에서 열어보세요,"지인 사칭, 모바일 청첩장/부고장 클릭 유도 후 악성 앱 설치, 실제 지인 확인 불가",cashnote 스미싱 총정리(모바일청첩장 클릭 후 대출 피해) 패턴 참고
1639,1,스팸_사기,광고성스팸,불법도박광고,SMS,"[머니라인] 매충 30% 상시지급! 신규가입시 최대 200만원 지급, 지금 바로 가입 hxxp://머니라인-757.com/4702","080 수신거부 번호 없음, 단축/변형 URL, 미신고 도박사이트, 고액 지급 미끼",방통위·KISA 문자스팸 통계(도박 유형 약 40%) 패턴 참고
1640,1,스팸_사기,악성_해킹시도,택배사칭_스미싱,SMS,[CJ대한통운] 송장번호(4617555047) 주소 불일치로 물품 보관 중입니다. 확인: hxxp://cj대한통운-973.net/9026,"실제 주문내역 없음, 단축/변형 URL, 클릭 시 악성 앱 설치 유도",이스트시큐리티 알약 블로그·cashnote 스미싱 총정리 패턴 참고
1641,1,스팸_사기,사기_보이스피싱,소액결제사칭,SMS,"[승인] 171,000원 사용내역 확인, 본인 결제가 아닐 경우 1588-5 연락바랍니다","허위 소액결제 문자로 불안감 조성 후 사기범이 안내하는 번호로 유도, 실제 결제 내역 없음",보안뉴스 경찰청 보이스피싱 사례(허위 소액결제 문자 유형) 패턴 참고
1642,1,스팸_사기,광고성스팸,로또번호_추천광고,SMS,[로또명당] 아직도 안 보셨어요? 1등 무료번호 공개중 hxxp://로또명당-174.com/6526,"확인 불가능한 당첨 이력 주장, 개인정보 입력 후 유료 결제로 유도하는 경우 많음",나무위키 스팸메일 문서의 로또번호 추천 사이트 광고 유형 참고
1643,0,정상,정상,은행정상알림,SMS,"[하나은행] 280,000원 출금 완료, 잔액 683만원 확인하세요",해당없음(정상 메시지),일상적으로 발생하는 정상 업무/생활 커뮤니케이션 예시(합성)
1645,1,스팸_사기,사기_보이스피싱,가족지인사칭_메신저피싱,SMS,누나 나 액정 나가서 새 번호로 임시폰이야. 확인할 결제내역이 있는데 대신 좀 해줄 수 있어? 신분증이랑 계좌번호도 같이 보내줘,"휴대폰 파손/분실을 핑계로 낯선 번호 사용 설명, 신분증·계좌정보 요구, 화상통화 등 본인확인 회피",banksalad·kbthink 가족사칭 메신저피싱 사례 패턴 참고
1646,1,스팸_사기,악성_해킹시도,청첩장_부고장사칭_스미싱,SMS,OOO님의 장례식에 초대합니다. 모바일 부고장 화긴하기 hxxp://mcard-invite-９６０.net/8966 🚨,"지인 사칭, 모바일 청첩장/부고장 클릭 유도 후 악성 앱 설치, 실제 지인 확인 불가",cashnote 스미싱 총정리(모바일청첩장 클릭 후 대출 피해) 패턴 참고
1647,0,정상,정상,은행정상알림,SMS,"[국민은행] 430,000원이 정상 출금되었어요. 잔액은 929만원입니다",해당없음(정상 메시지),일상적으로 발생하는 정상 업무/생활 커뮤니케이션 예시(합성)
1648,0,정상,정상,은행정상알림,SMS,"[카카오뱅크] 체크카드 40,000원 승인. 가맹점: 마켓컬리",해당없음(정상 메시지),일상적으로 발생하는 정상 업무/생활 커뮤니케이션 예시(합성)
1649,1,스팸_사기,악성_해킹시도,공공기관사칭_스미싱,SMS,교통위반 통지서가 도착했습니다(2026.1). 상세내역 조회: hxxp://traffic-24check-131.top/1385,"실제 정부기관은 개인 URL 링크로 벌금 안내를 하지 않음, 가짜 정부사이트 유도",cashnote 스미싱 총정리(경찰청교통민원24 사칭 유형) 패턴 참고
1650,0,정상,정상,정상택배안내,SMS,[롯데택배] 택배가 배송 완료되었어요. 송장번호: 112922418469,해당없음(정상 메시지),일상적으로 발생하는 정상 업무/생활 커뮤니케이션 예시(합성)
1651,0,정상,정상,은행정상알림,SMS,"[카카오뱅크] 체크카드 240,000원 승인. 가맹점: 무신사",해당없음(정상 메시지),일상적으로 발생하는 정상 업무/생활 커뮤니케이션 예시(합성)
1652,1,스팸_사기,광고성스팸,불법대출광고,SMS,"[행복저축은행(사칭)] 신용조회 없이 당일승인, 최대 1천만원. 문의 010-5176-1626","미등록 대부업 의심, '신용조회 없이' 문구, 무자격자 대상 고액 대출 미끼",신한카드 불법대출광고 유형 안내 페이지 패턴 참고
1653,0,정상,정상,은행정상알림,SMS,"[하나은행] 자동이체 예정 안내: 1일 410,000원 출금 예정입니다.",해당없음(정상 메시지),일상적으로 발생하는 정상 업무/생활 커뮤니케이션 예시(합성)
1654,1,스팸_사기,광고성스팸,불법도박광고,SMS,"[머니라인] 첫충 200% 이벤트! 신규가입시 최대 200만원 지급, 지금 바로 가입 hxxp://머니라인-447.kr/4831","080 수신거부 번호 없음, 단축/변형 URL, 미신고 도박사이트, 고액 지급 미끼",방통위·KISA 문자스팸 통계(도박 유형 약 40%) 패턴 참고
1655,1,스팸_사기,사기_보이스피싱,검찰_금감원사칭,SMS,여기는 금융결제원(사칭)입니다. 귀하의 명의로 대포통장이 개설되어 수사가 진행 중입니다. 자산보호를 위해 대출받은 8000만원을 안내하는 안전계좌로 즉시 이체하셔야 합니다. ⚠️,"검찰·경찰·금감원은 안전계좌 이체를 요구하지 않음, 전화로 수사 고지 및 송금 요구",보안뉴스 경찰청 보이스피싱 최다피해유형 사례(기관사칭형) 패턴 참고
1656,1,스팸_사기,광고성스팸,불법대출광고,SMS,"[든든머니대부] 카드론 대환 특별상품, 최대 1000만원. 문의 010-1997-6796","미등록 대부업 의심, '신용조회 없이' 문구, 무자격자 대상 고액 대출 미끼",신한카드 불법대출광고 유형 안내 페이지 패턴 참고
1657,1,스팸_사기,광고성스팸,로또번호_추천광고,SMS,"[로또마스터] 이번주 1등 당첨번호 무료공개! 지금까지 2회 연속 적중, 확인은 hxxp://로또마스터-754.kr/9547 📢","확인 불가능한 당첨 이력 주장, 개인정보 입력 후 유료 결제로 유도하는 경우 많음",나무위키 스팸메일 문서의 로또번호 추천 사이트 광고 유형 참고
1658,1,스팸_사기,광고성스팸,불법도박광고,SMS,"[대박토토] 신규회원 콤프 지급! 신규가입시 최대 100만원 지급, 지금 바로 가입 hxxp://대박토토-225.xyz/9900","080 수신거부 번호 없음, 단축/변형 URL, 미신고 도박사이트, 고액 지급 미끼",방통위·KISA 문자스팸 통계(도박 유형 약 40%) 패턴 참고
1659,1,스팸_사기,악성_해킹시도,택배사칭_스미싱,SMS,[롯데택배] 송장번호(9549592915) 배송 지연으로 재배송 신청이 필요합니다. 확인: hxxp://롯데택배-743.xyz/7265,"실제 주문내역 없음, 단축/변형 URL, 클릭 시 악성 앱 설치 유도",이스트시큐리티 알약 블로그·cashnote 스미싱 총정리 패턴 참고
1660,0,정상,정상,정상택배안내,SMS,[우체국택배] 고객님의 상품이 배송 완료되었습니다. 송장번호: 648470028962,해당없음(정상 메시지),일상적으로 발생하는 정상 업무/생활 커뮤니케이션 예시(합성)
1661,1,스팸_사기,가짜채용,통장대여_이체알바,SMS,"✅ [재택알바] 본인 명의 계좌만 빌려주시면 건당 8만원, 이체 심부름 알바 구합니다. 텔레그램으로 연락주세요 @job657","통장 대여는 전자금융거래법 위반, 텔레그램 등 익명 메신저로만 소통, 실제로는 보이스피싱 자금 세탁에 이용",kbthink 이체알바 사기 안내(통장 대여 시 처벌 규정) 패턴 참고
1662,0,정상,정상,은행정상알림,SMS,"[하나은행] 3일 자동이체 200,000원 출금 예정이오니 참고 바랍니다",해당없음(정상 메시지),일상적으로 발생하는 정상 업무/생활 커뮤니케이션 예시(합성)
1663,1,스팸_사기,사기_보이스피싱,소액결제사칭,SMS,"626,000원 결제 승인 문자입니다. 본인이 아니시면 1588-9766로 신고해주세요","허위 소액결제 문자로 불안감 조성 후 사기범이 안내하는 번호로 유도, 실제 결제 내역 없음",보안뉴스 경찰청 보이스피싱 사례(허위 소액결제 문자 유형) 패턴 참고
1664,0,정상,정상,은행정상알림,SMS,"[우리은행] 19일 자동이체 80,000원 출금 예정이오니 참고 바랍니다",해당없음(정상 메시지),일상적으로 발생하는 정상 업무/생활 커뮤니케이션 예시(합성)
1665,0,정상,정상,은행정상알림,SMS,"[신한은행] 체크카드 370,000원 승인. 가맹점: 무신사",해당없음(정상 메시지),일상적으로 발생하는 정상 업무/생활 커뮤니케이션 예시(합성)
1666,1,스팸_사기,가짜채용,현금수거책_고액알바,SMS,단순 심부름 업무로 일당 60만원 드립니다. 인천 인근 지정 장소에서 현금이 든 쇼핑백을 수거해 전달만 하시면 됩니다. 경력/면접 없이 바로 시작 가능,"비대면 채용, 현금 운반이라는 비정상적 업무, 고액 일당 대비 매우 단순한 업무 내용",정책브리핑·잡플래닛 고액알바 위험성 안내 패턴 참고
1667,0,정상,정상,은행정상알림,SMS,"[토스뱅크] 다가오는 14일, 260,000원이 자동으로 이체됩니다",해당없음(정상 메시지),일상적으로 발생하는 정상 업무/생활 커뮤니케이션 예시(합성)
1668,1,스팸_사기,악성_해킹시도,공공기관사칭_스미싱,SMS,교통위반 통지서가 도착했습니다(2024.2). 상세내역 조회: hxxp://traffic-24check-920.kr/2387,"실제 정부기관은 개인 URL 링크로 벌금 안내를 하지 않음, 가짜 정부사이트 유도",cashnote 스미싱 총정리(경찰청교통민원24 사칭 유형) 패턴 참고
1669,1,스팸_사기,악성_해킹시도,카드발급사칭_스미싱,SMS,🔒 고객님 명의로 우리카드가 신규 발급 신청되었습니다. 본인이 아니라면 즉시 확인 hxxp://card-verify-kr-433.kr/5502,"신청한 적 없는 카드 발급 안내, 확인을 명목으로 악성 링크 클릭 유도",KB Think 스미싱 대처법 페이지(신청한 적 없는 카드 스미싱) 패턴 참고
1670,1,스팸_사기,광고성스팸,불법대출광고,SMS,"🎉 [국민든든대부] 카드론 대환 특별상품, 최대 500만원. 문의 010-6117-6852","미등록 대부업 의심, '신용조회 없이' 문구, 무자격자 대상 고액 대출 미끼",신한카드 불법대출광고 유형 안내 페이지 패턴 참고
1671,1,스팸_사기,사기_보이스피싱,소액결제사칭,SMS,"고객님의 카드에서 837,000원이 결제되었습니다. 이용하신 적 없다면 1588-8595으로 문의바랍니다","허위 소액결제 문자로 불안감 조성 후 사기범이 안내하는 번호로 유도, 실제 결제 내역 없음",보안뉴스 경찰청 보이스피싱 사례(허위 소액결제 문자 유형) 패턴 참고
1672,1,스팸_사기,광고성스팸,불법대출광고,SMS,"[새희망대부] 카드론 대환 특별상품, 최대 1000만원. 문의 010-6622-7767","미등록 대부업 의심, '신용조회 없이' 문구, 무자격자 대상 고액 대출 미끼",신한카드 불법대출광고 유형 안내 페이지 패턴 참고
1674,1,스팸_사기,광고성스팸,불법도박광고,SMS,"[슈퍼토토] 매충 30% 상시지급! 신규가입시 최대 150만원 지급, 지금 바로 가입 hxxp://슈퍼토토-287.xyz/6494","080 수신거부 번호 없음, 단축/변형 URL, 미신고 도박사이트, 고액 지급 미끼",방통위·KISA 문자스팸 통계(도박 유형 약 40%) 패턴 참고
1675,1,스팸_사기,악성_해킹시도,카드발급사칭_스미싱,SMS,고객님 명의로 우리카드가 신규 발급 신청되었습니다. 본인이 아니라면 즉시 확인 hxxp://card-verify-kr-661.xyz/1682 🚨,"신청한 적 없는 카드 발급 안내, 확인을 명목으로 악성 링크 클릭 유도",KB Think 스미싱 대처법 페이지(신청한 적 없는 카드 스미싱) 패턴 참고
1676,0,정상,정상,은행정상알림,SMS,"[토스뱅크] 체크카드 160,000원 승인. 가맹점: 올리브영",해당없음(정상 메시지),일상적으로 발생하는 정상 업무/생활 커뮤니케이션 예시(합성)
1677,1,스팸_사기,악성_해킹시도,카드발급사칭_스미싱,SMS,고객님 명의로 우리카드가 신규 발급 신청되었습니다. 본인이 아니라면 즉시 확인 hxxp://card-verify-kr-556.net/8565 ⚠️,"신청한 적 없는 카드 발급 안내, 확인을 명목으로 악성 링크 클릭 유도",KB Think 스미싱 대처법 페이지(신청한 적 없는 카드 스미싱) 패턴 참고
1678,1,스팸_사기,사기_보이스피싱,소액결제사칭,SMS,"[승인알림] 512,000원 결제가 완료되었슴니다. 본인이 아니라면 고객센터로 문의하세요 l588-9076 ⚠️","허위 소액결제 문자로 불안감 조성 후 사기범이 안내하는 번호로 유도, 실제 결제 내역 없음",보안뉴스 경찰청 보이스피싱 사례(허위 소액결제 문자 유형) 패턴 참고
1679,1,스팸_사기,광고성스팸,로또번호_추천광고,SMS,"🎉 [l등예측단] 이번주 1등 당첨번호 무료공개! 지금까지 4회 연속 적중, 화긴은 hxxp://1등예측단-475.top/9569","확인 불가능한 당첨 이력 주장, 개인정보 입력 후 유료 결제로 유도하는 경우 많음",나무위키 스팸메일 문서의 로또번호 추천 사이트 광고 유형 참고
1680,1,스팸_사기,광고성스팸,불법대출광고,SMS,"[새희망대부] 정부지원 서민대출 사칭, 최대 5000만원. 문의 010-1678-8434","미등록 대부업 의심, '신용조회 없이' 문구, 무자격자 대상 고액 대출 미끼",신한카드 불법대출광고 유형 안내 페이지 패턴 참고
1681,1,스팸_사기,광고성스팸,불법대출광고,SMS,"[행복저축은행(사칭)] 정부지원 서민대출 사칭, 최대 1000만원. 뮨의 010-1929-３９５３ 🎉","미등록 대부업 의심, '신용조회 없이' 문구, 무자격자 대상 고액 대출 미끼",신한카드 불법대출광고 유형 안내 페이지 패턴 참고
1682,1,스팸_사기,악성_해킹시도,청첩장_부고장사칭_스미싱,SMS,소중한 분의 장례식 소식을 전해드립니다. 모바일 부고장 링크: hxxp://mcard-invite-５５１.kr/4948,"지인 사칭, 모바일 청첩장/부고장 클릭 유도 후 악성 앱 설치, 실제 지인 확인 불가",cashnote 스미싱 총정리(모바일청첩장 클릭 후 대출 피해) 패턴 참고
1683,0,정상,정상,은행정상알림,SMS,"[신한은행] 460,000원 출금되었습니다. 잔액 299만원",해당없음(정상 메시지),일상적으로 발생하는 정상 업무/생활 커뮤니케이션 예시(합성)
1684,1,스팸_사기,악성_해킹시도,청첩장_부고장사칭_스미싱,SMS,장례식 안내드립니다. 참석 여부와 함께 부고장를 확인해주세요: hxxp://mcard-invite-318.xyz/7098,"지인 사칭, 모바일 청첩장/부고장 클릭 유도 후 악성 앱 설치, 실제 지인 확인 불가",cashnote 스미싱 총정리(모바일청첩장 클릭 후 대출 피해) 패턴 참고
1685,1,스팸_사기,악성_해킹시도,택배사칭_스미싱,SMS,[우체국택배] 송장번호(4703984816) 배송 지연으로 재배송 신청이 필요합니다. 확인: hxxp://우체국택배-348.top/1457 🔒,"실제 주문내역 없음, 단축/변형 URL, 클릭 시 악성 앱 설치 유도",이스트시큐리티 알약 블로그·cashnote 스미싱 총정리 패턴 참고
1686,1,스팸_사기,악성_해킹시도,카드발급사칭_스미싱,SMS,🔒 고객님 명의로 삼성카드가 신규 발급 신청되었슴니다. 본인이 아니라면 즉시 확인 hxxp://card-verify-kr-753.com/8708,"신청한 적 없는 카드 발급 안내, 확인을 명목으로 악성 링크 클릭 유도",KB Think 스미싱 대처법 페이지(신청한 적 없는 카드 스미싱) 패턴 참고
1687,1,스팸_사기,광고성스팸,불법도박광고,SMS,"[황금벳] 매충 ３０% 상시지급! 신규가입시 최대 50만원 지급, 지금 바로 가입 hxxp://황금벳-684.xyz/2666","080 수신거부 번호 없음, 단축/변형 URL, 미신고 도박사이트, 고액 지급 미끼",방통위·KISA 문자스팸 통계(도박 유형 약 40%) 패턴 참고
1688,1,스팸_사기,광고성스팸,불법대출광고,SMS,"[든든머니대부] 당일 즉시 입금, 최대 1500만원. 문의 010-9392-2053","미등록 대부업 의심, '신용조회 없이' 문구, 무자격자 대상 고액 대출 미끼",신한카드 불법대출광고 유형 안내 페이지 패턴 참고
1689,1,스팸_사기,광고성스팸,불법도박광고,SMS,"[킹스벳] 매충 30% 상시지급! 신규가입시 최대 200만원 지급, 지금 바로 가입 hxxp://킹스벳-102.top/4668","080 수신거부 번호 없음, 단축/변형 URL, 미신고 도박사이트, 고액 지급 미끼",방통위·KISA 문자스팸 통계(도박 유형 약 40%) 패턴 참고
1690,0,정상,정상,은행정상알림,SMS,"[우리은행] 체크카드 160,000원 승인. 가맹점: 무신사",해당없음(정상 메시지),일상적으로 발생하는 정상 업무/생활 커뮤니케이션 예시(합성)
1691,0,정상,정상,은행정상알림,SMS,"[카카오뱅크] 고객님 계좌에서 320,000원이 출금되었습니다 (잔액 801만원)",해당없음(정상 메시지),일상적으로 발생하는 정상 업무/생활 커뮤니케이션 예시(합성)
1692,0,정상,정상,은행정상알림,SMS,"[카카오뱅크] 체크카드 260,000원 사용, 현재 잔액 548만원입니다",해당없음(정상 메시지),일상적으로 발생하는 정상 업무/생활 커뮤니케이션 예시(합성)
1693,1,스팸_사기,가짜채용,통장대여_이체알바,SMS,"[재택알바] 본인 명의 계좌만 빌려주시면 건당 8만원, 이체 심부름 알바 구합니다. 텔레그램으로 연락주세요 @job623","통장 대여는 전자금융거래법 위반, 텔레그램 등 익명 메신저로만 소통, 실제로는 보이스피싱 자금 세탁에 이용",kbthink 이체알바 사기 안내(통장 대여 시 처벌 규정) 패턴 참고
1694,1,스팸_사기,악성_해킹시도,카드발급사칭_스미싱,SMS,고객님 명의로 삼성카드가 신규 발급 신청되었습니다. 본인이 아니라면 즉시 확인 hxxp://card-verify-kr-676.kr/２６２０,"신청한 적 없는 카드 발급 안내, 확인을 명목으로 악성 링크 클릭 유도",KB Think 스미싱 대처법 페이지(신청한 적 없는 카드 스미싱) 패턴 참고
1695,1,스팸_사기,가짜채용,통장대여_이체알바,SMS,"[재택알바] 본인 명의 계좌만 빌려주시면 건당 5만원, 이체 심부름 알바 구합니다. 텔레그램으로 연락주세요 @job398 ✅","통장 대여는 전자금융거래법 위반, 텔레그램 등 익명 메신저로만 소통, 실제로는 보이스피싱 자금 세탁에 이용",kbthink 이체알바 사기 안내(통장 대여 시 처벌 규정) 패턴 참고
1696,1,스팸_사기,악성_해킹시도,카드발급사칭_스미싱,SMS,고객님 명의로 삼성카드가 신규 발급 신청되었습니다. 본인이 아니라면 즉시 확인 hxxp://card-verify-kr-5l5.kr/4812,"신청한 적 없는 카드 발급 안내, 확인을 명목으로 악성 링크 클릭 유도",KB Think 스미싱 대처법 페이지(신청한 적 없는 카드 스미싱) 패턴 참고
1697,1,스팸_사기,사기_보이스피싱,소액결제사칭,SMS,"862,000원 결제 승인 문자입니다. 본인이 아니시면 1588-2230로 신고해주세요","허위 소액결제 문자로 불안감 조성 후 사기범이 안내하는 번호로 유도, 실제 결제 내역 없음",보안뉴스 경찰청 보이스피싱 사례(허위 소액결제 문자 유형) 패턴 참고
1698,1,스팸_사기,악성_해킹시도,공공기관사칭_스미싱,SMS,"[민원#24] 미납 과태료 안내 - 2026년 3월 발생분, 확인: hxxp://traffic-24check-239.xyz/４０４６","실제 정부기관은 개인 URL 링크로 벌금 안내를 하지 않음, 가짜 정부사이트 유도",cashnote 스미싱 총정리(경찰청교통민원24 사칭 유형) 패턴 참고
1699,1,스팸_사기,악성_해킹시도,공공기관사칭_스미싱,SMS,귀하의 차량이 2026년 9월 교통법규를 위반한 것으로 확인됩니다. 통지서 조회: hxxp://traffic-24check-327.net/62l4,"실제 정부기관은 개인 URL 링크로 벌금 안내를 하지 않음, 가짜 정부사이트 유도",cashnote 스미싱 총정리(경찰청교통민원24 사칭 유형) 패턴 참고
1700,1,스팸_사기,악성_해킹시도,청첩장_부고장사칭_스미싱,SMS,장례식 안내드립니다. 참석 여부와 함께 부고장를 확인해주세요: hxxp://mcard-invite-144.top/7423,"지인 사칭, 모바일 청첩장/부고장 클릭 유도 후 악성 앱 설치, 실제 지인 확인 불가",cashnote 스미싱 총정리(모바일청첩장 클릭 후 대출 피해) 패턴 참고
1701,0,정상,정상,은행정상알림,SMS,"[토스뱅크] 150,000원이 정상 출금되었어요. 잔액은 599만원입니다",해당없음(정상 메시지),일상적으로 발생하는 정상 업무/생활 커뮤니케이션 예시(합성)
1702,1,스팸_사기,사기_보이스피싱,소액결제사칭,SMS,"[승인알림] 626,000원 결제가 완료되었습니다. 본인이 아니라면 고객센터로 문의하세요 l588-3904","허위 소액결제 문자로 불안감 조성 후 사기범이 안내하는 번호로 유도, 실제 결제 내역 없음",보안뉴스 경찰청 보이스피싱 사례(허위 소액결제 문자 유형) 패턴 참고
1703,1,스팸_사기,악성_해킹시도,청첩장_부고장사칭_스미싱,SMS,OOO님으로부터 장례식 청첩장가 도착했습니다. 확인: hxxp://mcard-invite-828.net/3438,"지인 사칭, 모바일 청첩장/부고장 클릭 유도 후 악성 앱 설치, 실제 지인 확인 불가",cashnote 스미싱 총정리(모바일청첩장 클릭 후 대출 피해) 패턴 참고
1704,0,정상,정상,은행정상알림,SMS,"[국민은행] 출금 390,000원 처리되었어요. 남은 잔액은 598만원",해당없음(정상 메시지),일상적으로 발생하는 정상 업무/생활 커뮤니케이션 예시(합성)
1705,1,스팸_사기,광고성스팸,로또번호_추천광고,SMS,"[1등예측단] 이번주 1등 당첨번호 무료공개! 지금까지 3회 연속 적중, 화긴은 hxxp://1등예측단-475.kr/1190","확인 불가능한 당첨 이력 주장, 개인정보 입력 후 유료 결제로 유도하는 경우 많음",나무위키 스팸메일 문서의 로또번호 추천 사이트 광고 유형 참고
1706,1,스팸_사기,광고성스팸,로또번호_추천광고,SMS,"[복권천재] 회원님만을 위한 특별 당첨번호, 지금 확인하세요 hxxp://복권천재-571.net/9917","확인 불가능한 당첨 이력 주장, 개인정보 입력 후 유료 결제로 유도하는 경우 많음",나무위키 스팸메일 문서의 로또번호 추천 사이트 광고 유형 참고
1707,0,정상,정상,은행정상알림,SMS,"[신한은행] 체크카드 400,000원 사용, 현재 잔액 778만원입니다",해당없음(정상 메시지),일상적으로 발생하는 정상 업무/생활 커뮤니케이션 예시(합성)
1708,1,스팸_사기,악성_해킹시도,청첩장_부고장사칭_스미싱,SMS,소중한 분의 장례식 소식을 전해드립니다. 모바일 청첩장 링크: hxxp://mcard-invite-523.xyz/５４９９,"지인 사칭, 모바일 청첩장/부고장 클릭 유도 후 악성 앱 설치, 실제 지인 확인 불가",cashnote 스미싱 총정리(모바일청첩장 클릭 후 대출 피해) 패턴 참고
1709,0,정상,정상,은행정상알림,SMS,"[국민은행] 240,000원 출금되었습니다. 잔액 549만원",해당없음(정상 메시지),일상적으로 발생하는 정상 업무/생활 커뮤니케이션 예시(합성)
1711,1,스팸_사기,사기_투자로맨스,가짜투자앱유도,SMS,"[VIP리딩방] 오늘 가입자 한정 혜택! 50만원으로 시작, 설치링크 hxxp://invest-vip-app-155.net/3743","공식 앱스토어가 아닌 링크로 앱 설치 유도, 초기 소액 출금으로 신뢰 형성 후 거액 유도",일반적 리딩방-가짜거래소 연계 사기 패턴 참고
1712,1,스팸_사기,광고성스팸,불법도박광고,SMS,"[슈퍼토토] 첫충 200% 이벤트! 신규가입시 최대 150만원 지급, 지금 바로 가입 hxxp://슈퍼토토-973.top/6822","080 수신거부 번호 없음, 단축/변형 URL, 미신고 도박사이트, 고액 지급 미끼",방통위·KISA 문자스팸 통계(도박 유형 약 40%) 패턴 참고
1713,0,정상,정상,은행정상알림,SMS,"[카카오뱅크] 체크카드 380,000원 승인. 가맹점: 마켓컬리",해당없음(정상 메시지),일상적으로 발생하는 정상 업무/생활 커뮤니케이션 예시(합성)
1714,0,정상,정상,은행정상알림,SMS,"[국민은행] 이체 250,000원 출금 처리완료. 잔액 812만원 남았습니다",해당없음(정상 메시지),일상적으로 발생하는 정상 업무/생활 커뮤니케이션 예시(합성)
1715,1,스팸_사기,악성_해킹시도,택배사칭_스미싱,SMS,[CJ대한통운] 송장번호(２５８４５３８８５１) 배송 지연으로 재배송 신청이 필요합니다. 화긴: hxxp://cj대한통운-542.net/9319 ⚠️,"실제 주문내역 없음, 단축/변형 URL, 클릭 시 악성 앱 설치 유도",이스트시큐리티 알약 블로그·cashnote 스미싱 총정리 패턴 참고
1716,1,스팸_사기,악성_해킹시도,카드발급사칭_스미싱,SMS,고객님 명의로 국민카드가 신규 발급 신청되었습니다. 본인이 아니라면 즉시 확인 hxxp://card-verify-kr-685.top/５５５１,"신청한 적 없는 카드 발급 안내, 확인을 명목으로 악성 링크 클릭 유도",KB Think 스미싱 대처법 페이지(신청한 적 없는 카드 스미싱) 패턴 참고
1717,0,정상,정상,은행정상알림,SMS,"[카카오뱅크] 18일에 230,000원 자동이체가 예정되어 있습니다",해당없음(정상 메시지),일상적으로 발생하는 정상 업무/생활 커뮤니케이션 예시(합성)
1718,1,스팸_사기,악성_해킹시도,카드발급사칭_스미싱,SMS,고객님 명의로 국민카드가 신규 발급 신청되었습니다. 본인이 아니라면 즉시 확인 hxxp://card-verify-kr-988.com/655l,"신청한 적 없는 카드 발급 안내, 확인을 명목으로 악성 링크 클릭 유도",KB Think 스미싱 대처법 페이지(신청한 적 없는 카드 스미싱) 패턴 참고
1719,1,스팸_사기,사기_보이스피싱,소액결제사칭,SMS,"[해외결제] 740,000원이 승인되었습니다. 본인 확인 필요 시 1588-7251","허위 소액결제 문자로 불안감 조성 후 사기범이 안내하는 번호로 유도, 실제 결제 내역 없음",보안뉴스 경찰청 보이스피싱 사례(허위 소액결제 문자 유형) 패턴 참고
1720,1,스팸_사기,광고성스팸,불법대출광고,SMS,"[든든머니대부] 무직자,저신용자 환영, 최대 2000만원. 뮨의 010-5934-3190","미등록 대부업 의심, '신용조회 없이' 문구, 무자격자 대상 고액 대출 미끼",신한카드 불법대출광고 유형 안내 페이지 패턴 참고
1721,0,정상,정상,은행정상알림,SMS,"[하나은행] 체크카드 60,000원 승인. 가맹점: 마켓컬리",해당없음(정상 메시지),일상적으로 발생하는 정상 업무/생활 커뮤니케이션 예시(합성)
1722,1,스팸_사기,광고성스팸,불법대출광고,SMS,"[행운대부] 서류 없이 전화상담만으로 심사, 최대 1500만원. 문의 010-5889-９１６９","미등록 대부업 의심, '신용조회 없이' 문구, 무자격자 대상 고액 대출 미끼",신한카드 불법대출광고 유형 안내 페이지 패턴 참고
1723,0,정상,정상,은행정상알림,SMS,"[토스뱅크] 정기 자동이체 안내 - 22일 20,000원 출금될 예정이에요",해당없음(정상 메시지),일상적으로 발생하는 정상 업무/생활 커뮤니케이션 예시(합성)
1724,0,정상,정상,은행정상알림,SMS,"[카카오뱅크] 자동이체 예정 안내: 23일 430,000원 출금 예정입니다.",해당없음(정상 메시지),일상적으로 발생하는 정상 업무/생활 커뮤니케이션 예시(합성)
1725,1,스팸_사기,가짜채용,통장대여_이체알바,SMS,"📋 [재택알바] 본인 명의 계좌만 빌려주시면 건당 3만원, 이체 심부름 알바 구합니다. 텔레그램으로 연락주세요 @job570","통장 대여는 전자금융거래법 위반, 텔레그램 등 익명 메신저로만 소통, 실제로는 보이스피싱 자금 세탁에 이용",kbthink 이체알바 사기 안내(통장 대여 시 처벌 규정) 패턴 참고
1726,0,정상,정상,학교공지,SMS,[OO초등학교] 6월 21일부터 학부모 상담주간이 시작됩니다. 알림장 앱에서 신청해주세요,해당없음(정상 메시지),일상적으로 발생하는 정상 업무/생활 커뮤니케이션 예시(합성)
1727,1,스팸_사기,사기_투자로맨스,가짜투자앱유도,SMS,"[VIP리딩방] 저만 아는 고수익 앱이에요. 50만원으로 시작해보세요, 앱은 여기서: hxxp://invest-vip-app-159.xyz/7887","공식 앱스토어가 아닌 링크로 앱 설치 유도, 초기 소액 출금으로 신뢰 형성 후 거액 유도",일반적 리딩방-가짜거래소 연계 사기 패턴 참고
1728,1,스팸_사기,사기_보이스피싱,소액결제사칭,SMS,"[Web발신] 568,000원 결제승인 알림, 부정사용 의심시 1588-92 문의","허위 소액결제 문자로 불안감 조성 후 사기범이 안내하는 번호로 유도, 실제 결제 내역 없음",보안뉴스 경찰청 보이스피싱 사례(허위 소액결제 문자 유형) 패턴 참고
1729,1,스팸_사기,사기_보이스피싱,소액결제사칭,SMS,"530,000원 결제 승인 문자입니다. 본인이 아니시면 1588-3043로 신고해주세요","허위 소액결제 문자로 불안감 조성 후 사기범이 안내하는 번호로 유도, 실제 결제 내역 없음",보안뉴스 경찰청 보이스피싱 사례(허위 소액결제 문자 유형) 패턴 참고
1730,0,정상,정상,은행정상알림,SMS,"[국민은행] 체크카드 90,000원 승인. 가맹점: 마켓컬리",해당없음(정상 메시지),일상적으로 발생하는 정상 업무/생활 커뮤니케이션 예시(합성)
1731,0,정상,정상,은행정상알림,SMS,"[토스뱅크] 다가오는 26일, 180,000원이 자동으로 이체됩니다",해당없음(정상 메시지),일상적으로 발생하는 정상 업무/생활 커뮤니케이션 예시(합성)
1732,0,정상,정상,은행정상알림,SMS,"[국민은행] 출금 360,000원 처리되었어요. 남은 잔액은 785만원",해당없음(정상 메시지),일상적으로 발생하는 정상 업무/생활 커뮤니케이션 예시(합성)
1733,0,정상,정상,은행정상알림,SMS,"[카카오뱅크] 체크카드 70,000원 승인. 가맹점: 마켓컬리",해당없음(정상 메시지),일상적으로 발생하는 정상 업무/생활 커뮤니케이션 예시(합성)
1734,1,스팸_사기,사기_보이스피싱,검찰_금감원사칭,SMS,여기는 경찰청 사이버수사대입니당. 귀하의 명의로 대포통장이 개설되어 수사가 진행 중입니다. 자산보호를 위해 대출받은 5000만원을 안내하는 안전계좌로 즉시 이체하셔야 합니다.,"검찰·경찰·금감원은 안전계좌 이체를 요구하지 않음, 전화로 수사 고지 및 송금 요구",보안뉴스 경찰청 보이스피싱 최다피해유형 사례(기관사칭형) 패턴 참고
1735,1,스팸_사기,광고성스팸,불법대출광고,SMS,"[새희망대부] 카드론 대환 특별상품, 최대 2000만원. 문의 010-9488-2795","미등록 대부업 의심, '신용조회 없이' 문구, 무자격자 대상 고액 대출 미끼",신한카드 불법대출광고 유형 안내 페이지 패턴 참고
1736,1,스팸_사기,광고성스팸,불법도박광고,SMS,"[올인토토] 가입머니 5만원 즉시지급! 신규가입시 최대 200만원 지급, 지금 바로 가입 hxxp://올인토토-179.kr/4524","080 수신거부 번호 없음, 단축/변형 URL, 미신고 도박사이트, 고액 지급 미끼",방통위·KISA 문자스팸 통계(도박 유형 약 40%) 패턴 참고
1737,1,스팸_사기,광고성스팸,불법도박광고,SMS,"[대박토토] 첫충 200% 이벤트! 신규가입시 대최 100만원 지급, 지금 바로 가입 hxxp://대박토토-632.net/8464","080 수신거부 번호 없음, 단축/변형 URL, 미신고 도박사이트, 고액 지급 미끼",방통위·KISA 문자스팸 통계(도박 유형 약 40%) 패턴 참고
1738,1,스팸_사기,광고성스팸,불법대출광고,SMS,"[국민든든대부] 카드론 대환 특별상품, 최대 500만원. 뮨의 010-8321-3144","미등록 대부업 의심, '신용조회 없이' 문구, 무자격자 대상 고액 대출 미끼",신한카드 불법대출광고 유형 안내 페이지 패턴 참고
1739,1,스팸_사기,악성_해킹시도,카드발급사칭_스미싱,SMS,고객님 명의로 우리카드가 신규 발급 신청되었슴니다. 본인이 아니라면 즉시 확인 hxxp://card-verify-kr-672.com/4262,"신청한 적 없는 카드 발급 안내, 확인을 명목으로 악성 링크 클릭 유도",KB Think 스미싱 대처법 페이지(신청한 적 없는 카드 스미싱) 패턴 참고
1740,1,스팸_사기,악성_해킹시도,카드발급사칭_스미싱,SMS,⚠️ 고객님 명의로 국민카드가 신규 발급 신청되었습니다. 본인이 아니라면 즉시 확인 hxxp://card-verify-kr-447.kr/6262,"신청한 적 없는 카드 발급 안내, 확인을 명목으로 악성 링크 클릭 유도",KB Think 스미싱 대처법 페이지(신청한 적 없는 카드 스미싱) 패턴 참고
1741,1,스팸_사기,악성_해킹시도,카드발급사칭_스미싱,SMS,⚠️ 고객님 명의로 삼성카드가 신규 발급 신청되었습니다. 본인이 아니라면 즉시 확인 hxxp://card-verify-kr-818.kr/9455,"신청한 적 없는 카드 발급 안내, 확인을 명목으로 악성 링크 클릭 유도",KB Think 스미싱 대처법 페이지(신청한 적 없는 카드 스미싱) 패턴 참고
1742,1,스팸_사기,악성_해킹시도,공공기관사칭_스미싱,SMS,[경찰청교통민원24] 교통법규위반 사실 확인 통지서가 발송되었습니다(2024년 ８월). 조회: hxxp://traffic-24check-279.com/5733,"실제 정부기관은 개인 URL 링크로 벌금 안내를 하지 않음, 가짜 정부사이트 유도",cashnote 스미싱 총정리(경찰청교통민원24 사칭 유형) 패턴 참고
1743,1,스팸_사기,광고성스팸,로또번호_추천광고,SMS,"[행운의숫자] 이번주 1등 당첨번호 무료공개! 지금까지 3회 연속 적중, 화긴은 hxxp://행운의숫자-630.net/6825","확인 불가능한 당첨 이력 주장, 개인정보 입력 후 유료 결제로 유도하는 경우 많음",나무위키 스팸메일 문서의 로또번호 추천 사이트 광고 유형 참고
1744,1,스팸_사기,악성_해킹시도,택배사칭_스미싱,SMS,[로젠택배] 송장번호(9079001160) 관세 미납으로 통관이 보류되었습니다. 확인: hxxp://로젠택배-424.xyz/３３８３,"실제 주문내역 없음, 단축/변형 URL, 클릭 시 악성 앱 설치 유도",이스트시큐리티 알약 블로그·cashnote 스미싱 총정리 패턴 참고
1745,1,스팸_사기,사기_보이스피싱,소액결제사칭,SMS,"고객님의 카드에서 398,000원이 결제되었습니다. 이용하신 적 없다면 1588-8340으로 문의바랍니다","허위 소액결제 문자로 불안감 조성 후 사기범이 안내하는 번호로 유도, 실제 결제 내역 없음",보안뉴스 경찰청 보이스피싱 사례(허위 소액결제 문자 유형) 패턴 참고
1746,1,스팸_사기,광고성스팸,로또번호_추천광고,SMS,"🎉 [로또마스터] 이번주 1등 당첨번호 무료공개! 지금까지 5회 연속 적중, 확인은 hxxp://로또마스터-447.net/4207","확인 불가능한 당첨 이력 주장, 개인정보 입력 후 유료 결제로 유도하는 경우 많음",나무위키 스팸메일 문서의 로또번호 추천 사이트 광고 유형 참고
1747,1,스팸_사기,광고성스팸,로또번호_추천광고,SMS,"[로또명당] 회원님만을 위한 특별 당첨번호, 지금 확인하세요 hxxp://로또명당-605.kr/1294","확인 불가능한 당첨 이력 주장, 개인정보 입력 후 유료 결제로 유도하는 경우 많음",나무위키 스팸메일 문서의 로또번호 추천 사이트 광고 유형 참고
1748,1,스팸_사기,악성_해킹시도,청첩장_부고장사칭_스미싱,SMS,OOO님으로부터 장례식 부고장가 도착했습니다. 확인: hxxp://mcard-invite-474.kr/7l38,"지인 사칭, 모바일 청첩장/부고장 클릭 유도 후 악성 앱 설치, 실제 지인 확인 불가",cashnote 스미싱 총정리(모바일청첩장 클릭 후 대출 피해) 패턴 참고
1749,1,스팸_사기,광고성스팸,불법도박광고,SMS,"[프리미엄카지노] 매충 30% 상시지급! 신규가입시 최대 150만원 지급, 지금 바로 가입 hxxp://프리미엄카지노-360.kr/3186","080 수신거부 번호 없음, 단축/변형 URL, 미신고 도박사이트, 고액 지급 미끼",방통위·KISA 문자스팸 통계(도박 유형 약 40%) 패턴 참고
1750,1,스팸_사기,가짜채용,현금수거책_고액알바,SMS,단순 심부름 업무로 일당 8O만원 드립니다. 강남 인근 지정 장소에서 현금이 든 쇼핑백을 수거해 전달만 하시면 됩니다. 경력/면접 없이 바로 시작 가능,"비대면 채용, 현금 운반이라는 비정상적 업무, 고액 일당 대비 매우 단순한 업무 내용",정책브리핑·잡플래닛 고액알바 위험성 안내 패턴 참고
1751,1,스팸_사기,악성_해킹시도,카드발급사칭_스미싱,SMS,고객님 명의로 국민카드가 신규 발급 신청되었슴니다. 본인이 아니라면 즉시 확인 hxxp://card-verify-kr-741.com/2409 🔒,"신청한 적 없는 카드 발급 안내, 확인을 명목으로 악성 링크 클릭 유도",KB Think 스미싱 대처법 페이지(신청한 적 없는 카드 스미싱) 패턴 참고
1752,0,정상,정상,은행정상알림,SMS,"[우리은행] 출금 460,000원 처리되었어요. 남은 잔액은 788만원",해당없음(정상 메시지),일상적으로 발생하는 정상 업무/생활 커뮤니케이션 예시(합성)
1753,0,정상,정상,은행정상알림,SMS,"[카카오뱅크] 260,000원 출금되었습니다. 잔액 162만원",해당없음(정상 메시지),일상적으로 발생하는 정상 업무/생활 커뮤니케이션 예시(합성)
1754,0,정상,정상,은행정상알림,SMS,"[카카오뱅크] 4일에 120,000원 자동이체가 예정되어 있습니다",해당없음(정상 메시지),일상적으로 발생하는 정상 업무/생활 커뮤니케이션 예시(합성)
1755,1,스팸_사기,사기_투자로맨스,가짜투자앱유도,SMS,"[VIP리딩방] 부담없이 30만원으로 테스트해보세요, 결과 보고 늘리셔도 돼요 hxxp://invest-vip-app-593.com/1198","공식 앱스토어가 아닌 링크로 앱 설치 유도, 초기 소액 출금으로 신뢰 형성 후 거액 유도",일반적 리딩방-가짜거래소 연계 사기 패턴 참고
1756,1,스팸_사기,악성_해킹시도,공공기관사칭_스미싱,SMS,귀하의 차량이 2026년 8월 교통법규를 위반한 것으로 확인됩니다. 통지서 조회: hxxp://traffic-24check-593.xyz/3841,"실제 정부기관은 개인 URL 링크로 벌금 안내를 하지 않음, 가짜 정부사이트 유도",cashnote 스미싱 총정리(경찰청교통민원24 사칭 유형) 패턴 참고
1757,1,스팸_사기,악성_해킹시도,택배사칭_스미싱,SMS,[쿠팡물류센터] 송장번호(8663906102) 부재중으로 반송 예정입니다. 화긴: hxxp://쿠팡물류센터-770.kr/7003,"실제 주문내역 없음, 단축/변형 URL, 클릭 시 악성 앱 설치 유도",이스트시큐리티 알약 블로그·cashnote 스미싱 총정리 패턴 참고
1758,1,스팸_사기,악성_해킹시도,택배사칭_스미싱,SMS,[한진택배] 송장번호(6153403284) 배송 지연으로 재배송 신청이 필요합니다. 화긴: hxxp://한진택배-59l.net/7441 🔒,"실제 주문내역 없음, 단축/변형 URL, 클릭 시 악성 앱 설치 유도",이스트시큐리티 알약 블로그·cashnote 스미싱 총정리 패턴 참고
1760,1,스팸_사기,악성_해킹시도,청첩장_부고장사칭_스미싱,SMS,OOO님으로부터 결혼식 청첩장가 도착했습니다. 확인: hxxp://mcard-invite-482.top/7702,"지인 사칭, 모바일 청첩장/부고장 클릭 유도 후 악성 앱 설치, 실제 지인 확인 불가",cashnote 스미싱 총정리(모바일청첩장 클릭 후 대출 피해) 패턴 참고
1761,0,정상,정상,은행정상알림,SMS,"[하나은행] 체크카드 480,000원 승인. 가맹점: 쿠팡",해당없음(정상 메시지),일상적으로 발생하는 정상 업무/생활 커뮤니케이션 예시(합성)
1762,1,스팸_사기,광고성스팸,불법대출광고,SMS,"[케이캐시대부] 정부지원 서민대출 사칭, 최대 1500만원. 뮨의 ０１０-4987-2144 🎉","미등록 대부업 의심, '신용조회 없이' 문구, 무자격자 대상 고액 대출 미끼",신한카드 불법대출광고 유형 안내 페이지 패턴 참고
1763,1,스팸_사기,가짜채용,재택부업_리뷰알바사기,SMS,"재택으로 상품 리뷰만 작성하면 건당 25,000원! 하루 30분 투자로 월 250만원 가눙합니다. 지금 카톡 문의 @review_job","선입금(상품구매 대금 선결제) 요구로 이어지는 경우 多, 비현실적 고수익 강조, 기업 정보 불명확",보안뉴스 추석 금융사기 예방 기사(부업 아르바이트/리뷰알바 사기) 패턴 참고
1764,1,스팸_사기,광고성스팸,로또번호_추천광고,SMS,"[로또명당] AI 분석으로 뽑은 이번주 1등 예상번호 무료 공개, 확인: hxxp://로또명당-274.net/1021","확인 불가능한 당첨 이력 주장, 개인정보 입력 후 유료 결제로 유도하는 경우 많음",나무위키 스팸메일 문서의 로또번호 추천 사이트 광고 유형 참고
1765,1,스팸_사기,사기_투자로맨스,가짜투자앱유도,SMS,[VIP리딩방] 무료체험 자리 얼마 안 남았어요. 10만원 넣고 바로 확인해보세요 hxxp://invest-vip-app-657.top/4415,"공식 앱스토어가 아닌 링크로 앱 설치 유도, 초기 소액 출금으로 신뢰 형성 후 거액 유도",일반적 리딩방-가짜거래소 연계 사기 패턴 참고
1766,1,스팸_사기,사기_보이스피싱,소액결제사칭,SMS,"[결제알림] 383,000원 승인 완료. 본인 사용이 아니면 아래 번호로 즉시 연락주세요 1588-1246","허위 소액결제 문자로 불안감 조성 후 사기범이 안내하는 번호로 유도, 실제 결제 내역 없음",보안뉴스 경찰청 보이스피싱 사례(허위 소액결제 문자 유형) 패턴 참고
1767,1,스팸_사기,가짜채용,허위구인_체크카드요구,SMS,[채용안내] 지원하신 물류포장 자리 안내드립니다. 업무 전 본인확인 위해 체크카드 사진과 비밀번호를 먼저 보내주세요.,"정상 기업은 체크카드/비밀번호를 요구하지 않음, 지원 채널과 다른 개인 카톡으로 유도",알바몬 취업사기 경험담 게시판(체크카드+비밀번호 요구 사례) 패턴 참고
1768,0,정상,정상,은행정상알림,SMS,"[하나은행] 자동이체 예정 안내: 20일 30,000원 출금 예정입니다.",해당없음(정상 메시지),일상적으로 발생하는 정상 업무/생활 커뮤니케이션 예시(합성)
1769,1,스팸_사기,사기_투자로맨스,가짜투자앱유도,SMS,[VIP리딩방] 제가 알려드린 전용 앱에 가입하시고 50만원부터 넣어보세요. 첫 수익 나면 바로 출금 가능하니 걱정 마세요 :) 앱 설치: hxxp://invest-vip-app-382.com/7200,"공식 앱스토어가 아닌 링크로 앱 설치 유도, 초기 소액 출금으로 신뢰 형성 후 거액 유도",일반적 리딩방-가짜거래소 연계 사기 패턴 참고
1770,1,스팸_사기,광고성스팸,불법도박광고,SMS,"[대박토토] 매충 30% 상시지급! 신규가입시 최대 200만원 지급, 지금 바로 가입 hxxp://대박토토-723.xyz/9205","080 수신거부 번호 없음, 단축/변형 URL, 미신고 도박사이트, 고액 지급 미끼",방통위·KISA 문자스팸 통계(도박 유형 약 40%) 패턴 참고
1771,1,스팸_사기,광고성스팸,불법대출광고,SMS,"📢 [빠른캐피탈] 카드론 대환 특별상품, 최대 3000만원. 문의 010-9746-3431","미등록 대부업 의심, '신용조회 없이' 문구, 무자격자 대상 고액 대출 미끼",신한카드 불법대출광고 유형 안내 페이지 패턴 참고
1772,1,스팸_사기,광고성스팸,로또번호_추천광고,SMS,"📢 [1등예측단] 이번주 1등 당첨번호 무료공개! 지금까지 2회 연속 적중, 확인은 hxxp://1등예측단-954.xyz/7365","확인 불가능한 당첨 이력 주장, 개인정보 입력 후 유료 결제로 유도하는 경우 많음",나무위키 스팸메일 문서의 로또번호 추천 사이트 광고 유형 참고
1773,1,스팸_사기,광고성스팸,불법도박광고,SMS,"[올인토토] 가입머니 5만원 즉시지급! 신규가입시 최대 100만원 지급, 지금 바로 가입 hxxp://올인토토-678.top/9157","080 수신거부 번호 없음, 단축/변형 URL, 미신고 도박사이트, 고액 지급 미끼",방통위·KISA 문자스팸 통계(도박 유형 약 40%) 패턴 참고
1774,0,정상,정상,은행정상알림,SMS,"[신한은행] 정기 자동이체 안내 - 6일 270,000원 출금될 예정이에요",해당없음(정상 메시지),일상적으로 발생하는 정상 업무/생활 커뮤니케이션 예시(합성)
1775,1,스팸_사기,사기_투자로맨스,가짜투자앱유도,SMS,[VIP리딩방] 이 앱 써보고 후회 안 하실 거예요. 50만원부터 가능 hxxp://invest-vip-app-114.kr/3794,"공식 앱스토어가 아닌 링크로 앱 설치 유도, 초기 소액 출금으로 신뢰 형성 후 거액 유도",일반적 리딩방-가짜거래소 연계 사기 패턴 참고
1776,1,스팸_사기,악성_해킹시도,청첩장_부고장사칭_스미싱,SMS,OOO님으로부터 장례식 부고장가 도착했습니다. 확인: hxxp://mcard-invite-981.net/7118,"지인 사칭, 모바일 청첩장/부고장 클릭 유도 후 악성 앱 설치, 실제 지인 확인 불가",cashnote 스미싱 총정리(모바일청첩장 클릭 후 대출 피해) 패턴 참고
1777,1,스팸_사기,가짜채용,통장대여_이체알바,SMS,"[재택알바] 본인 명의 계좌만 빌려주시면 건당 ５만원, 이체 심부름 알바 구합니다. 텔레그램으로 연락주세요 @job264","통장 대여는 전자금융거래법 위반, 텔레그램 등 익명 메신저로만 소통, 실제로는 보이스피싱 자금 세탁에 이용",kbthink 이체알바 사기 안내(통장 대여 시 처벌 규정) 패턴 참고
1778,0,정상,정상,은행정상알림,SMS,"[토스뱅크] 체크카드 130,000원 승인. 가맹점: 29CM",해당없음(정상 메시지),일상적으로 발생하는 정상 업무/생활 커뮤니케이션 예시(합성)
1779,1,스팸_사기,광고성스팸,로또번호_추천광고,SMS,"[로또명당] 이번주 1등 당첨번호 무료공개! 지금까지 2회 연속 적중, 화긴은 hxxp://로또명당-811.net/5979","확인 불가능한 당첨 이력 주장, 개인정보 입력 후 유료 결제로 유도하는 경우 많음",나무위키 스팸메일 문서의 로또번호 추천 사이트 광고 유형 참고
1780,1,스팸_사기,악성_해킹시도,카드발급사칭_스미싱,SMS,⚠️ 고객님 명의로 삼성카드가 신규 발급 신청되었습니다. 본인이 아니라면 즉시 확인 hxxp://card-verify-kr-985.xyz/9595,"신청한 적 없는 카드 발급 안내, 확인을 명목으로 악성 링크 클릭 유도",KB Think 스미싱 대처법 페이지(신청한 적 없는 카드 스미싱) 패턴 참고
1781,1,스팸_사기,사기_보이스피싱,검찰_금감원사칭,SMS,여기는 금융결제원(사칭)입니다. 귀하의 명의로 대포통장이 개설되어 수사가 진행 중입니다. 자산보호를 위해 대출받은 １５０００만원을 안내하는 안전계좌로 즉시 이체하셔야 합니다.,"검찰·경찰·금감원은 안전계좌 이체를 요구하지 않음, 전화로 수사 고지 및 송금 요구",보안뉴스 경찰청 보이스피싱 최다피해유형 사례(기관사칭형) 패턴 참고
1782,1,스팸_사기,광고성스팸,불법도박광고,SMS,"[킹스벳] 가입머니 5만원 즉시지급! 신규가입시 최대 150만원 지급, 지금 바로 가입 hxxp://킹스벳-228.com/9670","080 수신거부 번호 없음, 단축/변형 URL, 미신고 도박사이트, 고액 지급 미끼",방통위·KISA 문자스팸 통계(도박 유형 약 40%) 패턴 참고
1783,0,정상,정상,지인문자,SMS,"어제 보내준 사진 진짜 잘 나왔더라, 나도 하나 보내줄게",해당없음(정상 메시지),일상적으로 발생하는 정상 업무/생활 커뮤니케이션 예시(합성)
1784,1,스팸_사기,광고성스팸,로또번호_추천광고,SMS,"[1등예측단] 이번주 1등 당첨번호 무료공개! 지금까지 4회 연속 적중, 확인은 hxxp://1등예측단-197.net/７４６５","확인 불가능한 당첨 이력 주장, 개인정보 입력 후 유료 결제로 유도하는 경우 많음",나무위키 스팸메일 문서의 로또번호 추천 사이트 광고 유형 참고
1785,0,정상,정상,은행정상알림,SMS,"[카카오뱅크] 체크카드 120,000원 승인. 가맹점: 29CM",해당없음(정상 메시지),일상적으로 발생하는 정상 업무/생활 커뮤니케이션 예시(합성)
1786,0,정상,정상,은행정상알림,SMS,"[카카오뱅크] 체크카드 260,000원 사용, 현재 잔액 524만원입니다",해당없음(정상 메시지),일상적으로 발생하는 정상 업무/생활 커뮤니케이션 예시(합성)
1787,1,스팸_사기,광고성스팸,불법대출광고,SMS,"[행운대부] 카드론 대환 특별상품, 최대 5000만원. 문의 010-2235-3957 🔥","미등록 대부업 의심, '신용조회 없이' 문구, 무자격자 대상 고액 대출 미끼",신한카드 불법대출광고 유형 안내 페이지 패턴 참고
1788,1,스팸_사기,사기_보이스피싱,소액결제사칭,SMS,"[승인] 77,000원 사용내역 확인, 본인 결제가 아닐 경우 1588-５３７５ 연락바랍니다","허위 소액결제 문자로 불안감 조성 후 사기범이 안내하는 번호로 유도, 실제 결제 내역 없음",보안뉴스 경찰청 보이스피싱 사례(허위 소액결제 문자 유형) 패턴 참고
1789,0,정상,정상,은행정상알림,SMS,"[우리은행] 480,000원 출금되었습니다. 잔액 59만원",해당없음(정상 메시지),일상적으로 발생하는 정상 업무/생활 커뮤니케이션 예시(합성)
1791,1,스팸_사기,광고성스팸,불법대출광고,SMS,"[든든머니대부] 무직자,저신용자 환영, 최대 3000만원. 문의 010-8231-7493","미등록 대부업 의심, '신용조회 없이' 문구, 무자격자 대상 고액 대출 미끼",신한카드 불법대출광고 유형 안내 페이지 패턴 참고
1792,1,스팸_사기,광고성스팸,로또번호_추천광고,SMS,"🔥 [복권천재] 이번주 1등 당첨번호 무료공개! 지금까지 5회 연속 적중, 화긴은 hxxp://복권천재-583.com/1104","확인 불가능한 당첨 이력 주장, 개인정보 입력 후 유료 결제로 유도하는 경우 많음",나무위키 스팸메일 문서의 로또번호 추천 사이트 광고 유형 참고
1793,0,정상,정상,은행정상알림,SMS,"[신한은행] 체크카드 380,000원 승인. 가맹점: 29CM",해당없음(정상 메시지),일상적으로 발생하는 정상 업무/생활 커뮤니케이션 예시(합성)
1794,0,정상,정상,은행정상알림,SMS,"[하나은행] 정기 자동이체 안내 - 3일 60,000원 출금될 예정이에요",해당없음(정상 메시지),일상적으로 발생하는 정상 업무/생활 커뮤니케이션 예시(합성)
1795,0,정상,정상,은행정상알림,SMS,"[우리은행] 체크카드 390,000원 승인. 가맹점: 마켓컬리",해당없음(정상 메시지),일상적으로 발생하는 정상 업무/생활 커뮤니케이션 예시(합성)
1796,1,스팸_사기,가짜채용,통장대여_이체알바,SMS,"[재택알바] 본인 명의 계좌만 빌려주시면 건당 3만원, 이체 심부름 알바 구합니다. 텔레그램으로 연락주세요 @job355","통장 대여는 전자금융거래법 위반, 텔레그램 등 익명 메신저로만 소통, 실제로는 보이스피싱 자금 세탁에 이용",kbthink 이체알바 사기 안내(통장 대여 시 처벌 규정) 패턴 참고
1797,1,스팸_사기,광고성스팸,로또번호_추천광고,SMS,"[로또명당] 이번주 l등 당첨번호 무료공개! 지금까지 3회 연속 적중, 확인은 hxxp://로또명당-960.kr/8667 🎉","확인 불가능한 당첨 이력 주장, 개인정보 입력 후 유료 결제로 유도하는 경우 많음",나무위키 스팸메일 문서의 로또번호 추천 사이트 광고 유형 참고
1798,0,정상,정상,은행정상알림,SMS,"[하나은행] 체크카드 240,000원 승인. 가맹점: 29CM",해당없음(정상 메시지),일상적으로 발생하는 정상 업무/생활 커뮤니케이션 예시(합성)
1799,1,스팸_사기,악성_해킹시도,공공기관사칭_스미싱,SMS,[교통민원#24] 2026년 9월 위반사실이 확인되어 통지서가 발송되었습니다. 상세조회: hxxp://traffic-24check-757.kr/3253,"실제 정부기관은 개인 URL 링크로 벌금 안내를 하지 않음, 가짜 정부사이트 유도",cashnote 스미싱 총정리(경찰청교통민원24 사칭 유형) 패턴 참고
1800,0,정상,정상,은행정상알림,SMS,"[카카오뱅크] 360,000원 출금 완료, 잔액 887만원 확인하세요",해당없음(정상 메시지),일상적으로 발생하는 정상 업무/생활 커뮤니케이션 예시(합성)
1801,0,정상,정상,은행정상알림,SMS,"[국민은행] 자동이체 예정 안내: 26일 150,000원 출금 예정입니다.",해당없음(정상 메시지),일상적으로 발생하는 정상 업무/생활 커뮤니케이션 예시(합성)
1802,1,스팸_사기,광고성스팸,불법도박광고,SMS,"[슈퍼토토] 루징 캐시백 10%! 신규가입시 최대 l5O만원 지급, 지금 바로 가입 hxxp://슈퍼토토-834.net/9672","080 수신거부 번호 없음, 단축/변형 URL, 미신고 도박사이트, 고액 지급 미끼",방통위·KISA 문자스팸 통계(도박 유형 약 40%) 패턴 참고
1803,1,스팸_사기,광고성스팸,로또번호_추천광고,SMS,"[1등예측단] 이번주 1등 당첨번호 무료공개! 지금까지 3회 연속 적중, 확인은 hxxp://1등예측단-922.net/9130 📢","확인 불가능한 당첨 이력 주장, 개인정보 입력 후 유료 결제로 유도하는 경우 많음",나무위키 스팸메일 문서의 로또번호 추천 사이트 광고 유형 참고
1804,0,정상,정상,은행정상알림,SMS,"[카카오뱅크] 고객님 계좌에서 210,000원이 출금되었습니다 (잔액 29만원)",해당없음(정상 메시지),일상적으로 발생하는 정상 업무/생활 커뮤니케이션 예시(합성)
1805,0,정상,정상,은행정상알림,SMS,"[국민은행] 정기 자동이체 안내 - 12일 120,000원 출금될 예정이에요",해당없음(정상 메시지),일상적으로 발생하는 정상 업무/생활 커뮤니케이션 예시(합성)
1806,1,스팸_사기,악성_해킹시도,공공기관사칭_스미싱,SMS,[경찰청교통민원24] 교통법규위반 사실 확인 통지서가 발송되었습니다(2026년 4월). 조회: hxxp://traffic-24check-254.top/5016,"실제 정부기관은 개인 URL 링크로 벌금 안내를 하지 않음, 가짜 정부사이트 유도",cashnote 스미싱 총정리(경찰청교통민원24 사칭 유형) 패턴 참고
1807,1,스팸_사기,사기_보이스피싱,소액결제사칭,SMS,"⚠️ [승인알림] 424,OOO원 결제가 완료되었슴니다. 본인이 아니라면 고객센터로 문의하세요 1588-2133","허위 소액결제 문자로 불안감 조성 후 사기범이 안내하는 번호로 유도, 실제 결제 내역 없음",보안뉴스 경찰청 보이스피싱 사례(허위 소액결제 문자 유형) 패턴 참고
1808,0,정상,정상,지인문자,SMS,오늘 저녁에 시간 되면 같이 밥 먹을래? 새로 생긴 파스타집 가보고 싶어서,해당없음(정상 메시지),일상적으로 발생하는 정상 업무/생활 커뮤니케이션 예시(합성)
1809,1,스팸_사기,광고성스팸,불법대출광고,SMS,"[행복저축은행(사칭)] 정부지원 서민대출 사칭, 최대 1500만원. 문의 010-8778-4233 📢","미등록 대부업 의심, '신용조회 없이' 문구, 무자격자 대상 고액 대출 미끼",신한카드 불법대출광고 유형 안내 페이지 패턴 참고
1810,1,스팸_사기,광고성스팸,로또번호_추천광고,SMS,"[복권천재] 이번주 1등 당첨번호 무료공개! 지금까지 2회 연속 적중, 확인은 hxxp://복권천재-690.com/7499","확인 불가능한 당첨 이력 주장, 개인정보 입력 후 유료 결제로 유도하는 경우 많음",나무위키 스팸메일 문서의 로또번호 추천 사이트 광고 유형 참고
1811,0,정상,정상,은행정상알림,SMS,"[우리은행] 체크카드 140,000원 승인. 가맹점: 무신사",해당없음(정상 메시지),일상적으로 발생하는 정상 업무/생활 커뮤니케이션 예시(합성)
1812,1,스팸_사기,광고성스팸,불법도박광고,SMS,"[프리미엄카지노] 가입머니 5만원 즉시지급! 신규가입시 최대 100만원 지급, 지금 바로 가입 hxxp://프리미엄카지노-105.top/5434","080 수신거부 번호 없음, 단축/변형 URL, 미신고 도박사이트, 고액 지급 미끼",방통위·KISA 문자스팸 통계(도박 유형 약 40%) 패턴 참고
1813,1,스팸_사기,광고성스팸,불법대출광고,SMS,"[새희망대부] 카드론 대환 특별상품, 최대 3000만원. 문의 010-1894-9l55","미등록 대부업 의심, '신용조회 없이' 문구, 무자격자 대상 고액 대출 미끼",신한카드 불법대출광고 유형 안내 페이지 패턴 참고
1814,1,스팸_사기,가짜채용,재택부업_리뷰알바사기,SMS,"재택으로 상품 리뷰만 작성하면 건당 15,000원! 하루 30분 투자로 월 l5O만원 가눙합니다. 지금 카톡 문의 @easymoney_job 📋","선입금(상품구매 대금 선결제) 요구로 이어지는 경우 多, 비현실적 고수익 강조, 기업 정보 불명확",보안뉴스 추석 금융사기 예방 기사(부업 아르바이트/리뷰알바 사기) 패턴 참고
1815,1,스팸_사기,가짜채용,재택부업_리뷰알바사기,SMS,"💼 재택으로 상품 리뷰만 작성하면 건당 ２０,０００원! 하루 30분 투자로 월 150만원 가눙합니다. 지금 카톡 문의 @easymoney_job","선입금(상품구매 대금 선결제) 요구로 이어지는 경우 多, 비현실적 고수익 강조, 기업 정보 불명확",보안뉴스 추석 금융사기 예방 기사(부업 아르바이트/리뷰알바 사기) 패턴 참고
1817,1,스팸_사기,광고성스팸,불법도박광고,SMS,"[코리아벳] 신규회원 콤프 지급! 신규가입시 최대 150만원 지급, 지금 바로 가입 hxxp://코리아벳-250.com/1443","080 수신거부 번호 없음, 단축/변형 URL, 미신고 도박사이트, 고액 지급 미끼",방통위·KISA 문자스팸 통계(도박 유형 약 40%) 패턴 참고
1818,1,스팸_사기,악성_해킹시도,택배사칭_스미싱,SMS,🔒 [한진택배] 송장번호(３４８９５７３８８５) 주소 불일치로 물품 보관 중입니다. 확인: hxxp://한진택배-633.net/4078,"실제 주문내역 없음, 단축/변형 URL, 클릭 시 악성 앱 설치 유도",이스트시큐리티 알약 블로그·cashnote 스미싱 총정리 패턴 참고
1819,1,스팸_사기,악성_해킹시도,택배사칭_스미싱,SMS,[우체국택배] 송장번호(8831370254) 관세 미납으로 통관이 보류되었습니다. 확인: hxxp://우체국택배-481.com/1450,"실제 주문내역 없음, 단축/변형 URL, 클릭 시 악성 앱 설치 유도",이스트시큐리티 알약 블로그·cashnote 스미싱 총정리 패턴 참고
1820,0,정상,정상,은행정상알림,SMS,"[국민은행] 체크카드 220,000원 사용, 현재 잔액 51만원입니다",해당없음(정상 메시지),일상적으로 발생하는 정상 업무/생활 커뮤니케이션 예시(합성)
1821,1,스팸_사기,가짜채용,통장대여_이체알바,SMS,"✅ [재택알바] 본인 명의 계좌만 빌려주시면 건당 5만원, 이체 심부름 알바 구합니다. 텔레그램으로 연락주세요 @job872","통장 대여는 전자금융거래법 위반, 텔레그램 등 익명 메신저로만 소통, 실제로는 보이스피싱 자금 세탁에 이용",kbthink 이체알바 사기 안내(통장 대여 시 처벌 규정) 패턴 참고
1822,0,정상,정상,은행정상알림,SMS,"[토스뱅크] 자동납부 예정: 9일 40,000원, 잔액을 미리 확인해주세요",해당없음(정상 메시지),일상적으로 발생하는 정상 업무/생활 커뮤니케이션 예시(합성)
1823,1,스팸_사기,사기_보이스피싱,소액결제사칭,SMS,"[승인알림] 426,OOO원 결제가 완료되었습니다. 본인이 아니라면 고객센터로 문의하세요 1588-2353","허위 소액결제 문자로 불안감 조성 후 사기범이 안내하는 번호로 유도, 실제 결제 내역 없음",보안뉴스 경찰청 보이스피싱 사례(허위 소액결제 문자 유형) 패턴 참고
1824,0,정상,정상,은행정상알림,SMS,"[토스뱅크] 11일에 60,000원 자동이체가 예정되어 있습니다",해당없음(정상 메시지),일상적으로 발생하는 정상 업무/생활 커뮤니케이션 예시(합성)
1825,1,스팸_사기,악성_해킹시도,청첩장_부고장사칭_스미싱,SMS,OOO님의 장례식에 초대합니다. 모바일 청첩장 화긴하기 hxxp://mcard-invite-425.top/8508,"지인 사칭, 모바일 청첩장/부고장 클릭 유도 후 악성 앱 설치, 실제 지인 확인 불가",cashnote 스미싱 총정리(모바일청첩장 클릭 후 대출 피해) 패턴 참고
1826,1,스팸_사기,광고성스팸,불법대출광고,SMS,"[행운대부] 당일 즉시 입금, 최대 1500만원. 문의 010-2882-6488","미등록 대부업 의심, '신용조회 없이' 문구, 무자격자 대상 고액 대출 미끼",신한카드 불법대출광고 유형 안내 페이지 패턴 참고
1827,1,스팸_사기,사기_투자로맨스,투자리딩방,SMS,"[마스터리딩방] 글로벌인베스트 마스터 리딩방입니다. 전문가가 직접 매수/매도 신호를 드리며, 이번 주 수익률 200% 인증 종목 공개! 지금 무료 입장하새요.","비공식 오픈채팅방 운영, 비현실적 수익률 인증 캡처, 이후 유료방/투자앱 설치 유도",보안뉴스 추석 금융사기 예방 기사(투자리딩방 피해 규모) 패턴 참고
1830,1,스팸_사기,광고성스팸,불법대출광고,SMS,"[행복저축은행(사칭)] 무직자,저신용자 환영, 최대 1000만원. 뮨의 010-4911-9201","미등록 대부업 의심, '신용조회 없이' 문구, 무자격자 대상 고액 대출 미끼",신한카드 불법대출광고 유형 안내 페이지 패턴 참고
1831,0,정상,정상,은행정상알림,SMS,"[카카오뱅크] 290,000원 출금되었습니다. 잔액 123만원",해당없음(정상 메시지),일상적으로 발생하는 정상 업무/생활 커뮤니케이션 예시(합성)
1832,1,스팸_사기,악성_해킹시도,공공기관사칭_스미싱,SMS,"[민원#24] 미납 과태료 안내 - 2026년 6월 발생분, 확인: hxxp://traffic-24check-935.kr/3329","실제 정부기관은 개인 URL 링크로 벌금 안내를 하지 않음, 가짜 정부사이트 유도",cashnote 스미싱 총정리(경찰청교통민원24 사칭 유형) 패턴 참고
1833,1,스팸_사기,광고성스팸,불법도박광고,SMS,"🎉 [챔피언벳] 가입머니 5만원 즉시지급! 신규가입시 최대 100만원 지급, 지금 바로 가입 hxxp://챔피언벳-418.top/1715","080 수신거부 번호 없음, 단축/변형 URL, 미신고 도박사이트, 고액 지급 미끼",방통위·KISA 문자스팸 통계(도박 유형 약 40%) 패턴 참고
1834,1,스팸_사기,가짜채용,통장대여_이체알바,SMS,"✅ [재택알바] 본인 명의 계좌만 빌려주시면 건당 ５만원, 이체 심부름 알바 구합니다. 텔레그램으로 연랔주세요 @job480","통장 대여는 전자금융거래법 위반, 텔레그램 등 익명 메신저로만 소통, 실제로는 보이스피싱 자금 세탁에 이용",kbthink 이체알바 사기 안내(통장 대여 시 처벌 규정) 패턴 참고
1835,0,정상,정상,은행정상알림,SMS,"[신한은행] 체크카드 460,000원 승인. 가맹점: 올리브영",해당없음(정상 메시지),일상적으로 발생하는 정상 업무/생활 커뮤니케이션 예시(합성)
1836,0,정상,정상,은행정상알림,SMS,"[국민은행] 21일에 260,000원 자동이체가 예정되어 있습니다",해당없음(정상 메시지),일상적으로 발생하는 정상 업무/생활 커뮤니케이션 예시(합성)
1837,0,정상,정상,은행정상알림,SMS,"[국민은행] 380,000원 출금되었습니다. 잔액 37만원",해당없음(정상 메시지),일상적으로 발생하는 정상 업무/생활 커뮤니케이션 예시(합성)
1838,1,스팸_사기,사기_보이스피싱,소액결제사칭,SMS,"[결제알림] 119,000원 승인 완료. 본인 사용이 아니면 아래 번호로 즉시 연락주세요 1588-6","허위 소액결제 문자로 불안감 조성 후 사기범이 안내하는 번호로 유도, 실제 결제 내역 없음",보안뉴스 경찰청 보이스피싱 사례(허위 소액결제 문자 유형) 패턴 참고
1839,1,스팸_사기,악성_해킹시도,택배사칭_스미싱,SMS,[롯데택배] 송장번호(3176866427) 부재중으로 반송 예정입니다. 확인: hxxp://롯데택배-139.kr/5164,"실제 주문내역 없음, 단축/변형 URL, 클릭 시 악성 앱 설치 유도",이스트시큐리티 알약 블로그·cashnote 스미싱 총정리 패턴 참고
1840,0,정상,정상,은행정상알림,SMS,"[카카오뱅크] 130,000원이 정상 출금되었어요. 잔액은 542만원입니다",해당없음(정상 메시지),일상적으로 발생하는 정상 업무/생활 커뮤니케이션 예시(합성)
1841,1,스팸_사기,광고성스팸,불법도박광고,SMS,"[황금벳] 출석체크 포인트 지급! 신규가입시 최대 100만원 지급, 지금 바로 가입 hxxp://황금벳-756.kr/3326","080 수신거부 번호 없음, 단축/변형 URL, 미신고 도박사이트, 고액 지급 미끼",방통위·KISA 문자스팸 통계(도박 유형 약 40%) 패턴 참고
1842,0,정상,정상,은행정상알림,SMS,"[하나은행] 체크카드 70,000원 사용, 현재 잔액 555만원입니다",해당없음(정상 메시지),일상적으로 발생하는 정상 업무/생활 커뮤니케이션 예시(합성)
1843,0,정상,정상,은행정상알림,SMS,"[토스뱅크] 다가오는 26일, 40,000원이 자동으로 이체됩니다",해당없음(정상 메시지),일상적으로 발생하는 정상 업무/생활 커뮤니케이션 예시(합성)
1844,1,스팸_사기,광고성스팸,불법대출광고,SMS,"[행복저축은행(사칭)] 서류 없이 전화상담만으로 심사, 최대 500만원. 문의 010-5802-9160","미등록 대부업 의심, '신용조회 없이' 문구, 무자격자 대상 고액 대출 미끼",신한카드 불법대출광고 유형 안내 페이지 패턴 참고
1845,1,스팸_사기,악성_해킹시도,공공기관사칭_스미싱,SMS,[경찰청교통민원24] 교통법규위반 사실 확인 통지서가 발송되었습니다(2024년 ３월). 조회: hxxp://traffic-24check-551.net/5524,"실제 정부기관은 개인 URL 링크로 벌금 안내를 하지 않음, 가짜 정부사이트 유도",cashnote 스미싱 총정리(경찰청교통민원24 사칭 유형) 패턴 참고
1846,1,스팸_사기,악성_해킹시도,청첩장_부고장사칭_스미싱,SMS,OOO님의 결혼식에 초대합니다. 모바일 청첩장 화긴하기 hxxp://mcard-invite-250.net/2261,"지인 사칭, 모바일 청첩장/부고장 클릭 유도 후 악성 앱 설치, 실제 지인 확인 불가",cashnote 스미싱 총정리(모바일청첩장 클릭 후 대출 피해) 패턴 참고
1847,1,스팸_사기,사기_투자로맨스,투자리딩방,SMS,"[마스터리딩방] 블록체인마스터스 마스터 리딩방입니다. 전문가가 직접 매수/매도 신호를 드리며, 이번 주 수익률 300% 인증 종목 공개! 지금 무료 입장하세요.","비공식 오픈채팅방 운영, 비현실적 수익률 인증 캡처, 이후 유료방/투자앱 설치 유도",보안뉴스 추석 금융사기 예방 기사(투자리딩방 피해 규모) 패턴 참고
1848,1,스팸_사기,악성_해킹시도,카드발급사칭_스미싱,SMS,🔒 고객님 명의로 우리카드가 신규 발급 신청되었습니다. 본인이 아니라면 즉시 확인 hxxp://card-verify-kr-868.xyz/1951,"신청한 적 없는 카드 발급 안내, 확인을 명목으로 악성 링크 클릭 유도",KB Think 스미싱 대처법 페이지(신청한 적 없는 카드 스미싱) 패턴 참고
1849,0,정상,정상,은행정상알림,SMS,"[하나은행] 정기 자동이체 안내 - 16일 190,000원 출금될 예정이에요",해당없음(정상 메시지),일상적으로 발생하는 정상 업무/생활 커뮤니케이션 예시(합성)
1850,1,스팸_사기,광고성스팸,로또번호_추천광고,SMS,"[복권천재] 이번주 l등 당첨번호 무료공개! 지금까지 3회 연속 적중, 확인은 hxxp://복권천재-748.com/9203","확인 불가능한 당첨 이력 주장, 개인정보 입력 후 유료 결제로 유도하는 경우 많음",나무위키 스팸메일 문서의 로또번호 추천 사이트 광고 유형 참고
1851,0,정상,정상,은행정상알림,SMS,"[카카오뱅크] 체크카드 230,000원 승인. 가맹점: 쿠팡",해당없음(정상 메시지),일상적으로 발생하는 정상 업무/생활 커뮤니케이션 예시(합성)
1852,1,스팸_사기,광고성스팸,불법대출광고,SMS,"🔥 [스마일캐피탈] 서류 없이 전화상담만으로 심사, 최대 l5OO만원. 뮨의 010-9337-5017","미등록 대부업 의심, '신용조회 없이' 문구, 무자격자 대상 고액 대출 미끼",신한카드 불법대출광고 유형 안내 페이지 패턴 참고
1853,1,스팸_사기,가짜채용,현금수거책_고액알바,SMS,단순 심부름 업무로 일당 40만원 드립니다. 대구 인근 지정 장소에서 현금이 든 쇼핑백을 수거해 전달만 하시면 됩니다. 경력/면접 없이 바로 시작 가눙,"비대면 채용, 현금 운반이라는 비정상적 업무, 고액 일당 대비 매우 단순한 업무 내용",정책브리핑·잡플래닛 고액알바 위험성 안내 패턴 참고
1854,1,스팸_사기,악성_해킹시도,공공기관사칭_스미싱,SMS,귀하의 차량이 2025년 9월 교통법규를 위반한 것으로 확인됩니다. 통지서 조회: hxxp://traffic-24check-849.top/9049,"실제 정부기관은 개인 URL 링크로 벌금 안내를 하지 않음, 가짜 정부사이트 유도",cashnote 스미싱 총정리(경찰청교통민원24 사칭 유형) 패턴 참고
1855,1,스팸_사기,가짜채용,통장대여_이체알바,SMS,"[재택알바] 본인 명의 계좌만 빌려주시면 건당 15만원, 이체 심부름 알바 구합니다. 텔레그램으로 연락주세요 @job944 💼","통장 대여는 전자금융거래법 위반, 텔레그램 등 익명 메신저로만 소통, 실제로는 보이스피싱 자금 세탁에 이용",kbthink 이체알바 사기 안내(통장 대여 시 처벌 규정) 패턴 참고
1856,0,정상,정상,은행정상알림,SMS,"[신한은행] 체크카드 500,000원 승인. 가맹점: 29CM",해당없음(정상 메시지),일상적으로 발생하는 정상 업무/생활 커뮤니케이션 예시(합성)
1857,1,스팸_사기,광고성스팸,로또번호_추천광고,SMS,"[로또마스터] 이번주 1등 당첨번호 무료공개! 지금까지 3회 연속 적중, 화긴은 hxxp://로또마스터-481.com/8312","확인 불가능한 당첨 이력 주장, 개인정보 입력 후 유료 결제로 유도하는 경우 많음",나무위키 스팸메일 문서의 로또번호 추천 사이트 광고 유형 참고
1858,0,정상,정상,은행정상알림,SMS,"[국민은행] 자동납부 예정: 19일 130,000원, 잔액을 미리 확인해주세요",해당없음(정상 메시지),일상적으로 발생하는 정상 업무/생활 커뮤니케이션 예시(합성)
1860,0,정상,정상,은행정상알림,SMS,"[토스뱅크] 체크카드 190,000원 승인. 가맹점: 올리브영",해당없음(정상 메시지),일상적으로 발생하는 정상 업무/생활 커뮤니케이션 예시(합성)
1861,1,스팸_사기,악성_해킹시도,택배사칭_스미싱,SMS,[한진택배] 송장번호(5117755568) 부재중으로 반송 예정입니다. 확인: hxxp://한진택배-611.com/9634,"실제 주문내역 없음, 단축/변형 URL, 클릭 시 악성 앱 설치 유도",이스트시큐리티 알약 블로그·cashnote 스미싱 총정리 패턴 참고
1862,0,정상,정상,은행정상알림,SMS,"[토스뱅크] 고객님 계좌에서 40,000원이 출금되었습니다 (잔액 628만원)",해당없음(정상 메시지),일상적으로 발생하는 정상 업무/생활 커뮤니케이션 예시(합성)
1863,0,정상,정상,은행정상알림,SMS,"[국민은행] 체크카드 360,000원 승인. 가맹점: 쿠팡",해당없음(정상 메시지),일상적으로 발생하는 정상 업무/생활 커뮤니케이션 예시(합성)
1866,0,정상,정상,정상택배안내,SMS,[롯데택배] 고객님 상품 배송이 끝났습니다. 송장 조회: 758738122761,해당없음(정상 메시지),일상적으로 발생하는 정상 업무/생활 커뮤니케이션 예시(합성)
1867,1,스팸_사기,사기_보이스피싱,검찰_금감원사칭,SMS,여기는 관할 경찰서입니다. 귀하의 명의로 대포통장이 개설되어 수사가 진행 중입니다. 자산보호를 위해 대출받은 8천만원을 안내하는 안전계좌로 즉시 이체하셔야 합니다.,"검찰·경찰·금감원은 안전계좌 이체를 요구하지 않음, 전화로 수사 고지 및 송금 요구",보안뉴스 경찰청 보이스피싱 최다피해유형 사례(기관사칭형) 패턴 참고
1868,1,스팸_사기,사기_투자로맨스,가짜투자앱유도,SMS,"[VIP리딩방] 오늘 가입자 한정 혜택! 30만원으로 시작, 설치링크 hxxp://invest-vip-app-333.top/8225","공식 앱스토어가 아닌 링크로 앱 설치 유도, 초기 소액 출금으로 신뢰 형성 후 거액 유도",일반적 리딩방-가짜거래소 연계 사기 패턴 참고
1869,1,스팸_사기,광고성스팸,로또번호_추천광고,SMS,"🎉 [로또마스터] 이번주 1등 당첨번호 무료공개! 지금까지 2회 연속 적중, 확인은 hxxp://로또마스터-746.net/5063","확인 불가능한 당첨 이력 주장, 개인정보 입력 후 유료 결제로 유도하는 경우 많음",나무위키 스팸메일 문서의 로또번호 추천 사이트 광고 유형 참고
1870,1,스팸_사기,광고성스팸,로또번호_추천광고,SMS,"🎉 [복권천재] 이번주 1등 당첨번호 무료공개! 지금까지 3회 연속 적중, 화긴은 hxxp://복권천재-56l.top/1821","확인 불가능한 당첨 이력 주장, 개인정보 입력 후 유료 결제로 유도하는 경우 많음",나무위키 스팸메일 문서의 로또번호 추천 사이트 광고 유형 참고
1871,0,정상,정상,은행정상알림,SMS,"[우리은행] 10,000원이 정상 출금되었어요. 잔액은 37만원입니다",해당없음(정상 메시지),일상적으로 발생하는 정상 업무/생활 커뮤니케이션 예시(합성)
1872,1,스팸_사기,사기_보이스피싱,검찰_금감원사칭,SMS,⚠️ 여기는 대검찰청입니다. 귀하의 명의로 대포통장이 개설되어 수사가 진행 중입니다. 자산보호를 위해 대출받은 ５０００만원을 안내하는 안전계좌로 즉시 이체하셔야 합니다.,"검찰·경찰·금감원은 안전계좌 이체를 요구하지 않음, 전화로 수사 고지 및 송금 요구",보안뉴스 경찰청 보이스피싱 최다피해유형 사례(기관사칭형) 패턴 참고
1873,1,스팸_사기,광고성스팸,불법도박광고,SMS,"[코리아벳] 첫충 200% 이벤트! 신규가입시 최대 100만원 지급, 지금 로바 가입 hxxp://코리아벳-396.net/3363","080 수신거부 번호 없음, 단축/변형 URL, 미신고 도박사이트, 고액 지급 미끼",방통위·KISA 문자스팸 통계(도박 유형 약 40%) 패턴 참고
1874,1,스팸_사기,악성_해킹시도,공공기관사칭_스미싱,SMS,교통위반 통지서가 도착했습니다(2026.2). 상세내역 조회: hxxp://traffic-24check-905.net/8652,"실제 정부기관은 개인 URL 링크로 벌금 안내를 하지 않음, 가짜 정부사이트 유도",cashnote 스미싱 총정리(경찰청교통민원24 사칭 유형) 패턴 참고
1875,0,정상,정상,은행정상알림,SMS,"[하나은행] 체크카드 420,000원 승인. 가맹점: 마켓컬리",해당없음(정상 메시지),일상적으로 발생하는 정상 업무/생활 커뮤니케이션 예시(합성)
1876,1,스팸_사기,악성_해킹시도,공공기관사칭_스미싱,SMS,"[민원#24] 미납 과태료 안내 - 2024년 7월 발생분, 확인: hxxp://traffic-24check-679.kr/9654","실제 정부기관은 개인 URL 링크로 벌금 안내를 하지 않음, 가짜 정부사이트 유도",cashnote 스미싱 총정리(경찰청교통민원24 사칭 유형) 패턴 참고
1877,1,스팸_사기,악성_해킹시도,택배사칭_스미싱,SMS,[롯데택배] 송장번호(9732500531) 결제 정보 확인이 필요합니다. 확인: hxxp://롯데택배-805.com/3418,"실제 주문내역 없음, 단축/변형 URL, 클릭 시 악성 앱 설치 유도",이스트시큐리티 알약 블로그·cashnote 스미싱 총정리 패턴 참고
1878,0,정상,정상,은행정상알림,SMS,"[우리은행] 고객님 계좌에서 320,000원이 출금되었습니다 (잔액 878만원)",해당없음(정상 메시지),일상적으로 발생하는 정상 업무/생활 커뮤니케이션 예시(합성)
1879,0,정상,정상,은행정상알림,SMS,"[하나은행] 출금 360,000원 처리되었어요. 남은 잔액은 932만원",해당없음(정상 메시지),일상적으로 발생하는 정상 업무/생활 커뮤니케이션 예시(합성)
1880,1,스팸_사기,사기_보이스피싱,소액결제사칭,SMS,"[승인알림] 683,OOO원 결제가 완료되었습니다. 본인이 아니라면 고객센터로 문의하세요 1588-3186","허위 소액결제 문자로 불안감 조성 후 사기범이 안내하는 번호로 유도, 실제 결제 내역 없음",보안뉴스 경찰청 보이스피싱 사례(허위 소액결제 문자 유형) 패턴 참고
1881,1,스팸_사기,광고성스팸,불법도박광고,SMS,"[로얄카지노] 출석체크 포인트 지급! 신규가입시 최대 150만원 지급, 지금 바로 가입 hxxp://로얄카지노-246.kr/3248","080 수신거부 번호 없음, 단축/변형 URL, 미신고 도박사이트, 고액 지급 미끼",방통위·KISA 문자스팸 통계(도박 유형 약 40%) 패턴 참고
1882,1,스팸_사기,광고성스팸,로또번호_추천광고,SMS,"[1등예측단] 회원님만을 위한 특별 당첨번호, 지금 확인하세요 hxxp://1등예측단-876.xyz/8712","확인 불가능한 당첨 이력 주장, 개인정보 입력 후 유료 결제로 유도하는 경우 많음",나무위키 스팸메일 문서의 로또번호 추천 사이트 광고 유형 참고
1884,1,스팸_사기,광고성스팸,불법도박광고,SMS,"[코리아벳] 출석체크 포인트 지급! 신규가입시 최대 50만원 지급, 지금 바로 가입 hxxp://코리아벳-857.kr/5148","080 수신거부 번호 없음, 단축/변형 URL, 미신고 도박사이트, 고액 지급 미끼",방통위·KISA 문자스팸 통계(도박 유형 약 40%) 패턴 참고
1885,0,정상,정상,정상택배안내,SMS,"[롯데택배] 요청하신 상품, 배송 완료했습니다. 송장 909931718284",해당없음(정상 메시지),일상적으로 발생하는 정상 업무/생활 커뮤니케이션 예시(합성)
1886,0,정상,정상,은행정상알림,SMS,"[국민은행] 체크카드 340,000원 승인. 가맹점: 마켓컬리",해당없음(정상 메시지),일상적으로 발생하는 정상 업무/생활 커뮤니케이션 예시(합성)
1888,1,스팸_사기,악성_해킹시도,카드발급사칭_스미싱,SMS,고객님 명의로 삼성카드가 신규 발급 신청되었습니다. 본인이 아니라면 즉시 확인 hxxp://card-verify-kr-８２７.net/1705,"신청한 적 없는 카드 발급 안내, 확인을 명목으로 악성 링크 클릭 유도",KB Think 스미싱 대처법 페이지(신청한 적 없는 카드 스미싱) 패턴 참고
1889,0,정상,정상,은행정상알림,SMS,"[신한은행] 체크카드 20,000원 승인. 가맹점: 올리브영",해당없음(정상 메시지),일상적으로 발생하는 정상 업무/생활 커뮤니케이션 예시(합성)
1890,1,스팸_사기,사기_보이스피싱,소액결제사칭,SMS,[승인알림] 76만원 결제가 완료되었습니다. 본인이 아니라면 고객센터로 문의하세요 1588-2157,"허위 소액결제 문자로 불안감 조성 후 사기범이 안내하는 번호로 유도, 실제 결제 내역 없음",보안뉴스 경찰청 보이스피싱 사례(허위 소액결제 문자 유형) 패턴 참고
1891,1,스팸_사기,악성_해킹시도,택배사칭_스미싱,SMS,[쿠팡물류센터] 송장번호(3969350552) 부재중으로 반송 예정입니다. 확인: hxxp://쿠팡물류센터-223.net/2738,"실제 주문내역 없음, 단축/변형 URL, 클릭 시 악성 앱 설치 유도",이스트시큐리티 알약 블로그·cashnote 스미싱 총정리 패턴 참고
1892,1,스팸_사기,악성_해킹시도,청첩장_부고장사칭_스미싱,SMS,[초대장 도착] 결혼식 청첩장를 보내드립니다. hxxp://mcard-invite-563.com/9094에서 열어보세요,"지인 사칭, 모바일 청첩장/부고장 클릭 유도 후 악성 앱 설치, 실제 지인 확인 불가",cashnote 스미싱 총정리(모바일청첩장 클릭 후 대출 피해) 패턴 참고
1893,0,정상,정상,은행정상알림,SMS,"[신한은행] 5일 자동이체 220,000원 출금 예정이오니 참고 바랍니다",해당없음(정상 메시지),일상적으로 발생하는 정상 업무/생활 커뮤니케이션 예시(합성)
1894,1,스팸_사기,광고성스팸,로또번호_추천광고,SMS,"[복권천재] 놀라운 적중률! 3회 연속 성공, 이번주도 무료공개 hxxp://복권천재-981.net/1979","확인 불가능한 당첨 이력 주장, 개인정보 입력 후 유료 결제로 유도하는 경우 많음",나무위키 스팸메일 문서의 로또번호 추천 사이트 광고 유형 참고
1895,0,정상,정상,은행정상알림,SMS,"[우리은행] 고객님 계좌에서 210,000원이 출금되었습니다 (잔액 36만원)",해당없음(정상 메시지),일상적으로 발생하는 정상 업무/생활 커뮤니케이션 예시(합성)
1896,1,스팸_사기,광고성스팸,로또번호_추천광고,SMS,"[복권천재] 이번주 l등 당첨번호 무료공개! 지금까지 2회 연속 적중, 확인은 hxxp://복권천재-971.net/2203","확인 불가능한 당첨 이력 주장, 개인정보 입력 후 유료 결제로 유도하는 경우 많음",나무위키 스팸메일 문서의 로또번호 추천 사이트 광고 유형 참고
1897,1,스팸_사기,사기_보이스피싱,소액결제사칭,SMS,[승인알림] 473천원 결제가 완료되었습니다. 본인이 아니라면 고객센터로 문의하세요 1588-2071,"허위 소액결제 문자로 불안감 조성 후 사기범이 안내하는 번호로 유도, 실제 결제 내역 없음",보안뉴스 경찰청 보이스피싱 사례(허위 소액결제 문자 유형) 패턴 참고
1898,1,스팸_사기,사기_투자로맨스,투자리딩방,SMS,"[마스터리딩방] AI퀀트투자연구소 마스터 리딩방입니다. 전문가가 직접 매수/매도 신호를 드리며, 이번 주 수익률 ５００% 인증 종목 공개! 지금 무료 입장하세요.","비공식 오픈채팅방 운영, 비현실적 수익률 인증 캡처, 이후 유료방/투자앱 설치 유도",보안뉴스 추석 금융사기 예방 기사(투자리딩방 피해 규모) 패턴 참고
1899,1,스팸_사기,광고성스팸,로또번호_추천광고,SMS,"[복권천재] AI 분석으로 뽑은 이번주 1등 예상번호 무료 공개, 확인: hxxp://복권천재-727.kr/5297","확인 불가능한 당첨 이력 주장, 개인정보 입력 후 유료 결제로 유도하는 경우 많음",나무위키 스팸메일 문서의 로또번호 추천 사이트 광고 유형 참고
1900,0,정상,정상,은행정상알림,SMS,"[우리은행] 160,000원 출금되었습니다. 잔액 125만원",해당없음(정상 메시지),일상적으로 발생하는 정상 업무/생활 커뮤니케이션 예시(합성)
1901,1,스팸_사기,광고성스팸,불법대출광고,SMS,"[스마일캐피탈] 정부지원 서민대출 사칭, 최대 3천만원. 문의 010-6300-5005","미등록 대부업 의심, '신용조회 없이' 문구, 무자격자 대상 고액 대출 미끼",신한카드 불법대출광고 유형 안내 페이지 패턴 참고
1902,1,스팸_사기,악성_해킹시도,카드발급사칭_스미싱,SMS,고객님 명의로 신한카드가 신규 발급 신청되었습니다. 본인이 아니라면 즉시 확인 hxxp://card-verify-kr-489.net/1207,"신청한 적 없는 카드 발급 안내, 확인을 명목으로 악성 링크 클릭 유도",KB Think 스미싱 대처법 페이지(신청한 적 없는 카드 스미싱) 패턴 참고
1903,1,스팸_사기,악성_해킹시도,택배사칭_스미싱,SMS,[경동택배] 송장번호(5067081391) 주소 불일치로 물품 보관 중입니다. 확인: hxxp://경동택배-664.com/2467,"실제 주문내역 없음, 단축/변형 URL, 클릭 시 악성 앱 설치 유도",이스트시큐리티 알약 블로그·cashnote 스미싱 총정리 패턴 참고
1904,0,정상,정상,은행정상알림,SMS,"[국민은행] 체크카드 230,000원 승인. 가맹점: 29CM",해당없음(정상 메시지),일상적으로 발생하는 정상 업무/생활 커뮤니케이션 예시(합성)
1905,1,스팸_사기,악성_해킹시도,택배사칭_스미싱,SMS,🚨 [롯데택배] 송장번호(1042064311) 배송 지연으로 재배송 신청이 필요합니다. 화긴: hxxp://롯데택배-279.kr/5328,"실제 주문내역 없음, 단축/변형 URL, 클릭 시 악성 앱 설치 유도",이스트시큐리티 알약 블로그·cashnote 스미싱 총정리 패턴 참고
1906,1,스팸_사기,악성_해킹시도,카드발급사칭_스미싱,SMS,고객님 명의로 현대카드가 신규 발급 신청되었습니다. 본인이 아니라면 즉시 확인 hxxp://card-verify-kr-949.top/4611,"신청한 적 없는 카드 발급 안내, 확인을 명목으로 악성 링크 클릭 유도",KB Think 스미싱 대처법 페이지(신청한 적 없는 카드 스미싱) 패턴 참고
1907,1,스팸_사기,사기_보이스피싱,소액결제사칭,SMS,"[결제알림] ４８１,０００원 승인 완료. 본인 사용이 아니면 아래 번호로 즉시 연락주세요 1588-8157","허위 소액결제 문자로 불안감 조성 후 사기범이 안내하는 번호로 유도, 실제 결제 내역 없음",보안뉴스 경찰청 보이스피싱 사례(허위 소액결제 문자 유형) 패턴 참고
1908,0,정상,정상,은행정상알림,SMS,"[하나은행] 출금 340,000원 처리되었어요. 남은 잔액은 469만원",해당없음(정상 메시지),일상적으로 발생하는 정상 업무/생활 커뮤니케이션 예시(합성)
1909,1,스팸_사기,광고성스팸,불법대출광고,SMS,"[국민든든대부] 서류 없이 전화상담만으로 심사, 최대 500만원. 뮨의 010-4163-5559","미등록 대부업 의심, '신용조회 없이' 문구, 무자격자 대상 고액 대출 미끼",신한카드 불법대출광고 유형 안내 페이지 패턴 참고
1910,0,정상,정상,은행정상알림,SMS,"[하나은행] 250,000원 출금되었습니다. 잔액 67만원",해당없음(정상 메시지),일상적으로 발생하는 정상 업무/생활 커뮤니케이션 예시(합성)
1911,0,정상,정상,은행정상알림,SMS,"[우리은행] 440,000원 출금 완료, 잔액 465만원 확인하세요",해당없음(정상 메시지),일상적으로 발생하는 정상 업무/생활 커뮤니케이션 예시(합성)
1912,1,스팸_사기,사기_보이스피싱,소액결제사칭,SMS,"[승인알림] 253,000원 결제가 완료되었습니다. 본인이 아니라면 고객센터로 문의하세요 1588-1337","허위 소액결제 문자로 불안감 조성 후 사기범이 안내하는 번호로 유도, 실제 결제 내역 없음",보안뉴스 경찰청 보이스피싱 사례(허위 소액결제 문자 유형) 패턴 참고
1913,0,정상,정상,은행정상알림,SMS,"[하나은행] 이체 470,000원 출금 처리완료. 잔액 677만원 남았습니다",해당없음(정상 메시지),일상적으로 발생하는 정상 업무/생활 커뮤니케이션 예시(합성)
1914,1,스팸_사기,가짜채용,재택부업_리뷰알바사기,SMS,"✅ 재택으로 상품 리뷰만 작성하면 건당 20,000원! 하루 30분 투자로 월 2OO만원 가눙합니다. 지금 카톡 문의 @easymoney_job","선입금(상품구매 대금 선결제) 요구로 이어지는 경우 多, 비현실적 고수익 강조, 기업 정보 불명확",보안뉴스 추석 금융사기 예방 기사(부업 아르바이트/리뷰알바 사기) 패턴 참고
1915,1,스팸_사기,광고성스팸,불법대출광고,SMS,"🔥 [행복저축은행(사칭)] 카드론 대환 특별상품, 최대 2000만원. 뮨의 010-1642-227l","미등록 대부업 의심, '신용조회 없이' 문구, 무자격자 대상 고액 대출 미끼",신한카드 불법대출광고 유형 안내 페이지 패턴 참고
1916,1,스팸_사기,광고성스팸,로또번호_추천광고,SMS,"[로또마스터] 이번주 1등 당첨번호 무료공개! 지금까지 4회 연속 적중, 화긴은 hxxp://로또마스터-230.top/4521","확인 불가능한 당첨 이력 주장, 개인정보 입력 후 유료 결제로 유도하는 경우 많음",나무위키 스팸메일 문서의 로또번호 추천 사이트 광고 유형 참고
1917,0,정상,정상,학교공지,SMS,[OO초등학교] 6월 4일부터 학부모 상담주간이 시작됩니다. 알림장 앱에서 신청해주세요,해당없음(정상 메시지),일상적으로 발생하는 정상 업무/생활 커뮤니케이션 예시(합성)
1918,1,스팸_사기,광고성스팸,불법대출광고,SMS,"[직장인우대론] 신용조회 없이 당일승인, 최대 3000만원. 뮨의 010-1249-3781","미등록 대부업 의심, '신용조회 없이' 문구, 무자격자 대상 고액 대출 미끼",신한카드 불법대출광고 유형 안내 페이지 패턴 참고
1919,1,스팸_사기,광고성스팸,불법도박광고,SMS,"[챔피언벳] 루징 캐시백 10%! 신규가입시 최대 200만원 지급, 지금 바로 가입 hxxp://챔피언벳-216.top/9412","080 수신거부 번호 없음, 단축/변형 URL, 미신고 도박사이트, 고액 지급 미끼",방통위·KISA 문자스팸 통계(도박 유형 약 40%) 패턴 참고
1920,1,스팸_사기,광고성스팸,로또번호_추천광고,SMS,"[복권천재] 회원님만을 위한 특별 당첨번호, 지금 확인하세요 hxxp://복권천재-６１０.top/5831","확인 불가능한 당첨 이력 주장, 개인정보 입력 후 유료 결제로 유도하는 경우 많음",나무위키 스팸메일 문서의 로또번호 추천 사이트 광고 유형 참고
1921,1,스팸_사기,광고성스팸,불법도박광고,SMS,"[황금벳] 루징 캐시백 10%! 신규가입시 최대 200만원 지급, 지금 바로 가입 hxxp://황금벳-195.net/2929","080 수신거부 번호 없음, 단축/변형 URL, 미신고 도박사이트, 고액 지급 미끼",방통위·KISA 문자스팸 통계(도박 유형 약 40%) 패턴 참고
1922,1,스팸_사기,사기_투자로맨스,가짜투자앱유도,SMS,[VIP리딩방] 제가 알려드린 전용 앱에 가입하시고 10만원부터 넣어보세요. 첫 수익 나면 바로 출금 가능하니 걱정 마세요 :) 앱 설치: hxxp://invest-vip-app-618.kr/3097,"공식 앱스토어가 아닌 링크로 앱 설치 유도, 초기 소액 출금으로 신뢰 형성 후 거액 유도",일반적 리딩방-가짜거래소 연계 사기 패턴 참고
1923,1,스팸_사기,악성_해킹시도,카드발급사칭_스미싱,SMS,고객님 명의로 국민카드가 신규 발급 신청되었습니다. 본인이 아니라면 즉시 확인 hxxp://card-verify-kr-636.net/2828 🔒,"신청한 적 없는 카드 발급 안내, 확인을 명목으로 악성 링크 클릭 유도",KB Think 스미싱 대처법 페이지(신청한 적 없는 카드 스미싱) 패턴 참고
1924,0,정상,정상,은행정상알림,SMS,"[국민은행] 정기 자동이체 안내 - 10일 220,000원 출금될 예정이에요",해당없음(정상 메시지),일상적으로 발생하는 정상 업무/생활 커뮤니케이션 예시(합성)
1925,0,정상,정상,은행정상알림,SMS,"[토스뱅크] 체크카드 310,000원 승인. 가맹점: 쿠팡",해당없음(정상 메시지),일상적으로 발생하는 정상 업무/생활 커뮤니케이션 예시(합성)
1926,1,스팸_사기,광고성스팸,불법대출광고,SMS,"[스마일캐피탈] 정부지원 서민대출 사칭, 최대 2000만원. 문의 010-3033-7143 🔥","미등록 대부업 의심, '신용조회 없이' 문구, 무자격자 대상 고액 대출 미끼",신한카드 불법대출광고 유형 안내 페이지 패턴 참고
1927,1,스팸_사기,가짜채용,현금수거책_고액알바,SMS,단순 심부름 업무로 일당 50만원 드립니다. 부산 인근 지정 장소에서 현금이 든 쇼핑백을 수거해 전달만 하시면 됩니다. 경력/면접 없이 바로 시작 가능,"비대면 채용, 현금 운반이라는 비정상적 업무, 고액 일당 대비 매우 단순한 업무 내용",정책브리핑·잡플래닛 고액알바 위험성 안내 패턴 참고
1928,1,스팸_사기,광고성스팸,불법도박광고,SMS,"[슈퍼토토] 신규회원 콤프 지급! 신규가입시 최대 200만원 지급, 지금 바로 가입 hxxp://슈퍼토토-407.com/6118","080 수신거부 번호 없음, 단축/변형 URL, 미신고 도박사이트, 고액 지급 미끼",방통위·KISA 문자스팸 통계(도박 유형 약 40%) 패턴 참고
1929,1,스팸_사기,악성_해킹시도,청첩장_부고장사칭_스미싱,SMS,OOO님의 결혼식에 초대합니다. 모바일 부고장 화긴하기 hxxp://mcard-invite-889.xyz/7277,"지인 사칭, 모바일 청첩장/부고장 클릭 유도 후 악성 앱 설치, 실제 지인 확인 불가",cashnote 스미싱 총정리(모바일청첩장 클릭 후 대출 피해) 패턴 참고
1930,1,스팸_사기,가짜채용,불법구인_밀폐공간면접,SMS,면접은 저희 사무실이 아니라 근처 카페에서 진행할게요. 채용 확정되면 바로 현금으로 일당 지급해드립니다.,"정식 사업장이 아닌 곳에서 면접 진행, 기업 정보 비공개, 채용플랫폼 정식 절차 회피",동네알바톡 불법구인 안내(밀폐공간/비사업장 면접) 패턴 참고
1931,1,스팸_사기,광고성스팸,불법도박광고,SMS,"[머니라인] 첫충 200% 이벤트! 신규가입시 최대 200만원 지급, 지금 바로 가입 hxxp://머니라인-906.com/2713 🔥","080 수신거부 번호 없음, 단축/변형 URL, 미신고 도박사이트, 고액 지급 미끼",방통위·KISA 문자스팸 통계(도박 유형 약 40%) 패턴 참고
1932,0,정상,정상,은행정상알림,SMS,"[국민은행] 체크카드 220,000원 승인. 가맹점: 29CM",해당없음(정상 메시지),일상적으로 발생하는 정상 업무/생활 커뮤니케이션 예시(합성)
1933,0,정상,정상,은행정상알림,SMS,"[토스뱅크] 50,000원 출금 완료, 잔액 126만원 확인하세요",해당없음(정상 메시지),일상적으로 발생하는 정상 업무/생활 커뮤니케이션 예시(합성)
1934,0,정상,정상,은행정상알림,SMS,"[우리은행] 고객님 계좌에서 100,000원이 출금되었습니다 (잔액 196만원)",해당없음(정상 메시지),일상적으로 발생하는 정상 업무/생활 커뮤니케이션 예시(합성)
1935,1,스팸_사기,광고성스팸,불법도박광고,SMS,"[황금벳] 루징 캐시백 10%! 신규가입시 최대 100만원 지급, 지금 바로 가입 hxxp://황금벳-654.com/4726","080 수신거부 번호 없음, 단축/변형 URL, 미신고 도박사이트, 고액 지급 미끼",방통위·KISA 문자스팸 통계(도박 유형 약 40%) 패턴 참고
1936,1,스팸_사기,광고성스팸,불법도박광고,SMS,"[프리미엄카지노] 출석체크 포인트 지급! 신규가입시 최대 50만원 지급, 지금 바로 가입 hxxp://프리미엄카지노-982.net/3768","080 수신거부 번호 없음, 단축/변형 URL, 미신고 도박사이트, 고액 지급 미끼",방통위·KISA 문자스팸 통계(도박 유형 약 40%) 패턴 참고
1937,0,정상,정상,은행정상알림,SMS,"[카카오뱅크] 체크카드 430,000원 사용, 현재 잔액 425만원입니다",해당없음(정상 메시지),일상적으로 발생하는 정상 업무/생활 커뮤니케이션 예시(합성)
1938,0,정상,정상,은행정상알림,SMS,"[하나은행] 자동납부 예정: 2일 80,000원, 잔액을 미리 확인해주세요",해당없음(정상 메시지),일상적으로 발생하는 정상 업무/생활 커뮤니케이션 예시(합성)
1939,1,스팸_사기,악성_해킹시도,택배사칭_스미싱,SMS,[한진택배] 송장번호(8667658720) 부재중으로 반송 예정입니다. 확인: hxxp://한진택배-312.kr/1327,"실제 주문내역 없음, 단축/변형 URL, 클릭 시 악성 앱 설치 유도",이스트시큐리티 알약 블로그·cashnote 스미싱 총정리 패턴 참고
1940,1,스팸_사기,사기_보이스피싱,가족지인사칭_메신저피싱,SMS,아빠 나 핸드폰이 물에 빠져서 임시폰이야. 확인할 결제내역이 있는데 대신 좀 해줄 수 있어? 신분증이랑 계좌번호도 같이 보내줘,"휴대폰 파손/분실을 핑계로 낯선 번호 사용 설명, 신분증·계좌정보 요구, 화상통화 등 본인확인 회피",banksalad·kbthink 가족사칭 메신저피싱 사례 패턴 참고
1941,1,스팸_사기,악성_해킹시도,청첩장_부고장사칭_스미싱,SMS,결혼식 안내드립니다. 참석 여부와 함께 부고장를 확인해주세요: hxxp://mcard-invite-693.net/6364,"지인 사칭, 모바일 청첩장/부고장 클릭 유도 후 악성 앱 설치, 실제 지인 확인 불가",cashnote 스미싱 총정리(모바일청첩장 클릭 후 대출 피해) 패턴 참고
1942,1,스팸_사기,악성_해킹시도,택배사칭_스미싱,SMS,[CJ대한통운] 송장번호(1327887653) 관세 미납으로 통관이 보류되었습니다. 확인: hxxp://cj대한통운-683.net/6273,"실제 주문내역 없음, 단축/변형 URL, 클릭 시 악성 앱 설치 유도",이스트시큐리티 알약 블로그·cashnote 스미싱 총정리 패턴 참고
1943,0,정상,정상,은행정상알림,SMS,"[우리은행] 6일 자동이체 290,000원 출금 예정이오니 참고 바랍니다",해당없음(정상 메시지),일상적으로 발생하는 정상 업무/생활 커뮤니케이션 예시(합성)
1944,1,스팸_사기,악성_해킹시도,청첩장_부고장사칭_스미싱,SMS,OOO님의 결혼식에 초대합니다. 모바일 청첩장 화긴하기 hxxp://mcard-invite-３７１.top/1316 🚨,"지인 사칭, 모바일 청첩장/부고장 클릭 유도 후 악성 앱 설치, 실제 지인 확인 불가",cashnote 스미싱 총정리(모바일청첩장 클릭 후 대출 피해) 패턴 참고
1945,1,스팸_사기,악성_해킹시도,청첩장_부고장사칭_스미싱,SMS,🚨 OOO님의 장례식에 초대합니다. 모바일 부고장 화긴하기 hxxp://mcard-invite-709.com/４９４９,"지인 사칭, 모바일 청첩장/부고장 클릭 유도 후 악성 앱 설치, 실제 지인 확인 불가",cashnote 스미싱 총정리(모바일청첩장 클릭 후 대출 피해) 패턴 참고
1946,0,정상,정상,은행정상알림,SMS,"[하나은행] 출금 420,000원 처리되었어요. 남은 잔액은 431만원",해당없음(정상 메시지),일상적으로 발생하는 정상 업무/생활 커뮤니케이션 예시(합성)
1948,1,스팸_사기,사기_투자로맨스,가짜투자앱유도,SMS,[VIP리딩방] 이 앱 써보고 후회 안 하실 거예요. 30만원부터 가능 hxxp://invest-vip-app-523.com/9876,"공식 앱스토어가 아닌 링크로 앱 설치 유도, 초기 소액 출금으로 신뢰 형성 후 거액 유도",일반적 리딩방-가짜거래소 연계 사기 패턴 참고
1949,1,스팸_사기,광고성스팸,로또번호_추천광고,SMS,"[복권천재] 이번주 1등 당첨번호 무료공개! 지금까지 2회 연속 적중, 화긴은 hxxp://복권천재-736.xyz/5105","확인 불가능한 당첨 이력 주장, 개인정보 입력 후 유료 결제로 유도하는 경우 많음",나무위키 스팸메일 문서의 로또번호 추천 사이트 광고 유형 참고
1950,1,스팸_사기,광고성스팸,로또번호_추천광고,SMS,"[복권천재] 이번주 1등 당첨번호 무료공개! 지금까지 2회 연속 적중, 화긴은 hxxp://복권천재-556.top/9185","확인 불가능한 당첨 이력 주장, 개인정보 입력 후 유료 결제로 유도하는 경우 많음",나무위키 스팸메일 문서의 로또번호 추천 사이트 광고 유형 참고
1951,0,정상,정상,은행정상알림,SMS,"[신한은행] 체크카드 160,000원 사용, 현재 잔액 864만원입니다",해당없음(정상 메시지),일상적으로 발생하는 정상 업무/생활 커뮤니케이션 예시(합성)
1952,0,정상,정상,은행정상알림,SMS,"[하나은행] 150,000원 출금 완료, 잔액 671만원 확인하세요",해당없음(정상 메시지),일상적으로 발생하는 정상 업무/생활 커뮤니케이션 예시(합성)
1953,1,스팸_사기,광고성스팸,불법도박광고,SMS,"[빅토리벳] 매충 30% 상시지급! 신규가입시 최대 50만원 지급, 지금 바로 가입 hxxp://빅토리벳-191.kr/5489","080 수신거부 번호 없음, 단축/변형 URL, 미신고 도박사이트, 고액 지급 미끼",방통위·KISA 문자스팸 통계(도박 유형 약 40%) 패턴 참고
1954,0,정상,정상,은행정상알림,SMS,"[카카오뱅크] 500,000원이 정상 출금되었어요. 잔액은 629만원입니다",해당없음(정상 메시지),일상적으로 발생하는 정상 업무/생활 커뮤니케이션 예시(합성)
1955,1,스팸_사기,광고성스팸,로또번호_추천광고,SMS,[행운의숫자] 아직도 안 보셨어요? １등 무료번호 공개중 hxxp://행운의숫자-379.net/5478,"확인 불가능한 당첨 이력 주장, 개인정보 입력 후 유료 결제로 유도하는 경우 많음",나무위키 스팸메일 문서의 로또번호 추천 사이트 광고 유형 참고
1956,1,스팸_사기,사기_보이스피싱,소액결제사칭,SMS,"266,000원 결제 승인 문자입니다. 본인이 아니시면 1588-8로 신고해주세요","허위 소액결제 문자로 불안감 조성 후 사기범이 안내하는 번호로 유도, 실제 결제 내역 없음",보안뉴스 경찰청 보이스피싱 사례(허위 소액결제 문자 유형) 패턴 참고
1957,1,스팸_사기,가짜채용,재택부업_리뷰알바사기,SMS,"재택으로 상품 리뷰만 작성하면 건당 25,000원! 하루 30분 투자로 월 200만원 가능합니다. 지금 카톡 문의 @parttime_kr 💼","선입금(상품구매 대금 선결제) 요구로 이어지는 경우 多, 비현실적 고수익 강조, 기업 정보 불명확",보안뉴스 추석 금융사기 예방 기사(부업 아르바이트/리뷰알바 사기) 패턴 참고
1958,1,스팸_사기,악성_해킹시도,청첩장_부고장사칭_스미싱,SMS,[초대장 도착] 장례식 부고장를 보내드립니다. hxxp://mcard-invite-763.xyz/8286에서 열어보세요,"지인 사칭, 모바일 청첩장/부고장 클릭 유도 후 악성 앱 설치, 실제 지인 확인 불가",cashnote 스미싱 총정리(모바일청첩장 클릭 후 대출 피해) 패턴 참고
1959,0,정상,정상,은행정상알림,SMS,"[토스뱅크] 3일 자동이체 140,000원 출금 예정이오니 참고 바랍니다",해당없음(정상 메시지),일상적으로 발생하는 정상 업무/생활 커뮤니케이션 예시(합성)
1960,0,정상,정상,학교공지,SMS,"[OO초등학교] 학부모 상담 신청 안내: 5월 12일, 알림장 앱 이용 바랍니다",해당없음(정상 메시지),일상적으로 발생하는 정상 업무/생활 커뮤니케이션 예시(합성)
1961,0,정상,정상,은행정상알림,SMS,"[신한은행] 190,000원 출금되었습니다. 잔액 740만원",해당없음(정상 메시지),일상적으로 발생하는 정상 업무/생활 커뮤니케이션 예시(합성)
1962,1,스팸_사기,사기_보이스피싱,소액결제사칭,SMS,[승인알림] 22만원 결제가 완료되었습니다. 본인이 아니라면 고객센터로 문의하세요 1588-8594,"허위 소액결제 문자로 불안감 조성 후 사기범이 안내하는 번호로 유도, 실제 결제 내역 없음",보안뉴스 경찰청 보이스피싱 사례(허위 소액결제 문자 유형) 패턴 참고
1963,1,스팸_사기,가짜채용,통장대여_이체알바,SMS,"[재택알바] 본인 명의 계좌만 빌려주시면 건당 15만원, 이체 심부름 알바 구합니다. 텔레그램으로 연락주세요 @job755 💼","통장 대여는 전자금융거래법 위반, 텔레그램 등 익명 메신저로만 소통, 실제로는 보이스피싱 자금 세탁에 이용",kbthink 이체알바 사기 안내(통장 대여 시 처벌 규정) 패턴 참고
1964,0,정상,정상,은행정상알림,SMS,"[신한은행] 체크카드 470,000원 승인. 가맹점: 올리브영",해당없음(정상 메시지),일상적으로 발생하는 정상 업무/생활 커뮤니케이션 예시(합성)
1965,0,정상,정상,은행정상알림,SMS,"[국민은행] 8일 자동이체 310,000원 출금 예정이오니 참고 바랍니다",해당없음(정상 메시지),일상적으로 발생하는 정상 업무/생활 커뮤니케이션 예시(합성)
1966,1,스팸_사기,광고성스팸,불법도박광고,SMS,"[킹스벳] 매충 30% 상시지급! 신규가입시 최대 100만원 지급, 지금 바로 가입 hxxp://킹스벳-643.xyz/9821","080 수신거부 번호 없음, 단축/변형 URL, 미신고 도박사이트, 고액 지급 미끼",방통위·KISA 문자스팸 통계(도박 유형 약 40%) 패턴 참고
1967,0,정상,정상,은행정상알림,SMS,"[신한은행] 자동납부 예정: 28일 70,000원, 잔액을 미리 확인해주세요",해당없음(정상 메시지),일상적으로 발생하는 정상 업무/생활 커뮤니케이션 예시(합성)
1968,1,스팸_사기,광고성스팸,로또번호_추천광고,SMS,"[로또명당] 이번주 1등 당첨번호 무료공개! 지금까지 4회 연속 적중, 화긴은 hxxp://로또명당-400.kr/5385","확인 불가능한 당첨 이력 주장, 개인정보 입력 후 유료 결제로 유도하는 경우 많음",나무위키 스팸메일 문서의 로또번호 추천 사이트 광고 유형 참고
1969,0,정상,정상,은행정상알림,SMS,"[카카오뱅크] 이체 330,000원 출금 처리완료. 잔액 741만원 남았습니다",해당없음(정상 메시지),일상적으로 발생하는 정상 업무/생활 커뮤니케이션 예시(합성)
1970,1,스팸_사기,가짜채용,통장대여_이체알바,SMS,"[재택알바] 본인 명의 계좌만 빌려주시면 건당 8만원, 이체 심부름 알바 구합니다. 텔레그램으로 연락주세요 @job925 ✅","통장 대여는 전자금융거래법 위반, 텔레그램 등 익명 메신저로만 소통, 실제로는 보이스피싱 자금 세탁에 이용",kbthink 이체알바 사기 안내(통장 대여 시 처벌 규정) 패턴 참고
1971,0,정상,정상,은행정상알림,SMS,"[하나은행] 15일에 170,000원 자동이체가 예정되어 있습니다",해당없음(정상 메시지),일상적으로 발생하는 정상 업무/생활 커뮤니케이션 예시(합성)
1972,0,정상,정상,은행정상알림,SMS,"[하나은행] 체크카드 430,000원 승인. 가맹점: 쿠팡",해당없음(정상 메시지),일상적으로 발생하는 정상 업무/생활 커뮤니케이션 예시(합성)
1973,1,스팸_사기,악성_해킹시도,카드발급사칭_스미싱,SMS,고객님 명의로 신한카드가 신규 발급 신청되었습니다. 본인이 아니라면 즉시 확인 hxxp://card-verify-kr-362.xyz/3270 🔒,"신청한 적 없는 카드 발급 안내, 확인을 명목으로 악성 링크 클릭 유도",KB Think 스미싱 대처법 페이지(신청한 적 없는 카드 스미싱) 패턴 참고
1974,1,스팸_사기,광고성스팸,불법대출광고,SMS,"[든든머니대부] 카드론 대환 특별상품, 최대 2000만원. 뮨의 010-1296-7297","미등록 대부업 의심, '신용조회 없이' 문구, 무자격자 대상 고액 대출 미끼",신한카드 불법대출광고 유형 안내 페이지 패턴 참고
1975,1,스팸_사기,악성_해킹시도,택배사칭_스미싱,SMS,[CJ대한통운] 송장번호(4421148315) 주소 불일치로 물품 보관 중입니다. 확인: hxxp://cj대한통운-332.kr/2157,"실제 주문내역 없음, 단축/변형 URL, 클릭 시 악성 앱 설치 유도",이스트시큐리티 알약 블로그·cashnote 스미싱 총정리 패턴 참고
1976,0,정상,정상,은행정상알림,SMS,"[토스뱅크] 체크카드 40,000원 승인. 가맹점: 쿠팡",해당없음(정상 메시지),일상적으로 발생하는 정상 업무/생활 커뮤니케이션 예시(합성)
1977,0,정상,정상,은행정상알림,SMS,"[우리은행] 체크카드 460,000원 승인. 가맹점: 마켓컬리",해당없음(정상 메시지),일상적으로 발생하는 정상 업무/생활 커뮤니케이션 예시(합성)
1978,1,스팸_사기,사기_투자로맨스,가짜투자앱유도,SMS,"[VIP리딩방] 저만 아는 고수익 앱이에요. 30만원으로 시작해보세요, 앱은 여기서: hxxp://invest-vip-app-4lO.xyz/7494","공식 앱스토어가 아닌 링크로 앱 설치 유도, 초기 소액 출금으로 신뢰 형성 후 거액 유도",일반적 리딩방-가짜거래소 연계 사기 패턴 참고
1979,1,스팸_사기,광고성스팸,불법대출광고,SMS,"[든든머니대부] 서류 없이 전화상담만으로 심사, 최대 1000만원. 뮨의 010-5066-9269","미등록 대부업 의심, '신용조회 없이' 문구, 무자격자 대상 고액 대출 미끼",신한카드 불법대출광고 유형 안내 페이지 패턴 참고
1980,1,스팸_사기,광고성스팸,불법도박광고,SMS,"[프리미엄카지노] 출석체크 포인트 지급! 신규가입시 최대 100만원 지급, 지금 바로 가입 hxxp://프리미엄카지노-６９１.net/7613","080 수신거부 번호 없음, 단축/변형 URL, 미신고 도박사이트, 고액 지급 미끼",방통위·KISA 문자스팸 통계(도박 유형 약 40%) 패턴 참고
1981,0,정상,정상,학교공지,SMS,[OO초등학교] 2월 26일부터 학부모 상담주간이 시작됩니다. 알림장 앱에서 신청해주세요,해당없음(정상 메시지),일상적으로 발생하는 정상 업무/생활 커뮤니케이션 예시(합성)
1982,1,스팸_사기,악성_해킹시도,택배사칭_스미싱,SMS,[로젠택배] 송장번호(４４５３９０６８３０) 주소 불일치로 물품 보관 중입니다. 확인: hxxp://로젠택배-845.top/3466,"실제 주문내역 없음, 단축/변형 URL, 클릭 시 악성 앱 설치 유도",이스트시큐리티 알약 블로그·cashnote 스미싱 총정리 패턴 참고
1983,1,스팸_사기,광고성스팸,불법대출광고,SMS,"[국민든든대부] 서류 없이 전화상담만으로 심사, 최대 l5OO만원. 문의 010-4263-8199","미등록 대부업 의심, '신용조회 없이' 문구, 무자격자 대상 고액 대출 미끼",신한카드 불법대출광고 유형 안내 페이지 패턴 참고
1984,1,스팸_사기,광고성스팸,불법대출광고,SMS,"[스마일캐피탈] 정부지원 서민대출 사칭, 최대 5000만원. 문의 010-9077-2479","미등록 대부업 의심, '신용조회 없이' 문구, 무자격자 대상 고액 대출 미끼",신한카드 불법대출광고 유형 안내 페이지 패턴 참고
1985,0,정상,정상,은행정상알림,SMS,"[신한은행] 체크카드 420,000원 승인. 가맹점: 무신사",해당없음(정상 메시지),일상적으로 발생하는 정상 업무/생활 커뮤니케이션 예시(합성)
1986,1,스팸_사기,악성_해킹시도,택배사칭_스미싱,SMS,[CJ대한통운] 송장번호(7424218137) 결제 정보 확인이 필요합니다. 확인: hxxp://cj대한통운-334.kr/2883,"실제 주문내역 없음, 단축/변형 URL, 클릭 시 악성 앱 설치 유도",이스트시큐리티 알약 블로그·cashnote 스미싱 총정리 패턴 참고
1987,1,스팸_사기,사기_보이스피싱,소액결제사칭,SMS,"[승인] 862,000원 사용내역 확인, 본인 결제가 아닐 경우 1588-2570 연락바랍니다","허위 소액결제 문자로 불안감 조성 후 사기범이 안내하는 번호로 유도, 실제 결제 내역 없음",보안뉴스 경찰청 보이스피싱 사례(허위 소액결제 문자 유형) 패턴 참고
1988,0,정상,정상,은행정상알림,SMS,"[국민은행] 자동납부 예정: 7일 440,000원, 잔액을 미리 확인해주세요",해당없음(정상 메시지),일상적으로 발생하는 정상 업무/생활 커뮤니케이션 예시(합성)
1989,1,스팸_사기,광고성스팸,불법도박광고,SMS,"[대박토토] 가입머니 5만원 즉시지급! 신규가입시 최대 100만원 지급, 지금 바로 가입 hxxp://대박토토-865.xyz/6555","080 수신거부 번호 없음, 단축/변형 URL, 미신고 도박사이트, 고액 지급 미끼",방통위·KISA 문자스팸 통계(도박 유형 약 40%) 패턴 참고
1990,0,정상,정상,정상택배안내,SMS,[한진택배] 고객님의 상품이 배송 완료되었습니다. 송장번호: 405279732370,해당없음(정상 메시지),일상적으로 발생하는 정상 업무/생활 커뮤니케이션 예시(합성)
1991,1,스팸_사기,광고성스팸,불법대출광고,SMS,"[믿음저축] 당일 즉시 입금, 최대 3000만원. 문의 010-４４５２-5655","미등록 대부업 의심, '신용조회 없이' 문구, 무자격자 대상 고액 대출 미끼",신한카드 불법대출광고 유형 안내 페이지 패턴 참고
1992,1,스팸_사기,사기_보이스피싱,소액결제사칭,SMS,"227,000원 결제 승인 문자입니다. 본인이 아니시면 1588-9030로 신고해주세요","허위 소액결제 문자로 불안감 조성 후 사기범이 안내하는 번호로 유도, 실제 결제 내역 없음",보안뉴스 경찰청 보이스피싱 사례(허위 소액결제 문자 유형) 패턴 참고
1993,1,스팸_사기,사기_보이스피싱,소액결제사칭,SMS,"[Web발신] 967,000원 결제승인 알림, 부정사용 의심시 1588-1776 문의","허위 소액결제 문자로 불안감 조성 후 사기범이 안내하는 번호로 유도, 실제 결제 내역 없음",보안뉴스 경찰청 보이스피싱 사례(허위 소액결제 문자 유형) 패턴 참고
1994,1,스팸_사기,광고성스팸,로또번호_추천광고,SMS,"🔥 [로또마스터] 이번주 1등 당첨번호 무료공개! 지금까지 4회 연속 적중, 확인은 hxxp://로또마스터-706.com/7224","확인 불가능한 당첨 이력 주장, 개인정보 입력 후 유료 결제로 유도하는 경우 많음",나무위키 스팸메일 문서의 로또번호 추천 사이트 광고 유형 참고
1995,1,스팸_사기,가짜채용,재택부업_리뷰알바사기,SMS,"💼 재택으로 상품 리뷰만 작성하면 건당 10,000원! 하루 30분 투자로 월 300만원 가능합니다. 지금 카톡 문의 @easymoney_job","선입금(상품구매 대금 선결제) 요구로 이어지는 경우 多, 비현실적 고수익 강조, 기업 정보 불명확",보안뉴스 추석 금융사기 예방 기사(부업 아르바이트/리뷰알바 사기) 패턴 참고
1996,1,스팸_사기,광고성스팸,로또번호_추천광고,SMS,"📢 [로또마스터] 이번주 1등 당첨번호 무료공개! 지금까지 2회 연속 적중, 확인은 hxxp://로또마스터-773.com/3376","확인 불가능한 당첨 이력 주장, 개인정보 입력 후 유료 결제로 유도하는 경우 많음",나무위키 스팸메일 문서의 로또번호 추천 사이트 광고 유형 참고
1997,1,스팸_사기,가짜채용,재택부업_리뷰알바사기,SMS,"재택으로 상품 리뷰만 작성하면 건당 12,000원! 하루 3O분 투자로 월 250만원 가능합니다. 지금 카톡 문의 @parttime_kr","선입금(상품구매 대금 선결제) 요구로 이어지는 경우 多, 비현실적 고수익 강조, 기업 정보 불명확",보안뉴스 추석 금융사기 예방 기사(부업 아르바이트/리뷰알바 사기) 패턴 참고
1998,1,스팸_사기,가짜채용,재택부업_리뷰알바사기,SMS,"✅ 재택으로 상품 리뷰만 작성하면 건당 15,000원! 하루 30분 투자로 월 250만원 가능합니다. 지금 카톡 문의 @parttime_kr","선입금(상품구매 대금 선결제) 요구로 이어지는 경우 多, 비현실적 고수익 강조, 기업 정보 불명확",보안뉴스 추석 금융사기 예방 기사(부업 아르바이트/리뷰알바 사기) 패턴 참고
1999,0,정상,정상,은행정상알림,SMS,"[토스뱅크] 승인알림: 40,000원 결제(출금) 완료. 잔여 631만원",해당없음(정상 메시지),일상적으로 발생하는 정상 업무/생활 커뮤니케이션 예시(합성)
2000,1,스팸_사기,광고성스팸,불법도박광고,SMS,"[빅토리벳] 가입머니 5만원 즉시지급! 신규가입시 최대 100만원 지급, 지금 바로 가입 hxxp://빅토리벳-609.net/7456","080 수신거부 번호 없음, 단축/변형 URL, 미신고 도박사이트, 고액 지급 미끼",방통위·KISA 문자스팸 통계(도박 유형 약 40%) 패턴 참고
2001,1,스팸_사기,가짜채용,현금수거책_고액알바,SMS,💼 단순 심부름 업무로 일당 20만원 드립니다. 강남 인근 지정 장소에서 현금이 든 쇼핑백을 수거해 전달만 하시면 됩니다. 경력/면접 없이 바로 시작 가능,"비대면 채용, 현금 운반이라는 비정상적 업무, 고액 일당 대비 매우 단순한 업무 내용",정책브리핑·잡플래닛 고액알바 위험성 안내 패턴 참고
2002,1,스팸_사기,악성_해킹시도,공공기관사칭_스미싱,SMS,[안내#24] 2024년 10월분 교통법규위반이 접수되었습니다. 확인: hxxp://traffic-24check-631.top/7969,"실제 정부기관은 개인 URL 링크로 벌금 안내를 하지 않음, 가짜 정부사이트 유도",cashnote 스미싱 총정리(경찰청교통민원24 사칭 유형) 패턴 참고
2003,0,정상,정상,은행정상알림,SMS,"[하나은행] 자동이체 예정 안내: 28일 430,000원 출금 예정입니다.",해당없음(정상 메시지),일상적으로 발생하는 정상 업무/생활 커뮤니케이션 예시(합성)
2004,1,스팸_사기,악성_해킹시도,택배사칭_스미싱,SMS,[CJ대한통운] 송장번호(2463090846) 관세 미납으로 통관이 보류되었습니다. 확인: hxxp://cj대한통운-347.com/8137,"실제 주문내역 없음, 단축/변형 URL, 클릭 시 악성 앱 설치 유도",이스트시큐리티 알약 블로그·cashnote 스미싱 총정리 패턴 참고
2005,1,스팸_사기,악성_해킹시도,택배사칭_스미싱,SMS,[경동택배] 송장번호(1176880850) 부재중으로 반송 예정입니다. 확인: hxxp://경동택배-380.kr/2928,"실제 주문내역 없음, 단축/변형 URL, 클릭 시 악성 앱 설치 유도",이스트시큐리티 알약 블로그·cashnote 스미싱 총정리 패턴 참고
2007,1,스팸_사기,광고성스팸,불법대출광고,SMS,"[행운대부] 신용조회 없이 당일승인, 최대 5000만원. 문의 010-7554-9998","미등록 대부업 의심, '신용조회 없이' 문구, 무자격자 대상 고액 대출 미끼",신한카드 불법대출광고 유형 안내 페이지 패턴 참고
2008,1,스팸_사기,광고성스팸,로또번호_추천광고,SMS,"[로또명당] AI 분석으로 뽑은 이번주 1등 예상번호 무료 공개, 확인: hxxp://로또명당-220.net/8466","확인 불가능한 당첨 이력 주장, 개인정보 입력 후 유료 결제로 유도하는 경우 많음",나무위키 스팸메일 문서의 로또번호 추천 사이트 광고 유형 참고
2009,0,정상,정상,정상택배안내,SMS,[한진택배] 배송완료! 문 앞을 확인해주세요. 송장 903009503019,해당없음(정상 메시지),일상적으로 발생하는 정상 업무/생활 커뮤니케이션 예시(합성)
2010,0,정상,정상,은행정상알림,SMS,"[우리은행] 체크카드 110,000원 사용, 현재 잔액 215만원입니다",해당없음(정상 메시지),일상적으로 발생하는 정상 업무/생활 커뮤니케이션 예시(합성)
2011,0,정상,정상,은행정상알림,SMS,"[하나은행] 체크카드 190,000원 승인. 가맹점: 마켓컬리",해당없음(정상 메시지),일상적으로 발생하는 정상 업무/생활 커뮤니케이션 예시(합성)
2013,1,스팸_사기,사기_보이스피싱,소액결제사칭,SMS,"[승인알림] 477,OOO원 결제가 완료되었습니다. 본인이 아니라면 고객센터로 문의하세요 1588-1894","허위 소액결제 문자로 불안감 조성 후 사기범이 안내하는 번호로 유도, 실제 결제 내역 없음",보안뉴스 경찰청 보이스피싱 사례(허위 소액결제 문자 유형) 패턴 참고
2014,1,스팸_사기,악성_해킹시도,택배사칭_스미싱,SMS,[한진택배] 송장번호(2679899731) 배송 지연으로 재배송 신청이 필요합니다. 확인: hxxp://한진택배-537.kr/7085,"실제 주문내역 없음, 단축/변형 URL, 클릭 시 악성 앱 설치 유도",이스트시큐리티 알약 블로그·cashnote 스미싱 총정리 패턴 참고
2015,0,정상,정상,정상택배안내,SMS,"[한진택배] 요청하신 상품, 배송 완료했습니다. 송장 745811145967",해당없음(정상 메시지),일상적으로 발생하는 정상 업무/생활 커뮤니케이션 예시(합성)
2016,0,정상,정상,은행정상알림,SMS,"[국민은행] 체크카드 250,000원 승인. 가맹점: 쿠팡",해당없음(정상 메시지),일상적으로 발생하는 정상 업무/생활 커뮤니케이션 예시(합성)
2017,1,스팸_사기,사기_보이스피싱,소액결제사칭,SMS,[승인알림] 762천원 결제가 완료되었습니다. 본인이 아니라면 고객센터로 문의하세요 1588-2370 ⚠️,"허위 소액결제 문자로 불안감 조성 후 사기범이 안내하는 번호로 유도, 실제 결제 내역 없음",보안뉴스 경찰청 보이스피싱 사례(허위 소액결제 문자 유형) 패턴 참고
2018,1,스팸_사기,광고성스팸,로또번호_추천광고,SMS,"[로또마스터] 이번주 1등 당첨번호 무료공개! 지금까지 2회 연속 적중, 확인은 hxxp://로또마스터-433.net/3244 🔥","확인 불가능한 당첨 이력 주장, 개인정보 입력 후 유료 결제로 유도하는 경우 많음",나무위키 스팸메일 문서의 로또번호 추천 사이트 광고 유형 참고
2019,0,정상,정상,은행정상알림,SMS,"[토스뱅크] 9일에 300,000원 자동이체가 예정되어 있습니다",해당없음(정상 메시지),일상적으로 발생하는 정상 업무/생활 커뮤니케이션 예시(합성)
2020,1,스팸_사기,광고성스팸,불법도박광고,SMS,"[코리아벳] 첫충 200% 이벤트! 신규가입시 최대 200만원 지급, 지금 바로 가입 hxxp://코리아벳-832.net/7332 🔥","080 수신거부 번호 없음, 단축/변형 URL, 미신고 도박사이트, 고액 지급 미끼",방통위·KISA 문자스팸 통계(도박 유형 약 40%) 패턴 참고
2021,1,스팸_사기,광고성스팸,불법대출광고,SMS,"📢 [든든머니대부] 신용조회 없이 당일승인, 최대 500만원. 뮨의 OlO-2580-4196","미등록 대부업 의심, '신용조회 없이' 문구, 무자격자 대상 고액 대출 미끼",신한카드 불법대출광고 유형 안내 페이지 패턴 참고
2022,1,스팸_사기,악성_해킹시도,청첩장_부고장사칭_스미싱,SMS,OOO님으로부터 장례식 청첩장가 도착했습니다. 확인: hxxp://mcard-invite-413.kr/2608,"지인 사칭, 모바일 청첩장/부고장 클릭 유도 후 악성 앱 설치, 실제 지인 확인 불가",cashnote 스미싱 총정리(모바일청첩장 클릭 후 대출 피해) 패턴 참고
2023,1,스팸_사기,사기_보이스피싱,택배부재중_ARS사칭,SMS,(ARS) 수취인 부재로 우편물이 반송될 예정입니다. 자세한 사항은 7번을 눌러 상담원과 연결하새요.,우편물/택배 사칭 ARS로 상담원 연결 유도 후 개인정보·금융정보 요구,banksalad 법원등기 보이스피싱 안내 페이지 패턴 참고
2024,0,정상,정상,은행정상알림,SMS,"[토스뱅크] 체크카드 140,000원 승인. 가맹점: 무신사",해당없음(정상 메시지),일상적으로 발생하는 정상 업무/생활 커뮤니케이션 예시(합성)
2025,1,스팸_사기,광고성스팸,불법대출광고,SMS,"[행운대부] 서류 없이 전화상담만으로 심사, 최대 500만원. 문의 010-8938-6230 🔥","미등록 대부업 의심, '신용조회 없이' 문구, 무자격자 대상 고액 대출 미끼",신한카드 불법대출광고 유형 안내 페이지 패턴 참고
2026,0,정상,정상,은행정상알림,SMS,"[토스뱅크] 자동이체 예정 안내: 22일 130,000원 출금 예정입니다.",해당없음(정상 메시지),일상적으로 발생하는 정상 업무/생활 커뮤니케이션 예시(합성)
2027,0,정상,정상,은행정상알림,SMS,"[국민은행] 승인알림: 430,000원 결제(출금) 완료. 잔여 268만원",해당없음(정상 메시지),일상적으로 발생하는 정상 업무/생활 커뮤니케이션 예시(합성)
2028,0,정상,정상,은행정상알림,SMS,"[토스뱅크] 체크카드 80,000원 승인. 가맹점: 무신사",해당없음(정상 메시지),일상적으로 발생하는 정상 업무/생활 커뮤니케이션 예시(합성)
2029,1,스팸_사기,광고성스팸,로또번호_추천광고,SMS,"[1등예측단] 이번주 l등 당첨번호 무료공개! 지금까지 5회 연속 적중, 확인은 hxxp://1등예측단-832.xyz/3888","확인 불가능한 당첨 이력 주장, 개인정보 입력 후 유료 결제로 유도하는 경우 많음",나무위키 스팸메일 문서의 로또번호 추천 사이트 광고 유형 참고
2030,1,스팸_사기,사기_보이스피싱,소액결제사칭,SMS,"[승인알림] 455,000원 결제가 완료되었습니다. 본인이 아니라면 고객센터로 문의하세요 l588-9942","허위 소액결제 문자로 불안감 조성 후 사기범이 안내하는 번호로 유도, 실제 결제 내역 없음",보안뉴스 경찰청 보이스피싱 사례(허위 소액결제 문자 유형) 패턴 참고
2031,0,정상,정상,정상택배안내,SMS,[한진택배] 부재중으로 경비실에 보관중입니다. 자세한 내용은 공식 앱에서 확인하세요.,해당없음(정상 메시지),일상적으로 발생하는 정상 업무/생활 커뮤니케이션 예시(합성)
2032,1,스팸_사기,악성_해킹시도,택배사칭_스미싱,SMS,[경동택배] 송장번호(9648951886) 부재중으로 반송 예정입니다. 확인: hxxp://경동택배-824.xyz/1402,"실제 주문내역 없음, 단축/변형 URL, 클릭 시 악성 앱 설치 유도",이스트시큐리티 알약 블로그·cashnote 스미싱 총정리 패턴 참고
2033,1,스팸_사기,악성_해킹시도,카드발급사칭_스미싱,SMS,고객님 명의로 신한카드가 신규 발급 신청되었습니다. 본인이 아니라면 즉시 확인 hxxp://card-verify-kr-621.top/6206,"신청한 적 없는 카드 발급 안내, 확인을 명목으로 악성 링크 클릭 유도",KB Think 스미싱 대처법 페이지(신청한 적 없는 카드 스미싱) 패턴 참고
2034,0,정상,정상,학교공지,SMS,[OO초등학교] 10월 10일은 학부모 상담주간입니다. 신청은 알림장 앱에서 해주세요.,해당없음(정상 메시지),일상적으로 발생하는 정상 업무/생활 커뮤니케이션 예시(합성)
2035,0,정상,정상,은행정상알림,SMS,"[토스뱅크] 고객님 계좌에서 190,000원이 출금되었습니다 (잔액 703만원)",해당없음(정상 메시지),일상적으로 발생하는 정상 업무/생활 커뮤니케이션 예시(합성)
2036,1,스팸_사기,가짜채용,통장대여_이체알바,SMS,"[재택알바] 본인 명의 계좌만 빌려주시면 건당 10만원, 이체 심부름 알바 구합니다. 텔레그램으로 연락주세요 @job599 💼","통장 대여는 전자금융거래법 위반, 텔레그램 등 익명 메신저로만 소통, 실제로는 보이스피싱 자금 세탁에 이용",kbthink 이체알바 사기 안내(통장 대여 시 처벌 규정) 패턴 참고
2037,1,스팸_사기,광고성스팸,불법도박광고,SMS,"[황금벳] 신규회원 콤프 지급! 신규가입시 최대 50만원 지급, 지금 바로 가입 hxxp://황금벳-833.xyz/7648","080 수신거부 번호 없음, 단축/변형 URL, 미신고 도박사이트, 고액 지급 미끼",방통위·KISA 문자스팸 통계(도박 유형 약 40%) 패턴 참고
2038,0,정상,정상,정상택배안내,SMS,[롯데택배] 고객님의 상품이 배송 완료되었습니다. 송장번호: 380113575937,해당없음(정상 메시지),일상적으로 발생하는 정상 업무/생활 커뮤니케이션 예시(합성)
2039,0,정상,정상,은행정상알림,SMS,"[신한은행] 10일 자동이체 420,000원 출금 예정이오니 참고 바랍니다",해당없음(정상 메시지),일상적으로 발생하는 정상 업무/생활 커뮤니케이션 예시(합성)
2040,0,정상,정상,은행정상알림,SMS,"[하나은행] 체크카드 210,000원 승인. 가맹점: 올리브영",해당없음(정상 메시지),일상적으로 발생하는 정상 업무/생활 커뮤니케이션 예시(합성)
2041,1,스팸_사기,가짜채용,통장대여_이체알바,SMS,"[재택알바] 본인 명의 계좌만 빌려주시면 건당 10만원, 이체 심부름 알바 구합니다. 텔레그램으로 연랔주세요 @job392","통장 대여는 전자금융거래법 위반, 텔레그램 등 익명 메신저로만 소통, 실제로는 보이스피싱 자금 세탁에 이용",kbthink 이체알바 사기 안내(통장 대여 시 처벌 규정) 패턴 참고
2042,1,스팸_사기,광고성스팸,불법도박광고,SMS,"[킹스벳] 첫충 200% 이벤트! 신규가입시 최대 200만원 지급, 지금 바로 가입 hxxp://킹스벳-375.xyz/4566","080 수신거부 번호 없음, 단축/변형 URL, 미신고 도박사이트, 고액 지급 미끼",방통위·KISA 문자스팸 통계(도박 유형 약 40%) 패턴 참고
2043,1,스팸_사기,광고성스팸,불법도박광고,SMS,"[대박토토] 신규회원 콤프 지급! 신규가입시 대최 5O만원 지급, 지금 바로 가입 hxxp://대박토토-515.top/4893 📢","080 수신거부 번호 없음, 단축/변형 URL, 미신고 도박사이트, 고액 지급 미끼",방통위·KISA 문자스팸 통계(도박 유형 약 40%) 패턴 참고
2044,0,정상,정상,은행정상알림,SMS,"[신한은행] 자동이체 예정 안내: 18일 240,000원 출금 예정입니다.",해당없음(정상 메시지),일상적으로 발생하는 정상 업무/생활 커뮤니케이션 예시(합성)
2045,0,정상,정상,은행정상알림,SMS,"[신한은행] 체크카드 450,000원 승인. 가맹점: 쿠팡",해당없음(정상 메시지),일상적으로 발생하는 정상 업무/생활 커뮤니케이션 예시(합성)
2046,0,정상,정상,학교공지,SMS,[OO초등학교] 상담주간 안내드립니다(4월 15일). 알림장 앱으로 신청해주세요,해당없음(정상 메시지),일상적으로 발생하는 정상 업무/생활 커뮤니케이션 예시(합성)
2047,1,스팸_사기,악성_해킹시도,택배사칭_스미싱,SMS,[로젠택배] 송장번호(5570927409) 주소 불일치로 물품 보관 중입니다. 확인: hxxp://로젠택배-437.xyz/3552,"실제 주문내역 없음, 단축/변형 URL, 클릭 시 악성 앱 설치 유도",이스트시큐리티 알약 블로그·cashnote 스미싱 총정리 패턴 참고
2048,0,정상,정상,은행정상알림,SMS,"[토스뱅크] 체크카드 260,000원 승인. 가맹점: 29CM",해당없음(정상 메시지),일상적으로 발생하는 정상 업무/생활 커뮤니케이션 예시(합성)
2049,1,스팸_사기,사기_투자로맨스,가짜투자앱유도,SMS,[VIP리딩방] 검증된 리딩방입니다. 10만원부터 시작해서 수익 인증 보시고 판단하세요 hxxp://invest-vip-app-708.com/8930,"공식 앱스토어가 아닌 링크로 앱 설치 유도, 초기 소액 출금으로 신뢰 형성 후 거액 유도",일반적 리딩방-가짜거래소 연계 사기 패턴 참고
2050,0,정상,정상,은행정상알림,SMS,"[하나은행] 자동납부 예정: 7일 460,000원, 잔액을 미리 확인해주세요",해당없음(정상 메시지),일상적으로 발생하는 정상 업무/생활 커뮤니케이션 예시(합성)
2051,1,스팸_사기,광고성스팸,불법도박광고,SMS,"[황금벳] 출석체크 포인트 지급! 신규가입시 최대 200만원 지급, 지금 바로 가입 hxxp://황금벳-317.top/1254","080 수신거부 번호 없음, 단축/변형 URL, 미신고 도박사이트, 고액 지급 미끼",방통위·KISA 문자스팸 통계(도박 유형 약 40%) 패턴 참고
2052,1,스팸_사기,가짜채용,재택부업_리뷰알바사기,SMS,"재택으로 상품 리뷰만 작성하면 건당 10,000원! 하루 30분 투자로 월 ２００만원 가능합니다. 지금 카톡 문의 @review_job 💼","선입금(상품구매 대금 선결제) 요구로 이어지는 경우 多, 비현실적 고수익 강조, 기업 정보 불명확",보안뉴스 추석 금융사기 예방 기사(부업 아르바이트/리뷰알바 사기) 패턴 참고
2053,1,스팸_사기,악성_해킹시도,공공기관사칭_스미싱,SMS,귀하의 차량이 2025년 9월 교통법규를 위반한 것으로 확인됩니다. 통지서 조회: hxxp://traffic-24check-340.com/7545,"실제 정부기관은 개인 URL 링크로 벌금 안내를 하지 않음, 가짜 정부사이트 유도",cashnote 스미싱 총정리(경찰청교통민원24 사칭 유형) 패턴 참고
2054,1,스팸_사기,악성_해킹시도,카드발급사칭_스미싱,SMS,🔒 고객님 명의로 현대카드가 신규 발급 신청되었습니다. 본인이 아니라면 즉시 확인 hxxp://card-verify-kr-345.kr/6398,"신청한 적 없는 카드 발급 안내, 확인을 명목으로 악성 링크 클릭 유도",KB Think 스미싱 대처법 페이지(신청한 적 없는 카드 스미싱) 패턴 참고
2055,0,정상,정상,은행정상알림,SMS,"[신한은행] 18일에 340,000원 자동이체가 예정되어 있습니다",해당없음(정상 메시지),일상적으로 발생하는 정상 업무/생활 커뮤니케이션 예시(합성)
2056,1,스팸_사기,악성_해킹시도,카드발급사칭_스미싱,SMS,고객님 명의로 우리카드가 신규 발급 신청되었습니다. 본인이 아니라면 즉시 확인 hxxp://card-verify-kr-425.xyz/3871 ⚠️,"신청한 적 없는 카드 발급 안내, 확인을 명목으로 악성 링크 클릭 유도",KB Think 스미싱 대처법 페이지(신청한 적 없는 카드 스미싱) 패턴 참고
2057,0,정상,정상,은행정상알림,SMS,"[신한은행] 110,000원이 정상 출금되었어요. 잔액은 252만원입니다",해당없음(정상 메시지),일상적으로 발생하는 정상 업무/생활 커뮤니케이션 예시(합성)
2058,0,정상,정상,은행정상알림,SMS,"[토스뱅크] 체크카드 10,000원 사용, 현재 잔액 722만원입니다",해당없음(정상 메시지),일상적으로 발생하는 정상 업무/생활 커뮤니케이션 예시(합성)
2060,0,정상,정상,은행정상알림,SMS,"[우리은행] 자동납부 예정: 25일 190,000원, 잔액을 미리 확인해주세요",해당없음(정상 메시지),일상적으로 발생하는 정상 업무/생활 커뮤니케이션 예시(합성)
2061,0,정상,정상,은행정상알림,SMS,"[카카오뱅크] 80,000원 출금 완료, 잔액 847만원 확인하세요",해당없음(정상 메시지),일상적으로 발생하는 정상 업무/생활 커뮤니케이션 예시(합성)
2062,0,정상,정상,은행정상알림,SMS,"[하나은행] 350,000원 출금 완료, 잔액 193만원 확인하세요",해당없음(정상 메시지),일상적으로 발생하는 정상 업무/생활 커뮤니케이션 예시(합성)
2063,0,정상,정상,은행정상알림,SMS,"[우리은행] 체크카드 400,000원 사용, 현재 잔액 218만원입니다",해당없음(정상 메시지),일상적으로 발생하는 정상 업무/생활 커뮤니케이션 예시(합성)
2065,1,스팸_사기,광고성스팸,불법도박광고,SMS,"[머니라인] 첫충 200% 이벤트! 신규가입시 최대 150만원 지급, 지금 바로 가입 hxxp://머니라인-247.top/6797","080 수신거부 번호 없음, 단축/변형 URL, 미신고 도박사이트, 고액 지급 미끼",방통위·KISA 문자스팸 통계(도박 유형 약 40%) 패턴 참고
2066,1,스팸_사기,악성_해킹시도,택배사칭_스미싱,SMS,[한진택배] 송장번호(2788483077) 관세 미납으로 통관이 보류되었습니다. 확인: hxxp://한진택배-781.top/4406,"실제 주문내역 없음, 단축/변형 URL, 클릭 시 악성 앱 설치 유도",이스트시큐리티 알약 블로그·cashnote 스미싱 총정리 패턴 참고
2067,1,스팸_사기,악성_해킹시도,청첩장_부고장사칭_스미싱,SMS,OOO님의 장례식에 초대합니다. 모바일 부고장 확인하기 hxxp://mcard-invite-146.top/2556,"지인 사칭, 모바일 청첩장/부고장 클릭 유도 후 악성 앱 설치, 실제 지인 확인 불가",cashnote 스미싱 총정리(모바일청첩장 클릭 후 대출 피해) 패턴 참고
2068,1,스팸_사기,악성_해킹시도,공공기관사칭_스미싱,SMS,[안내#24] 2026년 12월분 교통법규위반이 접수되었습니다. 확인: hxxp://traffic-24check-902.net/1570,"실제 정부기관은 개인 URL 링크로 벌금 안내를 하지 않음, 가짜 정부사이트 유도",cashnote 스미싱 총정리(경찰청교통민원24 사칭 유형) 패턴 참고
2069,1,스팸_사기,광고성스팸,로또번호_추천광고,SMS,"[로또명당] 이번주 1등 당첨번호 무료공개! 지금까지 4회 연속 적중, 화긴은 hxxp://로또명당-311.net/8600","확인 불가능한 당첨 이력 주장, 개인정보 입력 후 유료 결제로 유도하는 경우 많음",나무위키 스팸메일 문서의 로또번호 추천 사이트 광고 유형 참고
2070,0,정상,정상,은행정상알림,SMS,"[토스뱅크] 다가오는 23일, 300,000원이 자동으로 이체됩니다",해당없음(정상 메시지),일상적으로 발생하는 정상 업무/생활 커뮤니케이션 예시(합성)
2071,0,정상,정상,은행정상알림,SMS,"[신한은행] 체크카드 380,000원 승인. 가맹점: 올리브영",해당없음(정상 메시지),일상적으로 발생하는 정상 업무/생활 커뮤니케이션 예시(합성)
2072,1,스팸_사기,광고성스팸,로또번호_추천광고,SMS,[행운의숫자] 4회 연속 적중 기록 보유! 이번주 번호도 놓치지 마세요 hxxp://행운의숫자-700.xyz/7307,"확인 불가능한 당첨 이력 주장, 개인정보 입력 후 유료 결제로 유도하는 경우 많음",나무위키 스팸메일 문서의 로또번호 추천 사이트 광고 유형 참고
2073,1,스팸_사기,가짜채용,현금수거책_고액알바,SMS,단순 심부름 업무로 일당 50만원 드립니다. 광주 인근 지정 장소에서 현금이 든 쇼핑백을 수거해 전달만 하시면 됩니다. 경력/면접 없이 바로 시작 가눙,"비대면 채용, 현금 운반이라는 비정상적 업무, 고액 일당 대비 매우 단순한 업무 내용",정책브리핑·잡플래닛 고액알바 위험성 안내 패턴 참고
2074,1,스팸_사기,광고성스팸,불법도박광고,SMS,"[로얄카지노] 매충 30% 상시지급! 신규가입시 최대 200만원 지급, 지금 바로 가입 hxxp://로얄카지노-271.xyz/8412","080 수신거부 번호 없음, 단축/변형 URL, 미신고 도박사이트, 고액 지급 미끼",방통위·KISA 문자스팸 통계(도박 유형 약 40%) 패턴 참고
2075,1,스팸_사기,사기_보이스피싱,소액결제사칭,SMS,"[해외결제] 632,000원이 승인되었습니다. 본인 확인 필요 시 １５８８-5890","허위 소액결제 문자로 불안감 조성 후 사기범이 안내하는 번호로 유도, 실제 결제 내역 없음",보안뉴스 경찰청 보이스피싱 사례(허위 소액결제 문자 유형) 패턴 참고
2076,1,스팸_사기,광고성스팸,불법도박광고,SMS,"🔥 [메이저파크] 루징 캐시백 10%! 신규가입시 최대 100만원 지급, 지금 바로 가입 hxxp://메이저파크-992.kr/5068","080 수신거부 번호 없음, 단축/변형 URL, 미신고 도박사이트, 고액 지급 미끼",방통위·KISA 문자스팸 통계(도박 유형 약 40%) 패턴 참고
2077,1,스팸_사기,광고성스팸,불법도박광고,SMS,"[프리미엄카지노] 신규회원 콤프 지급! 신규가입시 최대 100만원 지급, 지금 바로 가입 hxxp://프리미엄카지노-245.net/4268","080 수신거부 번호 없음, 단축/변형 URL, 미신고 도박사이트, 고액 지급 미끼",방통위·KISA 문자스팸 통계(도박 유형 약 40%) 패턴 참고
2078,0,정상,정상,은행정상알림,SMS,"[토스뱅크] 자동이체 예정 안내: 7일 60,000원 출금 예정입니다.",해당없음(정상 메시지),일상적으로 발생하는 정상 업무/생활 커뮤니케이션 예시(합성)
2079,1,스팸_사기,광고성스팸,불법도박광고,SMS,"[머니라인] 신규회원 콤프 지급! 신규가입시 최대 150만원 지급, 지금 바로 가입 hxxp://머니라인-708.com/8270","080 수신거부 번호 없음, 단축/변형 URL, 미신고 도박사이트, 고액 지급 미끼",방통위·KISA 문자스팸 통계(도박 유형 약 40%) 패턴 참고
2080,1,스팸_사기,사기_투자로맨스,가짜투자앱유도,SMS,[VIP리딩방] 제가 알려드린 전용 앱에 가입하시고 50만원부터 넣어보세요. 첫 수익 나면 바로 출금 가능하니 걱정 마세요 :) 앱 설치: hxxp://invest-vip-app-225.net/64O5,"공식 앱스토어가 아닌 링크로 앱 설치 유도, 초기 소액 출금으로 신뢰 형성 후 거액 유도",일반적 리딩방-가짜거래소 연계 사기 패턴 참고
2081,1,스팸_사기,광고성스팸,불법대출광고,SMS,"[국민든든대부] 카드론 대환 특별상품, 최대 1500만원. 문의 010-4214-2790","미등록 대부업 의심, '신용조회 없이' 문구, 무자격자 대상 고액 대출 미끼",신한카드 불법대출광고 유형 안내 페이지 패턴 참고
2082,0,정상,정상,은행정상알림,SMS,"[신한은행] 승인알림: 90,000원 결제(출금) 완료. 잔여 85만원",해당없음(정상 메시지),일상적으로 발생하는 정상 업무/생활 커뮤니케이션 예시(합성)
2083,1,스팸_사기,광고성스팸,불법대출광고,SMS,"[직장인우대론] 서류 없이 전화상담만으로 심사, 최대 2000만원. 뮨의 010-7175-4408","미등록 대부업 의심, '신용조회 없이' 문구, 무자격자 대상 고액 대출 미끼",신한카드 불법대출광고 유형 안내 페이지 패턴 참고
2084,1,스팸_사기,가짜채용,통장대여_이체알바,SMS,"[재택알바] 본인 명의 계좌만 빌려주시면 건당 5만원, 이체 심부름 알바 구합니다. 텔레그램으로 연락주세요 @job505 ✅","통장 대여는 전자금융거래법 위반, 텔레그램 등 익명 메신저로만 소통, 실제로는 보이스피싱 자금 세탁에 이용",kbthink 이체알바 사기 안내(통장 대여 시 처벌 규정) 패턴 참고
2085,1,스팸_사기,사기_투자로맨스,가짜투자앱유도,SMS,"[VIP리딩방] 저만 아는 고수익 앱이에요. 10만원으로 시작해보세요, 앱은 여기서: hxxp://invest-vip-app-8l8.xyz/1400","공식 앱스토어가 아닌 링크로 앱 설치 유도, 초기 소액 출금으로 신뢰 형성 후 거액 유도",일반적 리딩방-가짜거래소 연계 사기 패턴 참고
2086,0,정상,정상,은행정상알림,SMS,"[카카오뱅크] 6일 자동이체 330,000원 출금 예정이오니 참고 바랍니다",해당없음(정상 메시지),일상적으로 발생하는 정상 업무/생활 커뮤니케이션 예시(합성)
2088,1,스팸_사기,광고성스팸,불법대출광고,SMS,"[빠른캐피탈] 정부지원 서민대출 사칭, 최대 ２０００만원. 문의 010-1192-1677","미등록 대부업 의심, '신용조회 없이' 문구, 무자격자 대상 고액 대출 미끼",신한카드 불법대출광고 유형 안내 페이지 패턴 참고
2089,1,스팸_사기,가짜채용,재택부업_리뷰알바사기,SMS,"재택으로 상품 리뷰만 작성하면 건당 l5,OOO원! 하루 30분 투자로 월 250만원 가능합니다. 지금 카톡 문의 @easymoney_job","선입금(상품구매 대금 선결제) 요구로 이어지는 경우 多, 비현실적 고수익 강조, 기업 정보 불명확",보안뉴스 추석 금융사기 예방 기사(부업 아르바이트/리뷰알바 사기) 패턴 참고
2090,0,정상,정상,은행정상알림,SMS,"[신한은행] 출금 180,000원 처리되었어요. 남은 잔액은 272만원",해당없음(정상 메시지),일상적으로 발생하는 정상 업무/생활 커뮤니케이션 예시(합성)
2091,1,스팸_사기,악성_해킹시도,공공기관사칭_스미싱,SMS,귀하의 차량이 2026년 12월 교통법규를 위반한 것으로 확인됩니다. 통지서 조회: hxxp://traffic-24check-960.net/3495,"실제 정부기관은 개인 URL 링크로 벌금 안내를 하지 않음, 가짜 정부사이트 유도",cashnote 스미싱 총정리(경찰청교통민원24 사칭 유형) 패턴 참고
2092,0,정상,정상,정상택배안내,SMS,[우체국택배] 부재중으로 경비실에 보관중입니다. 자세한 내용은 공식 앱에서 확인하세요.,해당없음(정상 메시지),일상적으로 발생하는 정상 업무/생활 커뮤니케이션 예시(합성)
2094,0,정상,정상,은행정상알림,SMS,"[하나은행] 체크카드 420,000원 승인. 가맹점: 올리브영",해당없음(정상 메시지),일상적으로 발생하는 정상 업무/생활 커뮤니케이션 예시(합성)
2095,0,정상,정상,은행정상알림,SMS,"[토스뱅크] 자동납부 예정: 2일 150,000원, 잔액을 미리 확인해주세요",해당없음(정상 메시지),일상적으로 발생하는 정상 업무/생활 커뮤니케이션 예시(합성)
2096,1,스팸_사기,악성_해킹시도,택배사칭_스미싱,SMS,[CJ대한통운] 송장번호(2285526249) 관세 미납으로 통관이 보류되었습니다. 확인: hxxp://cj대한통운-166.kr/5553,"실제 주문내역 없음, 단축/변형 URL, 클릭 시 악성 앱 설치 유도",이스트시큐리티 알약 블로그·cashnote 스미싱 총정리 패턴 참고
2097,0,정상,정상,은행정상알림,SMS,"[신한은행] 체크카드 300,000원 승인. 가맹점: 무신사",해당없음(정상 메시지),일상적으로 발생하는 정상 업무/생활 커뮤니케이션 예시(합성)
2098,0,정상,정상,은행정상알림,SMS,"[토스뱅크] 체크카드 420,000원 승인. 가맹점: 29CM",해당없음(정상 메시지),일상적으로 발생하는 정상 업무/생활 커뮤니케이션 예시(합성)
2099,0,정상,정상,은행정상알림,SMS,"[우리은행] 이체 420,000원 출금 처리완료. 잔액 575만원 남았습니다",해당없음(정상 메시지),일상적으로 발생하는 정상 업무/생활 커뮤니케이션 예시(합성)
2100,1,스팸_사기,악성_해킹시도,공공기관사칭_스미싱,SMS,귀하의 차량이 2024년 10월 교통법규를 위반한 것으로 확인됩니다. 통지서 조회: hxxp://traffic-24check-547.xyz/5614,"실제 정부기관은 개인 URL 링크로 벌금 안내를 하지 않음, 가짜 정부사이트 유도",cashnote 스미싱 총정리(경찰청교통민원24 사칭 유형) 패턴 참고
2101,1,스팸_사기,광고성스팸,로또번호_추천광고,SMS,[로또마스터] 아직도 안 보셨어요? 1등 무료번호 공개중 hxxp://로또마스터-38O.top/1215,"확인 불가능한 당첨 이력 주장, 개인정보 입력 후 유료 결제로 유도하는 경우 많음",나무위키 스팸메일 문서의 로또번호 추천 사이트 광고 유형 참고
2102,1,스팸_사기,악성_해킹시도,카드발급사칭_스미싱,SMS,고객님 명의로 국민카드가 신규 발급 신청되었습니다. 본인이 아니라면 즉시 확인 hxxp://card-verify-kr-402.kr/1266,"신청한 적 없는 카드 발급 안내, 확인을 명목으로 악성 링크 클릭 유도",KB Think 스미싱 대처법 페이지(신청한 적 없는 카드 스미싱) 패턴 참고
2103,1,스팸_사기,가짜채용,현금수거책_고액알바,SMS,단순 심부름 업무로 일당 40만원 드립니다. 부산 인근 지정 장소에서 현금이 든 쇼핑백을 수거해 전달만 하시면 됩니다. 경력/면접 없이 바로 시작 가능,"비대면 채용, 현금 운반이라는 비정상적 업무, 고액 일당 대비 매우 단순한 업무 내용",정책브리핑·잡플래닛 고액알바 위험성 안내 패턴 참고
2104,0,정상,정상,은행정상알림,SMS,"[우리은행] 23일에 60,000원 자동이체가 예정되어 있습니다",해당없음(정상 메시지),일상적으로 발생하는 정상 업무/생활 커뮤니케이션 예시(합성)
2105,1,스팸_사기,가짜채용,통장대여_이체알바,SMS,"[재택알바] 본인 명의 계좌만 빌려주시면 건당 5만원, 이체 심부름 알바 구합니다. 텔레그램으로 연락주세요 @job767 ✅","통장 대여는 전자금융거래법 위반, 텔레그램 등 익명 메신저로만 소통, 실제로는 보이스피싱 자금 세탁에 이용",kbthink 이체알바 사기 안내(통장 대여 시 처벌 규정) 패턴 참고
2106,0,정상,정상,은행정상알림,SMS,"[우리은행] 이체 210,000원 출금 처리완료. 잔액 810만원 남았습니다",해당없음(정상 메시지),일상적으로 발생하는 정상 업무/생활 커뮤니케이션 예시(합성)
2107,1,스팸_사기,악성_해킹시도,카드발급사칭_스미싱,SMS,고객님 명의로 국민카드가 신규 발급 신청되었습니다. 본인이 아니라면 즉시 확인 hxxp://card-verify-kr-339.top/6987 🔒,"신청한 적 없는 카드 발급 안내, 확인을 명목으로 악성 링크 클릭 유도",KB Think 스미싱 대처법 페이지(신청한 적 없는 카드 스미싱) 패턴 참고
2108,1,스팸_사기,악성_해킹시도,택배사칭_스미싱,SMS,[우체국택배] 송장번호(3046499507) 주소 불일치로 물품 보관 중입니다. 확인: hxxp://우체국택배-862.net/8678,"실제 주문내역 없음, 단축/변형 URL, 클릭 시 악성 앱 설치 유도",이스트시큐리티 알약 블로그·cashnote 스미싱 총정리 패턴 참고
2109,0,정상,정상,은행정상알림,SMS,"[토스뱅크] 이체 340,000원 출금 처리완료. 잔액 939만원 남았습니다",해당없음(정상 메시지),일상적으로 발생하는 정상 업무/생활 커뮤니케이션 예시(합성)
2110,1,스팸_사기,악성_해킹시도,카드발급사칭_스미싱,SMS,고객님 명의로 국민카드가 신규 발급 신청되었습니다. 본인이 아니라면 즉시 확인 hxxp://card-verify-kr-302.kr/２９５９,"신청한 적 없는 카드 발급 안내, 확인을 명목으로 악성 링크 클릭 유도",KB Think 스미싱 대처법 페이지(신청한 적 없는 카드 스미싱) 패턴 참고
2111,1,스팸_사기,광고성스팸,불법도박광고,SMS,"[로얄카지노] 가입머니 5만원 즉시지급! 신규가입시 최대 50만원 지급, 지금 바로 가입 hxxp://로얄카지노-285.top/6111","080 수신거부 번호 없음, 단축/변형 URL, 미신고 도박사이트, 고액 지급 미끼",방통위·KISA 문자스팸 통계(도박 유형 약 40%) 패턴 참고
2112,1,스팸_사기,광고성스팸,로또번호_추천광고,SMS,"📢 [로또마스터] 이번주 1등 당첨번호 무료공개! 지금까지 5회 연속 적중, 화긴은 hxxp://로또마스터-258.xyz/3l85","확인 불가능한 당첨 이력 주장, 개인정보 입력 후 유료 결제로 유도하는 경우 많음",나무위키 스팸메일 문서의 로또번호 추천 사이트 광고 유형 참고
2113,1,스팸_사기,광고성스팸,로또번호_추천광고,SMS,"🎉 [로또마스터] 이번주 1등 당첨번호 무료공개! 지금까지 3회 연속 적중, 화긴은 hxxp://로또마스터-５８６.net/9991","확인 불가능한 당첨 이력 주장, 개인정보 입력 후 유료 결제로 유도하는 경우 많음",나무위키 스팸메일 문서의 로또번호 추천 사이트 광고 유형 참고
2114,1,스팸_사기,악성_해킹시도,택배사칭_스미싱,SMS,[CJ대한통운] 송장번호(5014110715) 주소 불일치로 물품 보관 중입니다. 확인: hxxp://cj대한통운-303.top/8698,"실제 주문내역 없음, 단축/변형 URL, 클릭 시 악성 앱 설치 유도",이스트시큐리티 알약 블로그·cashnote 스미싱 총정리 패턴 참고
2116,1,스팸_사기,광고성스팸,불법대출광고,SMS,"[든든머니대부] 무직자,저신용자 환영, 최대 5000만원. 문의 010-6111-1876 🔥","미등록 대부업 의심, '신용조회 없이' 문구, 무자격자 대상 고액 대출 미끼",신한카드 불법대출광고 유형 안내 페이지 패턴 참고
2117,1,스팸_사기,광고성스팸,불법도박광고,SMS,"[챔피언벳] 신규회원 콤프 지급! 신규가입시 최대 50만원 지급, 지금 바로 가입 hxxp://챔피언벳-204.xyz/3478","080 수신거부 번호 없음, 단축/변형 URL, 미신고 도박사이트, 고액 지급 미끼",방통위·KISA 문자스팸 통계(도박 유형 약 40%) 패턴 참고
2119,0,정상,정상,은행정상알림,SMS,"[우리은행] 11일에 240,000원 자동이체가 예정되어 있습니다",해당없음(정상 메시지),일상적으로 발생하는 정상 업무/생활 커뮤니케이션 예시(합성)
2120,1,스팸_사기,사기_보이스피싱,택배부재중_ARS사칭,SMS,⚠️ (ARS) 수취인 부재로 우편물이 반송될 예정입니다. 자세한 사항은 4번을 눌러 상담원과 연결하세요.,우편물/택배 사칭 ARS로 상담원 연결 유도 후 개인정보·금융정보 요구,banksalad 법원등기 보이스피싱 안내 페이지 패턴 참고
2121,0,정상,정상,은행정상알림,SMS,"[하나은행] 체크카드 200,000원 사용, 현재 잔액 97만원입니다",해당없음(정상 메시지),일상적으로 발생하는 정상 업무/생활 커뮤니케이션 예시(합성)
2122,0,정상,정상,정상택배안내,SMS,[한진택배] 택배가 배송 완료되었어요. 송장번호: 420005525731,해당없음(정상 메시지),일상적으로 발생하는 정상 업무/생활 커뮤니케이션 예시(합성)
2123,1,스팸_사기,가짜채용,현금수거책_고액알바,SMS,단순 심부름 업무로 일당 40만원 드립니다. 대전 인근 지정 장소에서 현금이 든 쇼핑백을 수거해 전달만 하시면 됩니다. 경력/면접 없이 바로 시작 가능,"비대면 채용, 현금 운반이라는 비정상적 업무, 고액 일당 대비 매우 단순한 업무 내용",정책브리핑·잡플래닛 고액알바 위험성 안내 패턴 참고
2124,1,스팸_사기,광고성스팸,로또번호_추천광고,SMS,"[복권천재] 이번주 1등 당첨번호 무료공개! 지금까지 4회 연속 적중, 화긴은 hxxp://복권천재-431.kr/4962 🔥","확인 불가능한 당첨 이력 주장, 개인정보 입력 후 유료 결제로 유도하는 경우 많음",나무위키 스팸메일 문서의 로또번호 추천 사이트 광고 유형 참고
2125,0,정상,정상,은행정상알림,SMS,"[신한은행] 정기 자동이체 안내 - 19일 360,000원 출금될 예정이에요",해당없음(정상 메시지),일상적으로 발생하는 정상 업무/생활 커뮤니케이션 예시(합성)
2126,1,스팸_사기,광고성스팸,로또번호_추천광고,SMS,"[1등예측단] AI 분석으로 뽑은 이번주 1등 예상번호 무료 공개, 확인: hxxp://1등예측단-622.net/8940","확인 불가능한 당첨 이력 주장, 개인정보 입력 후 유료 결제로 유도하는 경우 많음",나무위키 스팸메일 문서의 로또번호 추천 사이트 광고 유형 참고
2127,1,스팸_사기,가짜채용,재택부업_리뷰알바사기,SMS,"✅ 재택으로 상품 리뷰만 작성하면 건당 25,000원! 하루 30분 투자로 월 200만원 가능합니다. 지금 카톡 문의 @review_job","선입금(상품구매 대금 선결제) 요구로 이어지는 경우 多, 비현실적 고수익 강조, 기업 정보 불명확",보안뉴스 추석 금융사기 예방 기사(부업 아르바이트/리뷰알바 사기) 패턴 참고
2128,0,정상,정상,은행정상알림,SMS,"[하나은행] 체크카드 90,000원 승인. 가맹점: 29CM",해당없음(정상 메시지),일상적으로 발생하는 정상 업무/생활 커뮤니케이션 예시(합성)
2129,1,스팸_사기,광고성스팸,불법대출광고,SMS,"📢 [새희망대부] 무직자,저신용자 환영, 최대 2000만원. 문의 010-9758-7049","미등록 대부업 의심, '신용조회 없이' 문구, 무자격자 대상 고액 대출 미끼",신한카드 불법대출광고 유형 안내 페이지 패턴 참고
2131,0,정상,정상,은행정상알림,SMS,"[국민은행] 체크카드 500,000원 승인. 가맹점: 29CM",해당없음(정상 메시지),일상적으로 발생하는 정상 업무/생활 커뮤니케이션 예시(합성)
2132,0,정상,정상,은행정상알림,SMS,"[신한은행] 180,000원이 정상 출금되었어요. 잔액은 454만원입니다",해당없음(정상 메시지),일상적으로 발생하는 정상 업무/생활 커뮤니케이션 예시(합성)
2133,1,스팸_사기,광고성스팸,불법도박광고,SMS,"[챔피언벳] 매충 30% 상시지급! 신규가입시 최대 100만원 지급, 지금 바로 가입 hxxp://챔피언벳-431.com/6332","080 수신거부 번호 없음, 단축/변형 URL, 미신고 도박사이트, 고액 지급 미끼",방통위·KISA 문자스팸 통계(도박 유형 약 40%) 패턴 참고
2134,1,스팸_사기,광고성스팸,불법대출광고,SMS,"🎉 [행운대부] 카드론 대환 특별상품, 최대 2000만원. 문의 010-1322-7706","미등록 대부업 의심, '신용조회 없이' 문구, 무자격자 대상 고액 대출 미끼",신한카드 불법대출광고 유형 안내 페이지 패턴 참고
2135,1,스팸_사기,악성_해킹시도,청첩장_부고장사칭_스미싱,SMS,OOO님의 장례식에 초대합니다. 모바일 청첩장 화긴하기 hxxp://mcard-invite-225.com/1272,"지인 사칭, 모바일 청첩장/부고장 클릭 유도 후 악성 앱 설치, 실제 지인 확인 불가",cashnote 스미싱 총정리(모바일청첩장 클릭 후 대출 피해) 패턴 참고
2136,0,정상,정상,정상택배안내,SMS,[한진택배] 주문하신 상품이 안전하게 도착했습니다. (송장번호 798979052259),해당없음(정상 메시지),일상적으로 발생하는 정상 업무/생활 커뮤니케이션 예시(합성)
2137,1,스팸_사기,광고성스팸,불법도박광고,SMS,"[메이저파크] 출석체크 포인트 지급! 신규가입시 최대 150만원 지급, 지금 바로 가입 hxxp://메이저파크-156.xyz/4180","080 수신거부 번호 없음, 단축/변형 URL, 미신고 도박사이트, 고액 지급 미끼",방통위·KISA 문자스팸 통계(도박 유형 약 40%) 패턴 참고
2138,1,스팸_사기,가짜채용,통장대여_이체알바,SMS,"[재택알바] 본인 명의 계좌만 빌려주시면 건당 10만원, 이체 심부름 알바 구합니다. 텔레그램으로 연락주세요 @job291 📋","통장 대여는 전자금융거래법 위반, 텔레그램 등 익명 메신저로만 소통, 실제로는 보이스피싱 자금 세탁에 이용",kbthink 이체알바 사기 안내(통장 대여 시 처벌 규정) 패턴 참고
2139,0,정상,정상,은행정상알림,SMS,"[하나은행] 체크카드 110,000원 승인. 가맹점: 올리브영",해당없음(정상 메시지),일상적으로 발생하는 정상 업무/생활 커뮤니케이션 예시(합성)
2140,0,정상,정상,은행정상알림,SMS,"[국민은행] 체크카드 400,000원 승인. 가맹점: 무신사",해당없음(정상 메시지),일상적으로 발생하는 정상 업무/생활 커뮤니케이션 예시(합성)
2141,0,정상,정상,정상택배안내,SMS,[롯데택배] 택배가 배송 완료되었어요. 송장번호: 920653355465,해당없음(정상 메시지),일상적으로 발생하는 정상 업무/생활 커뮤니케이션 예시(합성)
2142,0,정상,정상,은행정상알림,SMS,"[우리은행] 체크카드 20,000원 승인. 가맹점: 무신사",해당없음(정상 메시지),일상적으로 발생하는 정상 업무/생활 커뮤니케이션 예시(합성)
2144,1,스팸_사기,가짜채용,통장대여_이체알바,SMS,"[재택알바] 본인 명의 계좌만 빌려주시면 건당 15만원, 이체 심부름 알바 구합니다. 텔레그램으로 연락주세요 @job987 ✅","통장 대여는 전자금융거래법 위반, 텔레그램 등 익명 메신저로만 소통, 실제로는 보이스피싱 자금 세탁에 이용",kbthink 이체알바 사기 안내(통장 대여 시 처벌 규정) 패턴 참고
2145,1,스팸_사기,광고성스팸,불법도박광고,SMS,"[킹스벳] 출석체크 포인트 지급! 신규가입시 최대 200만원 지급, 지금 바로 가입 hxxp://킹스벳-163.top/2103","080 수신거부 번호 없음, 단축/변형 URL, 미신고 도박사이트, 고액 지급 미끼",방통위·KISA 문자스팸 통계(도박 유형 약 40%) 패턴 참고
2146,1,스팸_사기,가짜채용,재택부업_리뷰알바사기,SMS,"💼 재택으로 상품 리뷰만 작성하면 건당 12,000원! 하루 30분 투자로 월 200만원 가능합니다. 지금 카톡 문의 @parttime_kr","선입금(상품구매 대금 선결제) 요구로 이어지는 경우 多, 비현실적 고수익 강조, 기업 정보 불명확",보안뉴스 추석 금융사기 예방 기사(부업 아르바이트/리뷰알바 사기) 패턴 참고
2147,1,스팸_사기,악성_해킹시도,카드발급사칭_스미싱,SMS,고객님 명의로 국민카드가 신규 발급 신청되었습니다. 본인이 아니라면 즉시 확인 hxxp://card-verify-kr-118.net/7751,"신청한 적 없는 카드 발급 안내, 확인을 명목으로 악성 링크 클릭 유도",KB Think 스미싱 대처법 페이지(신청한 적 없는 카드 스미싱) 패턴 참고
2148,0,정상,정상,은행정상알림,SMS,"[국민은행] 이체 100,000원 출금 처리완료. 잔액 19만원 남았습니다",해당없음(정상 메시지),일상적으로 발생하는 정상 업무/생활 커뮤니케이션 예시(합성)
2149,1,스팸_사기,광고성스팸,로또번호_추천광고,SMS,"[행운의숫자] 놀라운 적중률! 5회 연속 성공, 이번주도 무료공개 hxxp://행운의숫자-588.net/8417","확인 불가능한 당첨 이력 주장, 개인정보 입력 후 유료 결제로 유도하는 경우 많음",나무위키 스팸메일 문서의 로또번호 추천 사이트 광고 유형 참고
2150,0,정상,정상,은행정상알림,SMS,"[카카오뱅크] 다가오는 18일, 290,000원이 자동으로 이체됩니다",해당없음(정상 메시지),일상적으로 발생하는 정상 업무/생활 커뮤니케이션 예시(합성)
2151,0,정상,정상,은행정상알림,SMS,"[카카오뱅크] 체크카드 430,000원 승인. 가맹점: 무신사",해당없음(정상 메시지),일상적으로 발생하는 정상 업무/생활 커뮤니케이션 예시(합성)
2152,0,정상,정상,은행정상알림,SMS,"[국민은행] 130,000원이 정상 출금되었어요. 잔액은 714만원입니다",해당없음(정상 메시지),일상적으로 발생하는 정상 업무/생활 커뮤니케이션 예시(합성)
2153,0,정상,정상,은행정상알림,SMS,"[토스뱅크] 승인알림: 230,000원 결제(출금) 완료. 잔여 881만원",해당없음(정상 메시지),일상적으로 발생하는 정상 업무/생활 커뮤니케이션 예시(합성)
2155,0,정상,정상,은행정상알림,SMS,"[하나은행] 체크카드 400,000원 승인. 가맹점: 올리브영",해당없음(정상 메시지),일상적으로 발생하는 정상 업무/생활 커뮤니케이션 예시(합성)
2156,1,스팸_사기,악성_해킹시도,카드발급사칭_스미싱,SMS,고객님 명의로 국민카드가 신규 발급 신청되었슴니다. 본인이 아니라면 즉시 확인 hxxp://card-verify-kr-603.xyz/7625,"신청한 적 없는 카드 발급 안내, 확인을 명목으로 악성 링크 클릭 유도",KB Think 스미싱 대처법 페이지(신청한 적 없는 카드 스미싱) 패턴 참고
2157,1,스팸_사기,광고성스팸,불법대출광고,SMS,"[행복저축은행(사칭)] 당일 즉시 입금, 최대 1000만원. 문의 010-5486-9975","미등록 대부업 의심, '신용조회 없이' 문구, 무자격자 대상 고액 대출 미끼",신한카드 불법대출광고 유형 안내 페이지 패턴 참고
2158,1,스팸_사기,악성_해킹시도,청첩장_부고장사칭_스미싱,SMS,OOO님으로부터 결혼식 부고장가 도착했습니다. 확인: hxxp://mcard-invite-227.com/５８５１,"지인 사칭, 모바일 청첩장/부고장 클릭 유도 후 악성 앱 설치, 실제 지인 확인 불가",cashnote 스미싱 총정리(모바일청첩장 클릭 후 대출 피해) 패턴 참고
2159,1,스팸_사기,악성_해킹시도,공공기관사칭_스미싱,SMS,귀하의 차량이 2025년 3월 교통법규를 위반한 것으로 확인됩니다. 통지서 조회: hxxp://traffic-24check-8Ol.com/8383,"실제 정부기관은 개인 URL 링크로 벌금 안내를 하지 않음, 가짜 정부사이트 유도",cashnote 스미싱 총정리(경찰청교통민원24 사칭 유형) 패턴 참고
2161,0,정상,정상,은행정상알림,SMS,"[국민은행] 승인알림: 220,000원 결제(출금) 완료. 잔여 224만원",해당없음(정상 메시지),일상적으로 발생하는 정상 업무/생활 커뮤니케이션 예시(합성)
2162,0,정상,정상,은행정상알림,SMS,"[카카오뱅크] 체크카드 310,000원 승인. 가맹점: 무신사",해당없음(정상 메시지),일상적으로 발생하는 정상 업무/생활 커뮤니케이션 예시(합성)
2163,0,정상,정상,은행정상알림,SMS,"[신한은행] 330,000원이 정상 출금되었어요. 잔액은 847만원입니다",해당없음(정상 메시지),일상적으로 발생하는 정상 업무/생활 커뮤니케이션 예시(합성)
2164,1,스팸_사기,악성_해킹시도,청첩장_부고장사칭_스미싱,SMS,소중한 분의 결혼식 소식을 전해드립니다. 모바일 부고장 링크: hxxp://mcard-invite-365.net/2498,"지인 사칭, 모바일 청첩장/부고장 클릭 유도 후 악성 앱 설치, 실제 지인 확인 불가",cashnote 스미싱 총정리(모바일청첩장 클릭 후 대출 피해) 패턴 참고
2165,1,스팸_사기,악성_해킹시도,택배사칭_스미싱,SMS,[우체국택배] 송장번호(7443434793) 관세 미납으로 통관이 보류되었습니다. 확인: hxxp://우체국택배-963.xyz/8338,"실제 주문내역 없음, 단축/변형 URL, 클릭 시 악성 앱 설치 유도",이스트시큐리티 알약 블로그·cashnote 스미싱 총정리 패턴 참고
2166,1,스팸_사기,광고성스팸,로또번호_추천광고,SMS,"[복권천재] AI 분석으로 뽑은 이번주 1등 예상번호 무료 공개, 확인: hxxp://복권천재-317.com/1854","확인 불가능한 당첨 이력 주장, 개인정보 입력 후 유료 결제로 유도하는 경우 많음",나무위키 스팸메일 문서의 로또번호 추천 사이트 광고 유형 참고
2167,1,스팸_사기,광고성스팸,로또번호_추천광고,SMS,"🔥 [복권천재] 이번주 1등 당첨번호 무료공개! 지금까지 4회 연속 적중, 확인은 hxxp://복권천재-302.net/4491","확인 불가능한 당첨 이력 주장, 개인정보 입력 후 유료 결제로 유도하는 경우 많음",나무위키 스팸메일 문서의 로또번호 추천 사이트 광고 유형 참고
2168,1,스팸_사기,사기_보이스피싱,가족지인사칭_메신저피싱,SMS,딸 나 폰이 고장나서 대리점 임시폰이라 임시폰이야. 확인할 결제내역이 있는데 대신 좀 해줄 수 있어? 신분증이랑 계좌번호도 같이 보내줘,"휴대폰 파손/분실을 핑계로 낯선 번호 사용 설명, 신분증·계좌정보 요구, 화상통화 등 본인확인 회피",banksalad·kbthink 가족사칭 메신저피싱 사례 패턴 참고
2169,1,스팸_사기,광고성스팸,불법도박광고,SMS,"[코리아벳] 신규회원 콤프 지급! 신규가입시 최대 150만원 지급, 금지 바로 가입 hxxp://코리아벳-810.com/7176","080 수신거부 번호 없음, 단축/변형 URL, 미신고 도박사이트, 고액 지급 미끼",방통위·KISA 문자스팸 통계(도박 유형 약 40%) 패턴 참고
2170,0,정상,정상,은행정상알림,SMS,"[카카오뱅크] 체크카드 480,000원 승인. 가맹점: 쿠팡",해당없음(정상 메시지),일상적으로 발생하는 정상 업무/생활 커뮤니케이션 예시(합성)
2171,0,정상,정상,은행정상알림,SMS,"[하나은행] 4일에 340,000원 자동이체가 예정되어 있습니다",해당없음(정상 메시지),일상적으로 발생하는 정상 업무/생활 커뮤니케이션 예시(합성)
2172,0,정상,정상,은행정상알림,SMS,"[토스뱅크] 체크카드 400,000원 승인. 가맹점: 쿠팡",해당없음(정상 메시지),일상적으로 발생하는 정상 업무/생활 커뮤니케이션 예시(합성)
2173,0,정상,정상,은행정상알림,SMS,"[우리은행] 출금 350,000원 처리되었어요. 남은 잔액은 334만원",해당없음(정상 메시지),일상적으로 발생하는 정상 업무/생활 커뮤니케이션 예시(합성)
2174,1,스팸_사기,사기_투자로맨스,가짜투자앱유도,SMS,[VIP리딩방] 제가 알려드린 전용 앱에 가입하시고 50만원부터 넣어보세요. 첫 수익 나면 바로 출금 가능하니 걱정 마세요 :) 앱 설치: hxxp://invest-vip-app-418.xyz/４２７８,"공식 앱스토어가 아닌 링크로 앱 설치 유도, 초기 소액 출금으로 신뢰 형성 후 거액 유도",일반적 리딩방-가짜거래소 연계 사기 패턴 참고
2175,0,정상,정상,은행정상알림,SMS,"[카카오뱅크] 290,000원 출금 완료, 잔액 495만원 확인하세요",해당없음(정상 메시지),일상적으로 발생하는 정상 업무/생활 커뮤니케이션 예시(합성)
2176,1,스팸_사기,광고성스팸,불법대출광고,SMS,"[국민든든대부] 무직자,저신용자 환영, 최대 2천만원. 뮨의 010-8145-9840 🔥","미등록 대부업 의심, '신용조회 없이' 문구, 무자격자 대상 고액 대출 미끼",신한카드 불법대출광고 유형 안내 페이지 패턴 참고
2177,0,정상,정상,은행정상알림,SMS,"[우리은행] 체크카드 400,000원 승인. 가맹점: 쿠팡",해당없음(정상 메시지),일상적으로 발생하는 정상 업무/생활 커뮤니케이션 예시(합성)
2178,0,정상,정상,은행정상알림,SMS,"[토스뱅크] 350,000원 출금되었습니다. 잔액 24만원",해당없음(정상 메시지),일상적으로 발생하는 정상 업무/생활 커뮤니케이션 예시(합성)
2179,1,스팸_사기,광고성스팸,불법도박광고,SMS,"[빅토리벳] 첫충 200% 이벤트! 신규가입시 최대 100만원 지급, 지금 바로 가입 hxxp://빅토리벳-502.net/6147","080 수신거부 번호 없음, 단축/변형 URL, 미신고 도박사이트, 고액 지급 미끼",방통위·KISA 문자스팸 통계(도박 유형 약 40%) 패턴 참고
2180,1,스팸_사기,악성_해킹시도,청첩장_부고장사칭_스미싱,SMS,OOO님의 결혼식에 초대합니다. 모바일 부고장 화긴하기 hxxp://mcard-invite-783.kr/4081,"지인 사칭, 모바일 청첩장/부고장 클릭 유도 후 악성 앱 설치, 실제 지인 확인 불가",cashnote 스미싱 총정리(모바일청첩장 클릭 후 대출 피해) 패턴 참고
2181,1,스팸_사기,사기_보이스피싱,소액결제사칭,SMS,"[결제알림] 440,000원 승인 완료. 본인 사용이 아니면 아래 번호로 즉시 연락주세요 1588-5422","허위 소액결제 문자로 불안감 조성 후 사기범이 안내하는 번호로 유도, 실제 결제 내역 없음",보안뉴스 경찰청 보이스피싱 사례(허위 소액결제 문자 유형) 패턴 참고
2182,1,스팸_사기,가짜채용,재택부업_리뷰알바사기,SMS,"📋 재택으로 상품 리뷰만 작성하면 건당 15,000원! 하루 30분 투자로 월 150만원 가능합니다. 지금 카톡 문의 @homework_job","선입금(상품구매 대금 선결제) 요구로 이어지는 경우 多, 비현실적 고수익 강조, 기업 정보 불명확",보안뉴스 추석 금융사기 예방 기사(부업 아르바이트/리뷰알바 사기) 패턴 참고
2183,1,스팸_사기,광고성스팸,불법도박광고,SMS,"[로얄카지노] 루징 캐시백 10%! 신규가입시 최대 150만원 지급, 지금 바로 가입 hxxp://로얄카지노-876.top/6222","080 수신거부 번호 없음, 단축/변형 URL, 미신고 도박사이트, 고액 지급 미끼",방통위·KISA 문자스팸 통계(도박 유형 약 40%) 패턴 참고
2184,1,스팸_사기,악성_해킹시도,카드발급사칭_스미싱,SMS,고객님 명의로 우리카드가 신규 발급 신청되었슴니다. 본인이 아니라면 즉시 확인 hxxp://card-verify-kr-818.net/8682 🔒,"신청한 적 없는 카드 발급 안내, 확인을 명목으로 악성 링크 클릭 유도",KB Think 스미싱 대처법 페이지(신청한 적 없는 카드 스미싱) 패턴 참고
2186,1,스팸_사기,광고성스팸,불법도박광고,SMS,"[코리아벳] 첫충 200% 이벤트! 신규가입시 최대 200만원 지급, 지금 바로 가입 hxxp://코리아벳-661.net/2036","080 수신거부 번호 없음, 단축/변형 URL, 미신고 도박사이트, 고액 지급 미끼",방통위·KISA 문자스팸 통계(도박 유형 약 40%) 패턴 참고
2187,0,정상,정상,은행정상알림,SMS,"[우리은행] 자동이체 예정 안내: 5일 230,000원 출금 예정입니다.",해당없음(정상 메시지),일상적으로 발생하는 정상 업무/생활 커뮤니케이션 예시(합성)
2188,1,스팸_사기,사기_투자로맨스,투자리딩방,SMS,"[마스터리딩방] 블록체인마스터스 마스터 리딩방입니다. 전문가가 직접 매수/매도 신호를 드리며, 이번 주 수익률 200% 인증 종목 공개! 지금 무료 입장하새요.","비공식 오픈채팅방 운영, 비현실적 수익률 인증 캡처, 이후 유료방/투자앱 설치 유도",보안뉴스 추석 금융사기 예방 기사(투자리딩방 피해 규모) 패턴 참고
2189,1,스팸_사기,광고성스팸,불법도박광고,SMS,"[킹스벳] 루징 캐시백 10%! 신규가입시 최대 200만원 지급, 지금 바로 가입 hxxp://킹스벳-719.kr/8495","080 수신거부 번호 없음, 단축/변형 URL, 미신고 도박사이트, 고액 지급 미끼",방통위·KISA 문자스팸 통계(도박 유형 약 40%) 패턴 참고
2190,0,정상,정상,은행정상알림,SMS,"[신한은행] 자동납부 예정: 16일 190,000원, 잔액을 미리 확인해주세요",해당없음(정상 메시지),일상적으로 발생하는 정상 업무/생활 커뮤니케이션 예시(합성)
2191,1,스팸_사기,악성_해킹시도,카드발급사칭_스미싱,SMS,고객님 명의로 현대카드가 신규 발급 신청되었습니다. 본인이 아니라면 즉시 확인 hxxp://card-verify-kr-39O.net/9269,"신청한 적 없는 카드 발급 안내, 확인을 명목으로 악성 링크 클릭 유도",KB Think 스미싱 대처법 페이지(신청한 적 없는 카드 스미싱) 패턴 참고
2192,0,정상,정상,은행정상알림,SMS,"[신한은행] 체크카드 80,000원 승인. 가맹점: 29CM",해당없음(정상 메시지),일상적으로 발생하는 정상 업무/생활 커뮤니케이션 예시(합성)
2193,1,스팸_사기,사기_보이스피싱,소액결제사칭,SMS,"[해외결제] 737,000원이 승인되었습니다. 본인 확인 필요 시 1588-8124","허위 소액결제 문자로 불안감 조성 후 사기범이 안내하는 번호로 유도, 실제 결제 내역 없음",보안뉴스 경찰청 보이스피싱 사례(허위 소액결제 문자 유형) 패턴 참고
2194,1,스팸_사기,악성_해킹시도,청첩장_부고장사칭_스미싱,SMS,OOO님의 결혼식에 초대합니다. 모바일 부고장 화긴하기 hxxp://mcard-invite-540.com/4038,"지인 사칭, 모바일 청첩장/부고장 클릭 유도 후 악성 앱 설치, 실제 지인 확인 불가",cashnote 스미싱 총정리(모바일청첩장 클릭 후 대출 피해) 패턴 참고
2195,1,스팸_사기,악성_해킹시도,택배사칭_스미싱,SMS,[CJ대한통운] 송장번호(3706267411) 부재중으로 반송 예정입니다. 확인: hxxp://cj대한통운-215.net/3654,"실제 주문내역 없음, 단축/변형 URL, 클릭 시 악성 앱 설치 유도",이스트시큐리티 알약 블로그·cashnote 스미싱 총정리 패턴 참고
2196,1,스팸_사기,광고성스팸,로또번호_추천광고,SMS,"[행운의숫자] 이번주 1등 당첨번호 무료공개! 지금까지 3회 연속 적중, 확인은 hxxp://행운의숫자-840.kr/９５５５","확인 불가능한 당첨 이력 주장, 개인정보 입력 후 유료 결제로 유도하는 경우 많음",나무위키 스팸메일 문서의 로또번호 추천 사이트 광고 유형 참고
2197,1,스팸_사기,사기_보이스피싱,소액결제사칭,SMS,"⚠️ [승인알림] 7l8,OOO원 결제가 완료되었습니다. 본인이 아니라면 고객센터로 문의하세요 1588-2517","허위 소액결제 문자로 불안감 조성 후 사기범이 안내하는 번호로 유도, 실제 결제 내역 없음",보안뉴스 경찰청 보이스피싱 사례(허위 소액결제 문자 유형) 패턴 참고
2198,1,스팸_사기,광고성스팸,불법대출광고,SMS,"[국민든든대부] 카드론 대환 특별상품, 최대 5000만원. 문의 010-3645-９４５９","미등록 대부업 의심, '신용조회 없이' 문구, 무자격자 대상 고액 대출 미끼",신한카드 불법대출광고 유형 안내 페이지 패턴 참고
2199,1,스팸_사기,사기_보이스피싱,소액결제사칭,SMS,"374,000원 결제 승인 문자입니다. 본인이 아니시면 1588-1471로 신고해주세요","허위 소액결제 문자로 불안감 조성 후 사기범이 안내하는 번호로 유도, 실제 결제 내역 없음",보안뉴스 경찰청 보이스피싱 사례(허위 소액결제 문자 유형) 패턴 참고
2201,1,스팸_사기,사기_보이스피싱,검찰_금감원사칭,SMS,여기는 서울중앙지검입니다. 귀하의 명의로 대포통장이 개설되어 수사가 진행 중입니다. 자산보호를 위해 대출받은 8000만원을 안내하는 안전계좌로 즉시 이체하셔야 합니다. ⚠️,"검찰·경찰·금감원은 안전계좌 이체를 요구하지 않음, 전화로 수사 고지 및 송금 요구",보안뉴스 경찰청 보이스피싱 최다피해유형 사례(기관사칭형) 패턴 참고
2202,1,스팸_사기,악성_해킹시도,카드발급사칭_스미싱,SMS,고객님 명의로 신한카드가 신규 발급 신청되었슴니다. 본인이 아니라면 즉시 확인 hxxp://card-verify-kr-344.top/4936,"신청한 적 없는 카드 발급 안내, 확인을 명목으로 악성 링크 클릭 유도",KB Think 스미싱 대처법 페이지(신청한 적 없는 카드 스미싱) 패턴 참고
2203,0,정상,정상,은행정상알림,SMS,"[우리은행] 체크카드 20,000원 승인. 가맹점: 올리브영",해당없음(정상 메시지),일상적으로 발생하는 정상 업무/생활 커뮤니케이션 예시(합성)
2204,1,스팸_사기,악성_해킹시도,공공기관사칭_스미싱,SMS,[경찰청교통민원24] 교통법규위반 사실 확인 통지서가 발송되었습니다(2026년 7월). 조회: hxxp://traffic-24check-978.top/5255,"실제 정부기관은 개인 URL 링크로 벌금 안내를 하지 않음, 가짜 정부사이트 유도",cashnote 스미싱 총정리(경찰청교통민원24 사칭 유형) 패턴 참고
2205,0,정상,정상,정상택배안내,SMS,[CJ대한통운] 고객님 상품 배송이 끝났습니다. 송장 조회: 468847997971,해당없음(정상 메시지),일상적으로 발생하는 정상 업무/생활 커뮤니케이션 예시(합성)
2206,1,스팸_사기,사기_보이스피싱,소액결제사칭,SMS,"[Web발신] ５３６,０００원 결제승인 알림, 부정사용 의심시 1588-2127 문의","허위 소액결제 문자로 불안감 조성 후 사기범이 안내하는 번호로 유도, 실제 결제 내역 없음",보안뉴스 경찰청 보이스피싱 사례(허위 소액결제 문자 유형) 패턴 참고
2207,0,정상,정상,은행정상알림,SMS,"[카카오뱅크] 고객님 계좌에서 440,000원이 출금되었습니다 (잔액 816만원)",해당없음(정상 메시지),일상적으로 발생하는 정상 업무/생활 커뮤니케이션 예시(합성)
2209,1,스팸_사기,사기_보이스피싱,소액결제사칭,SMS,"[승인알림] 799,000원 결제가 완료되었습니다. 본인이 아니라면 고객센터로 문의하세요 1588-4034","허위 소액결제 문자로 불안감 조성 후 사기범이 안내하는 번호로 유도, 실제 결제 내역 없음",보안뉴스 경찰청 보이스피싱 사례(허위 소액결제 문자 유형) 패턴 참고
2210,1,스팸_사기,광고성스팸,불법도박광고,SMS,"[머니라인] 매충 30% 상시지급! 신규가입시 최대 １００만원 지급, 지금 바로 가입 hxxp://머니라인-487.kr/1068","080 수신거부 번호 없음, 단축/변형 URL, 미신고 도박사이트, 고액 지급 미끼",방통위·KISA 문자스팸 통계(도박 유형 약 40%) 패턴 참고
2211,1,스팸_사기,광고성스팸,불법대출광고,SMS,"[행운대부] 서류 없이 전화상담만으로 심사, 최대 1500만원. 문의 010-7981-４０４５","미등록 대부업 의심, '신용조회 없이' 문구, 무자격자 대상 고액 대출 미끼",신한카드 불법대출광고 유형 안내 페이지 패턴 참고
2212,0,정상,정상,정상택배안내,SMS,[롯데택배] 고객님 상품 배송이 끝났습니다. 송장 조회: 632042425866,해당없음(정상 메시지),일상적으로 발생하는 정상 업무/생활 커뮤니케이션 예시(합성)
2213,1,스팸_사기,광고성스팸,불법도박광고,SMS,"[챔피언벳] 매충 30% 상시지급! 신규가입시 최대 150만원 지급, 지금 바로 가입 hxxp://챔피언벳-867.xyz/7835","080 수신거부 번호 없음, 단축/변형 URL, 미신고 도박사이트, 고액 지급 미끼",방통위·KISA 문자스팸 통계(도박 유형 약 40%) 패턴 참고
2215,1,스팸_사기,광고성스팸,불법대출광고,SMS,"📢 [행복저축은행(사칭)] 무직자,저신용자 환영, 최대 1500만원. 문의 010-4101-5238","미등록 대부업 의심, '신용조회 없이' 문구, 무자격자 대상 고액 대출 미끼",신한카드 불법대출광고 유형 안내 페이지 패턴 참고
2216,0,정상,정상,은행정상알림,SMS,"[토스뱅크] 310,000원 출금 완료, 잔액 891만원 확인하세요",해당없음(정상 메시지),일상적으로 발생하는 정상 업무/생활 커뮤니케이션 예시(합성)
2218,0,정상,정상,학교공지,SMS,[OO초등학교] 4월 11일은 학부모 상담주간입니다. 신청은 알림장 앱에서 해주세요.,해당없음(정상 메시지),일상적으로 발생하는 정상 업무/생활 커뮤니케이션 예시(합성)
2219,1,스팸_사기,사기_보이스피싱,소액결제사칭,SMS,"637,000원 결제 승인 문자입니다. 본인이 아니시면 1588-3159로 신고해주세요","허위 소액결제 문자로 불안감 조성 후 사기범이 안내하는 번호로 유도, 실제 결제 내역 없음",보안뉴스 경찰청 보이스피싱 사례(허위 소액결제 문자 유형) 패턴 참고
2220,1,스팸_사기,광고성스팸,로또번호_추천광고,SMS,"[행운의숫자] 이번주 l등 당첨번호 무료공개! 지금까지 5회 연속 적중, 화긴은 hxxp://행운의숫자-282.net/6447 📢","확인 불가능한 당첨 이력 주장, 개인정보 입력 후 유료 결제로 유도하는 경우 많음",나무위키 스팸메일 문서의 로또번호 추천 사이트 광고 유형 참고
2221,0,정상,정상,정상택배안내,SMS,"[한진택배] 요청하신 상품, 배송 완료했습니다. 송장 314104599437",해당없음(정상 메시지),일상적으로 발생하는 정상 업무/생활 커뮤니케이션 예시(합성)
2222,0,정상,정상,은행정상알림,SMS,"[카카오뱅크] 23일에 340,000원 자동이체가 예정되어 있습니다",해당없음(정상 메시지),일상적으로 발생하는 정상 업무/생활 커뮤니케이션 예시(합성)
2223,1,스팸_사기,악성_해킹시도,카드발급사칭_스미싱,SMS,고객님 명의로 우리카드가 신규 발급 신청되었습니다. 본인이 아니라면 즉시 확인 hxxp://card-verify-kr-682.net/l387,"신청한 적 없는 카드 발급 안내, 확인을 명목으로 악성 링크 클릭 유도",KB Think 스미싱 대처법 페이지(신청한 적 없는 카드 스미싱) 패턴 참고
2224,1,스팸_사기,광고성스팸,불법대출광고,SMS,"[케이캐시대부] 정부지원 서민대출 사칭, 최대 3000만원. 문의 010-3544-8377 📢","미등록 대부업 의심, '신용조회 없이' 문구, 무자격자 대상 고액 대출 미끼",신한카드 불법대출광고 유형 안내 페이지 패턴 참고
2225,1,스팸_사기,사기_투자로맨스,가짜투자앱유도,SMS,"[VIP리딩방] 소액 30만원부터 체험 가능, 수익 인증샷 보내드릴게요! 설치: hxxp://invest-vip-app-337.com/1665","공식 앱스토어가 아닌 링크로 앱 설치 유도, 초기 소액 출금으로 신뢰 형성 후 거액 유도",일반적 리딩방-가짜거래소 연계 사기 패턴 참고
2226,0,정상,정상,은행정상알림,SMS,"[우리은행] 자동이체 예정 안내: 2일 180,000원 출금 예정입니다.",해당없음(정상 메시지),일상적으로 발생하는 정상 업무/생활 커뮤니케이션 예시(합성)
2227,1,스팸_사기,광고성스팸,로또번호_추천광고,SMS,[복권천재] 아직도 안 보셨어요? 1등 무료번호 공개중 hxxp://복권천재-688.top/7735,"확인 불가능한 당첨 이력 주장, 개인정보 입력 후 유료 결제로 유도하는 경우 많음",나무위키 스팸메일 문서의 로또번호 추천 사이트 광고 유형 참고
2228,1,스팸_사기,악성_해킹시도,택배사칭_스미싱,SMS,🚨 [쿠팡물류센터] 송장번호(4825653462) 배송 지연으로 재배송 신청이 필요합니다. 화긴: hxxp://쿠팡물류센터-537.net/4150,"실제 주문내역 없음, 단축/변형 URL, 클릭 시 악성 앱 설치 유도",이스트시큐리티 알약 블로그·cashnote 스미싱 총정리 패턴 참고
2229,1,스팸_사기,사기_투자로맨스,투자리딩방,SMS,"[마스터리딩방] OO증권 마스터 리딩방입니다. 전문가가 직접 매수/매도 신호를 드리며, 이번 주 수익률 200% 인증 종목 공개! 지금 무료 입장하새요.","비공식 오픈채팅방 운영, 비현실적 수익률 인증 캡처, 이후 유료방/투자앱 설치 유도",보안뉴스 추석 금융사기 예방 기사(투자리딩방 피해 규모) 패턴 참고
2230,1,스팸_사기,광고성스팸,불법대출광고,SMS,"[케이캐시대부] 서류 없이 전화상담만으로 심사, 최대 500만원. 문의 010-7765-1511 🎉","미등록 대부업 의심, '신용조회 없이' 문구, 무자격자 대상 고액 대출 미끼",신한카드 불법대출광고 유형 안내 페이지 패턴 참고
2232,0,정상,정상,은행정상알림,SMS,"[카카오뱅크] 15일 자동이체 100,000원 출금 예정이오니 참고 바랍니다",해당없음(정상 메시지),일상적으로 발생하는 정상 업무/생활 커뮤니케이션 예시(합성)
2233,1,스팸_사기,광고성스팸,불법대출광고,SMS,"[케이캐시대부] 정부지원 서민대출 사칭, 최대 5천만원. 문의 010-3446-3907","미등록 대부업 의심, '신용조회 없이' 문구, 무자격자 대상 고액 대출 미끼",신한카드 불법대출광고 유형 안내 페이지 패턴 참고
2234,1,스팸_사기,광고성스팸,불법도박광고,SMS,"[머니라인] 출석체크 포인트 지급! 신규가입시 최대 50만원 지급, 지금 바로 가입 hxxp://머니라인-167.net/6745","080 수신거부 번호 없음, 단축/변형 URL, 미신고 도박사이트, 고액 지급 미끼",방통위·KISA 문자스팸 통계(도박 유형 약 40%) 패턴 참고
2235,1,스팸_사기,광고성스팸,불법대출광고,SMS,"🔥 [국민든든대부] 정부지원 서민대출 사칭, 최대 1000만원. 문의 010-9095-6486","미등록 대부업 의심, '신용조회 없이' 문구, 무자격자 대상 고액 대출 미끼",신한카드 불법대출광고 유형 안내 페이지 패턴 참고
2236,1,스팸_사기,악성_해킹시도,택배사칭_스미싱,SMS,[로젠택배] 송장번호(5302591694) 결제 정보 확인이 필요합니다. 확인: hxxp://로젠택배-150.net/2434,"실제 주문내역 없음, 단축/변형 URL, 클릭 시 악성 앱 설치 유도",이스트시큐리티 알약 블로그·cashnote 스미싱 총정리 패턴 참고
2237,0,정상,정상,은행정상알림,SMS,"[하나은행] 자동이체 예정 안내: 26일 430,000원 출금 예정입니다.",해당없음(정상 메시지),일상적으로 발생하는 정상 업무/생활 커뮤니케이션 예시(합성)
2238,1,스팸_사기,사기_투자로맨스,가짜투자앱유도,SMS,[VIP리딩방] 무료체험 자리 얼마 안 남았어요. 30만원 넣고 바로 확인해보세요 hxxp://invest-vip-app-296.com/6003,"공식 앱스토어가 아닌 링크로 앱 설치 유도, 초기 소액 출금으로 신뢰 형성 후 거액 유도",일반적 리딩방-가짜거래소 연계 사기 패턴 참고
2239,0,정상,정상,은행정상알림,SMS,"[국민은행] 체크카드 60,000원 승인. 가맹점: 올리브영",해당없음(정상 메시지),일상적으로 발생하는 정상 업무/생활 커뮤니케이션 예시(합성)
2240,1,스팸_사기,악성_해킹시도,택배사칭_스미싱,SMS,[쿠팡물류센터] 송장번호(7190887308) 부재중으로 반송 예정입니다. 확인: hxxp://쿠팡물류센터-799.kr/3624 🔒,"실제 주문내역 없음, 단축/변형 URL, 클릭 시 악성 앱 설치 유도",이스트시큐리티 알약 블로그·cashnote 스미싱 총정리 패턴 참고
2241,1,스팸_사기,사기_투자로맨스,가짜투자앱유도,SMS,"[VIP리딩방] 오늘 가입자 한정 혜택! 10만원으로 시작, 설치링크 hxxp://invest-vip-app-823.xyz/1970","공식 앱스토어가 아닌 링크로 앱 설치 유도, 초기 소액 출금으로 신뢰 형성 후 거액 유도",일반적 리딩방-가짜거래소 연계 사기 패턴 참고
2242,0,정상,정상,은행정상알림,SMS,"[하나은행] 자동납부 예정: 2일 350,000원, 잔액을 미리 확인해주세요",해당없음(정상 메시지),일상적으로 발생하는 정상 업무/생활 커뮤니케이션 예시(합성)
2243,1,스팸_사기,가짜채용,현금수거책_고액알바,SMS,단순 심부름 업무로 일당 20만원 드립니다. 대전 인근 지정 장소에서 현금이 든 쇼핑백을 수거해 전달만 하시면 됩니다. 경력/면접 없이 바로 시작 가능,"비대면 채용, 현금 운반이라는 비정상적 업무, 고액 일당 대비 매우 단순한 업무 내용",정책브리핑·잡플래닛 고액알바 위험성 안내 패턴 참고
2244,1,스팸_사기,광고성스팸,로또번호_추천광고,SMS,"[1등예측단] 이번주 1등 당첨번호 무료공개! 지금까지 4회 연속 적중, 화긴은 hxxp://1등예측단-739.xyz/4112","확인 불가능한 당첨 이력 주장, 개인정보 입력 후 유료 결제로 유도하는 경우 많음",나무위키 스팸메일 문서의 로또번호 추천 사이트 광고 유형 참고
2245,1,스팸_사기,광고성스팸,불법도박광고,SMS,"[대박토토] 충첫 200% 이벤트! 신규가입시 최대 50만원 지급, 지금 바로 가입 hxxp://대박토토-944.kr/8817","080 수신거부 번호 없음, 단축/변형 URL, 미신고 도박사이트, 고액 지급 미끼",방통위·KISA 문자스팸 통계(도박 유형 약 40%) 패턴 참고
2246,1,스팸_사기,악성_해킹시도,택배사칭_스미싱,SMS,[한진택배] 송장번호(7484121829) 주소 불일치로 물품 보관 중입니다. 확인: hxxp://한진택배-829.top/9884,"실제 주문내역 없음, 단축/변형 URL, 클릭 시 악성 앱 설치 유도",이스트시큐리티 알약 블로그·cashnote 스미싱 총정리 패턴 참고
2248,1,스팸_사기,광고성스팸,로또번호_추천광고,SMS,[복권천재] 4회 연속 적중 기록 보유! 이번주 번호도 놓치지 마세요 hxxp://복권천재-85O.xyz/1553,"확인 불가능한 당첨 이력 주장, 개인정보 입력 후 유료 결제로 유도하는 경우 많음",나무위키 스팸메일 문서의 로또번호 추천 사이트 광고 유형 참고
2249,0,정상,정상,은행정상알림,SMS,"[신한은행] 460,000원 출금 완료, 잔액 229만원 확인하세요",해당없음(정상 메시지),일상적으로 발생하는 정상 업무/생활 커뮤니케이션 예시(합성)
2250,1,스팸_사기,악성_해킹시도,카드발급사칭_스미싱,SMS,고객님 명의로 신한카드가 신규 발급 신청되었습니다. 본인이 아니라면 즉시 확인 hxxp://card-verify-kr-２８９.com/5730,"신청한 적 없는 카드 발급 안내, 확인을 명목으로 악성 링크 클릭 유도",KB Think 스미싱 대처법 페이지(신청한 적 없는 카드 스미싱) 패턴 참고
2251,0,정상,정상,은행정상알림,SMS,"[카카오뱅크] 340,000원 출금되었습니다. 잔액 378만원",해당없음(정상 메시지),일상적으로 발생하는 정상 업무/생활 커뮤니케이션 예시(합성)
2252,0,정상,정상,정상택배안내,SMS,[한진택배] 주문하신 상품이 안전하게 도착했습니다. (송장번호 431507566957),해당없음(정상 메시지),일상적으로 발생하는 정상 업무/생활 커뮤니케이션 예시(합성)
2253,0,정상,정상,은행정상알림,SMS,"[카카오뱅크] 170,000원이 정상 출금되었어요. 잔액은 846만원입니다",해당없음(정상 메시지),일상적으로 발생하는 정상 업무/생활 커뮤니케이션 예시(합성)
2254,1,스팸_사기,광고성스팸,로또번호_추천광고,SMS,"[로또마스터] 이번주 1등 당첨번호 무료공개! 지금까지 2회 연속 적중, 화긴은 hxxp://로또마스터-201.xyz/5920","확인 불가능한 당첨 이력 주장, 개인정보 입력 후 유료 결제로 유도하는 경우 많음",나무위키 스팸메일 문서의 로또번호 추천 사이트 광고 유형 참고
2255,0,정상,정상,은행정상알림,SMS,"[신한은행] 체크카드 110,000원 승인. 가맹점: 올리브영",해당없음(정상 메시지),일상적으로 발생하는 정상 업무/생활 커뮤니케이션 예시(합성)
2256,1,스팸_사기,악성_해킹시도,청첩장_부고장사칭_스미싱,SMS,OOO님의 장례식에 초대합니다. 모바일 청첩장 화긴하기 hxxp://mcard-invite-342.xyz/4963,"지인 사칭, 모바일 청첩장/부고장 클릭 유도 후 악성 앱 설치, 실제 지인 확인 불가",cashnote 스미싱 총정리(모바일청첩장 클릭 후 대출 피해) 패턴 참고
2257,0,정상,정상,은행정상알림,SMS,"[국민은행] 자동이체 예정 안내: 17일 50,000원 출금 예정입니다.",해당없음(정상 메시지),일상적으로 발생하는 정상 업무/생활 커뮤니케이션 예시(합성)
2258,1,스팸_사기,광고성스팸,불법대출광고,SMS,"[스마일캐피탈] 카드론 대환 특별상품, 최대 500만원. 문의 010-4299-6088 🔥","미등록 대부업 의심, '신용조회 없이' 문구, 무자격자 대상 고액 대출 미끼",신한카드 불법대출광고 유형 안내 페이지 패턴 참고
2259,1,스팸_사기,악성_해킹시도,택배사칭_스미싱,SMS,[CJ대한통운] 송장번호(3415027239) 부재중으로 반송 예정입니다. 확인: hxxp://cj대한통운-800.xyz/5406,"실제 주문내역 없음, 단축/변형 URL, 클릭 시 악성 앱 설치 유도",이스트시큐리티 알약 블로그·cashnote 스미싱 총정리 패턴 참고
2261,1,스팸_사기,악성_해킹시도,택배사칭_스미싱,SMS,[CJ대한통운] 송장번호(2548770441) 결제 정보 확인이 필요합니다. 확인: hxxp://cj대한통운-691.com/7266,"실제 주문내역 없음, 단축/변형 URL, 클릭 시 악성 앱 설치 유도",이스트시큐리티 알약 블로그·cashnote 스미싱 총정리 패턴 참고
2262,0,정상,정상,은행정상알림,SMS,"[카카오뱅크] 출금 240,000원 처리되었어요. 남은 잔액은 334만원",해당없음(정상 메시지),일상적으로 발생하는 정상 업무/생활 커뮤니케이션 예시(합성)
2263,1,스팸_사기,광고성스팸,불법도박광고,SMS,"[빅토리벳] 가입머니 5만원 즉시지급! 신규가입시 최대 100만원 지급, 지금 바로 가입 hxxp://빅토리벳-721.top/6370","080 수신거부 번호 없음, 단축/변형 URL, 미신고 도박사이트, 고액 지급 미끼",방통위·KISA 문자스팸 통계(도박 유형 약 40%) 패턴 참고
2264,1,스팸_사기,광고성스팸,불법대출광고,SMS,"[빠른캐피탈] 정부지원 서민대출 사칭, 최대 2000만원. 문의 010-3026-4398 📢","미등록 대부업 의심, '신용조회 없이' 문구, 무자격자 대상 고액 대출 미끼",신한카드 불법대출광고 유형 안내 페이지 패턴 참고
2265,1,스팸_사기,광고성스팸,불법대출광고,SMS,"🔥 [새희망대부] 서류 없이 전화상담만으로 심사, 최대 2000만원. 뮨의 OlO-3698-8132","미등록 대부업 의심, '신용조회 없이' 문구, 무자격자 대상 고액 대출 미끼",신한카드 불법대출광고 유형 안내 페이지 패턴 참고
2266,1,스팸_사기,악성_해킹시도,청첩장_부고장사칭_스미싱,SMS,OOO님의 결혼식에 초대합니다. 모바일 부고장 확인하기 hxxp://mcard-invite-661.net/3618,"지인 사칭, 모바일 청첩장/부고장 클릭 유도 후 악성 앱 설치, 실제 지인 확인 불가",cashnote 스미싱 총정리(모바일청첩장 클릭 후 대출 피해) 패턴 참고
2267,0,정상,정상,은행정상알림,SMS,"[토스뱅크] 자동납부 예정: 8일 400,000원, 잔액을 미리 확인해주세요",해당없음(정상 메시지),일상적으로 발생하는 정상 업무/생활 커뮤니케이션 예시(합성)
2268,0,정상,정상,은행정상알림,SMS,"[국민은행] 체크카드 50,000원 승인. 가맹점: 29CM",해당없음(정상 메시지),일상적으로 발생하는 정상 업무/생활 커뮤니케이션 예시(합성)
2269,1,스팸_사기,악성_해킹시도,카드발급사칭_스미싱,SMS,고객님 명의로 우리카드가 신규 발급 신청되었습니다. 본인이 아니라면 즉시 확인 hxxp://card-verify-kr-5O9.com/7483,"신청한 적 없는 카드 발급 안내, 확인을 명목으로 악성 링크 클릭 유도",KB Think 스미싱 대처법 페이지(신청한 적 없는 카드 스미싱) 패턴 참고
2270,1,스팸_사기,가짜채용,재택부업_리뷰알바사기,SMS,"💼 재택으로 상품 리뷰만 작성하면 건당 8,000원! 하루 30분 투자로 월 200만원 가능합니다. 지금 카톡 문의 @easymoney_job","선입금(상품구매 대금 선결제) 요구로 이어지는 경우 多, 비현실적 고수익 강조, 기업 정보 불명확",보안뉴스 추석 금융사기 예방 기사(부업 아르바이트/리뷰알바 사기) 패턴 참고
2271,1,스팸_사기,사기_보이스피싱,소액결제사칭,SMS,"[Web발신] 716,000원 결제승인 알림, 부정사용 의심시 1588-4788 문의","허위 소액결제 문자로 불안감 조성 후 사기범이 안내하는 번호로 유도, 실제 결제 내역 없음",보안뉴스 경찰청 보이스피싱 사례(허위 소액결제 문자 유형) 패턴 참고
2272,1,스팸_사기,광고성스팸,불법도박광고,SMS,"[슈퍼토토] 첫충 200% 이벤트! 신규가입시 최대 150만원 지급, 지금 바로 가입 hxxp://슈퍼토토-826.net/4962","080 수신거부 번호 없음, 단축/변형 URL, 미신고 도박사이트, 고액 지급 미끼",방통위·KISA 문자스팸 통계(도박 유형 약 40%) 패턴 참고
2273,0,정상,정상,은행정상알림,SMS,"[하나은행] 27일 자동이체 190,000원 출금 예정이오니 참고 바랍니다",해당없음(정상 메시지),일상적으로 발생하는 정상 업무/생활 커뮤니케이션 예시(합성)
2274,0,정상,정상,은행정상알림,SMS,"[우리은행] 체크카드 50,000원 승인. 가맹점: 29CM",해당없음(정상 메시지),일상적으로 발생하는 정상 업무/생활 커뮤니케이션 예시(합성)
2275,0,정상,정상,은행정상알림,SMS,"[신한은행] 310,000원 출금 완료, 잔액 899만원 확인하세요",해당없음(정상 메시지),일상적으로 발생하는 정상 업무/생활 커뮤니케이션 예시(합성)
2276,1,스팸_사기,악성_해킹시도,택배사칭_스미싱,SMS,[CJ대한통운] 송장번호(6070603592) 결제 정보 화긴이 필요합니다. 확인: hxxp://cj대한통운-670.com/2474,"실제 주문내역 없음, 단축/변형 URL, 클릭 시 악성 앱 설치 유도",이스트시큐리티 알약 블로그·cashnote 스미싱 총정리 패턴 참고
2277,1,스팸_사기,악성_해킹시도,택배사칭_스미싱,SMS,[쿠팡물류센터] 송장번호(4706808162) 주소 불일치로 물품 보관 중입니다. 확인: hxxp://쿠팡물류센터-688.kr/1170,"실제 주문내역 없음, 단축/변형 URL, 클릭 시 악성 앱 설치 유도",이스트시큐리티 알약 블로그·cashnote 스미싱 총정리 패턴 참고
2278,0,정상,정상,은행정상알림,SMS,"[국민은행] 체크카드 410,000원 승인. 가맹점: 올리브영",해당없음(정상 메시지),일상적으로 발생하는 정상 업무/생활 커뮤니케이션 예시(합성)
2279,1,스팸_사기,광고성스팸,불법대출광고,SMS,"🎉 [믿음저축] 신용조회 없이 당일승인, 최대 3000만원. 문의 010-8363-５４０１","미등록 대부업 의심, '신용조회 없이' 문구, 무자격자 대상 고액 대출 미끼",신한카드 불법대출광고 유형 안내 페이지 패턴 참고
2280,0,정상,정상,은행정상알림,SMS,"[신한은행] 440,000원 출금 완료, 잔액 277만원 확인하세요",해당없음(정상 메시지),일상적으로 발생하는 정상 업무/생활 커뮤니케이션 예시(합성)
2281,1,스팸_사기,광고성스팸,불법도박광고,SMS,"[프리미엄카지노] 신규회원 콤프 지급! 신규가입시 최대 50만원 지급, 지금 바로 가입 hxxp://프리미엄카지노-101.kr/4184","080 수신거부 번호 없음, 단축/변형 URL, 미신고 도박사이트, 고액 지급 미끼",방통위·KISA 문자스팸 통계(도박 유형 약 40%) 패턴 참고
2282,0,정상,정상,은행정상알림,SMS,"[우리은행] 19일에 90,000원 자동이체가 예정되어 있습니다",해당없음(정상 메시지),일상적으로 발생하는 정상 업무/생활 커뮤니케이션 예시(합성)
2283,1,스팸_사기,광고성스팸,로또번호_추천광고,SMS,"[복권천재] 이번주 1등 당첨번호 무료공개! 지금까지 ４회 연속 적중, 확인은 hxxp://복권천재-959.net/4630","확인 불가능한 당첨 이력 주장, 개인정보 입력 후 유료 결제로 유도하는 경우 많음",나무위키 스팸메일 문서의 로또번호 추천 사이트 광고 유형 참고
2284,1,스팸_사기,광고성스팸,불법대출광고,SMS,"[스마일캐피탈] 무직자,저신용자 환영, 최대 1500만원. 뮨의 OlO-3742-4673 📢","미등록 대부업 의심, '신용조회 없이' 문구, 무자격자 대상 고액 대출 미끼",신한카드 불법대출광고 유형 안내 페이지 패턴 참고
2285,0,정상,정상,은행정상알림,SMS,"[우리은행] 고객님 계좌에서 120,000원이 출금되었습니다 (잔액 926만원)",해당없음(정상 메시지),일상적으로 발생하는 정상 업무/생활 커뮤니케이션 예시(합성)
2286,1,스팸_사기,악성_해킹시도,공공기관사칭_스미싱,SMS,"[민원#24] 미납 과태료 안내 - 2025년 10월 발생분, 확인: hxxp://traffic-24check-809.xyz/9440","실제 정부기관은 개인 URL 링크로 벌금 안내를 하지 않음, 가짜 정부사이트 유도",cashnote 스미싱 총정리(경찰청교통민원24 사칭 유형) 패턴 참고
2288,1,스팸_사기,악성_해킹시도,카드발급사칭_스미싱,SMS,고객님 명의로 국민카드가 신규 발급 신청되었습니다. 본인이 아니라면 즉시 확인 hxxp://card-verify-kr-155.net/8568,"신청한 적 없는 카드 발급 안내, 확인을 명목으로 악성 링크 클릭 유도",KB Think 스미싱 대처법 페이지(신청한 적 없는 카드 스미싱) 패턴 참고
2290,1,스팸_사기,광고성스팸,불법대출광고,SMS,"[직장인우대론] 무직자,저신용자 환영, 최대 1500만원. 문의 010-4254-3289 🎉","미등록 대부업 의심, '신용조회 없이' 문구, 무자격자 대상 고액 대출 미끼",신한카드 불법대출광고 유형 안내 페이지 패턴 참고
2291,1,스팸_사기,악성_해킹시도,카드발급사칭_스미싱,SMS,고객님 명의로 신한카드가 신규 발급 신청되었습니다. 본인이 아니라면 즉시 확인 hxxp://card-verify-kr-541.net/4623,"신청한 적 없는 카드 발급 안내, 확인을 명목으로 악성 링크 클릭 유도",KB Think 스미싱 대처법 페이지(신청한 적 없는 카드 스미싱) 패턴 참고
2292,1,스팸_사기,악성_해킹시도,청첩장_부고장사칭_스미싱,SMS,OOO님의 장례식에 초대합니다. 모바일 부고장 화긴하기 hxxp://mcard-invite-438.net/9969 ⚠️,"지인 사칭, 모바일 청첩장/부고장 클릭 유도 후 악성 앱 설치, 실제 지인 확인 불가",cashnote 스미싱 총정리(모바일청첩장 클릭 후 대출 피해) 패턴 참고
2293,1,스팸_사기,악성_해킹시도,청첩장_부고장사칭_스미싱,SMS,OOO님으로부터 결혼식 부고장가 도착했습니다. 확인: hxxp://mcard-invite-512.xyz/8915,"지인 사칭, 모바일 청첩장/부고장 클릭 유도 후 악성 앱 설치, 실제 지인 확인 불가",cashnote 스미싱 총정리(모바일청첩장 클릭 후 대출 피해) 패턴 참고
2294,1,스팸_사기,사기_투자로맨스,가짜투자앱유도,SMS,[VIP리딩방] 무료체험 자리 얼마 안 남았어요. 50만원 넣고 바로 확인해보세요 hxxp://invest-vip-app-471.com/9148,"공식 앱스토어가 아닌 링크로 앱 설치 유도, 초기 소액 출금으로 신뢰 형성 후 거액 유도",일반적 리딩방-가짜거래소 연계 사기 패턴 참고
2295,1,스팸_사기,광고성스팸,불법대출광고,SMS,"[새희망대부] 신용조회 없이 당일승인, 최대 5000만원. 문의 010-4491-8531 🎉","미등록 대부업 의심, '신용조회 없이' 문구, 무자격자 대상 고액 대출 미끼",신한카드 불법대출광고 유형 안내 페이지 패턴 참고
2296,1,스팸_사기,광고성스팸,불법도박광고,SMS,"[올인토토] 첫충 200% 이벤트! 신규가입시 최대 200만원 지급, 지금 바로 가입 hxxp://올인토토-678.kr/1578","080 수신거부 번호 없음, 단축/변형 URL, 미신고 도박사이트, 고액 지급 미끼",방통위·KISA 문자스팸 통계(도박 유형 약 40%) 패턴 참고
2297,1,스팸_사기,광고성스팸,불법대출광고,SMS,"[직장인우대론] 무직자,저신용자 환영, 최대 5000만원. 문의 010-4999-2341","미등록 대부업 의심, '신용조회 없이' 문구, 무자격자 대상 고액 대출 미끼",신한카드 불법대출광고 유형 안내 페이지 패턴 참고
2298,0,정상,정상,은행정상알림,SMS,"[신한은행] 자동납부 예정: 24일 100,000원, 잔액을 미리 확인해주세요",해당없음(정상 메시지),일상적으로 발생하는 정상 업무/생활 커뮤니케이션 예시(합성)
2299,0,정상,정상,은행정상알림,SMS,"[우리은행] 24일에 260,000원 자동이체가 예정되어 있습니다",해당없음(정상 메시지),일상적으로 발생하는 정상 업무/생활 커뮤니케이션 예시(합성)
2300,1,스팸_사기,가짜채용,재택부업_리뷰알바사기,SMS,"재택으로 상품 리뷰만 작성하면 건당 15,000원! 하루 30분 투자로 월 300만원 가능합니다. 지금 카톡 문의 @easymoney_job ✅","선입금(상품구매 대금 선결제) 요구로 이어지는 경우 多, 비현실적 고수익 강조, 기업 정보 불명확",보안뉴스 추석 금융사기 예방 기사(부업 아르바이트/리뷰알바 사기) 패턴 참고
2302,1,스팸_사기,사기_보이스피싱,소액결제사칭,SMS,"[승인] 154,000원 사용내역 확인, 본인 결제가 아닐 경우 1588-6264 연락바랍니다","허위 소액결제 문자로 불안감 조성 후 사기범이 안내하는 번호로 유도, 실제 결제 내역 없음",보안뉴스 경찰청 보이스피싱 사례(허위 소액결제 문자 유형) 패턴 참고
2303,0,정상,정상,은행정상알림,SMS,"[하나은행] 체크카드 420,000원 승인. 가맹점: 무신사",해당없음(정상 메시지),일상적으로 발생하는 정상 업무/생활 커뮤니케이션 예시(합성)
2304,0,정상,정상,은행정상알림,SMS,"[하나은행] 480,000원 출금 완료, 잔액 23만원 확인하세요",해당없음(정상 메시지),일상적으로 발생하는 정상 업무/생활 커뮤니케이션 예시(합성)
2305,0,정상,정상,학교공지,SMS,다음 주 월요일은 현장체험학습으로 정상 등교시간이 변경됩니다. 자세한 사항은 가정통신문을 참고해주세요.,해당없음(정상 메시지),일상적으로 발생하는 정상 업무/생활 커뮤니케이션 예시(합성)
2306,1,스팸_사기,악성_해킹시도,청첩장_부고장사칭_스미싱,SMS,OOO님의 결혼식에 초대합니다. 모바일 청첩장 화긴하기 hxxp://mcard-invite-461.com/２５４５ 🚨,"지인 사칭, 모바일 청첩장/부고장 클릭 유도 후 악성 앱 설치, 실제 지인 확인 불가",cashnote 스미싱 총정리(모바일청첩장 클릭 후 대출 피해) 패턴 참고
2307,0,정상,정상,은행정상알림,SMS,"[토스뱅크] 고객님 계좌에서 360,000원이 출금되었습니다 (잔액 750만원)",해당없음(정상 메시지),일상적으로 발생하는 정상 업무/생활 커뮤니케이션 예시(합성)
2308,1,스팸_사기,악성_해킹시도,공공기관사칭_스미싱,SMS,"[민원#24] 미납 과태료 안내 - 2026년 2월 발생분, 확인: hxxp://traffic-24check-533.kr/2215","실제 정부기관은 개인 URL 링크로 벌금 안내를 하지 않음, 가짜 정부사이트 유도",cashnote 스미싱 총정리(경찰청교통민원24 사칭 유형) 패턴 참고
2309,1,스팸_사기,악성_해킹시도,택배사칭_스미싱,SMS,[쿠팡물류센터] 송장번호(6692091665) 관세 미납으로 통관이 보류되었습니다. 확인: hxxp://쿠팡물류센터-518.kr/8309,"실제 주문내역 없음, 단축/변형 URL, 클릭 시 악성 앱 설치 유도",이스트시큐리티 알약 블로그·cashnote 스미싱 총정리 패턴 참고
2310,1,스팸_사기,광고성스팸,불법도박광고,SMS,"[챔피언벳] 첫충 200% 이벤트! 신규가입시 최대 100만원 지급, 지금 바로 가입 hxxp://챔피언벳-146.kr/3016 📢","080 수신거부 번호 없음, 단축/변형 URL, 미신고 도박사이트, 고액 지급 미끼",방통위·KISA 문자스팸 통계(도박 유형 약 40%) 패턴 참고
2311,0,정상,정상,은행정상알림,SMS,"[신한은행] 체크카드 100,000원 승인. 가맹점: 쿠팡",해당없음(정상 메시지),일상적으로 발생하는 정상 업무/생활 커뮤니케이션 예시(합성)
2312,1,스팸_사기,광고성스팸,불법도박광고,SMS,"[올인토토] 신규회원 콤프 지급! 신규가입시 최대 ５０만원 지급, 지금 바로 가입 hxxp://올인토토-522.top/7804","080 수신거부 번호 없음, 단축/변형 URL, 미신고 도박사이트, 고액 지급 미끼",방통위·KISA 문자스팸 통계(도박 유형 약 40%) 패턴 참고
2313,1,스팸_사기,광고성스팸,로또번호_추천광고,SMS,"[행운의숫자] 회원님만을 위한 특별 당첨번호, 지금 확인하세요 hxxp://행운의숫자-773.kr/3554","확인 불가능한 당첨 이력 주장, 개인정보 입력 후 유료 결제로 유도하는 경우 많음",나무위키 스팸메일 문서의 로또번호 추천 사이트 광고 유형 참고
2314,0,정상,정상,은행정상알림,SMS,"[카카오뱅크] 18일에 20,000원 자동이체가 예정되어 있습니다",해당없음(정상 메시지),일상적으로 발생하는 정상 업무/생활 커뮤니케이션 예시(합성)
2315,1,스팸_사기,광고성스팸,불법대출광고,SMS,"[직장인우대론] 무직자,저신용자 환영, 최대 2000만원. 문의 010-４６２８-5342","미등록 대부업 의심, '신용조회 없이' 문구, 무자격자 대상 고액 대출 미끼",신한카드 불법대출광고 유형 안내 페이지 패턴 참고
2317,1,스팸_사기,사기_보이스피싱,소액결제사칭,SMS,"[Web발신] 794,000원 결제승인 알림, 부정사용 의심시 1588-7389 문의","허위 소액결제 문자로 불안감 조성 후 사기범이 안내하는 번호로 유도, 실제 결제 내역 없음",보안뉴스 경찰청 보이스피싱 사례(허위 소액결제 문자 유형) 패턴 참고
2318,1,스팸_사기,사기_보이스피싱,소액결제사칭,SMS,"[승인알림] １４５,０００원 결제가 완료되었습니다. 본인이 아니라면 고객센터로 문의하세요 1588-5847","허위 소액결제 문자로 불안감 조성 후 사기범이 안내하는 번호로 유도, 실제 결제 내역 없음",보안뉴스 경찰청 보이스피싱 사례(허위 소액결제 문자 유형) 패턴 참고
2319,1,스팸_사기,가짜채용,통장대여_이체알바,SMS,"[재택알바] 본인 명의 계좌만 빌려주시면 건당 3만원, 이체 심부름 알바 구합니다. 텔레그램으로 연락주세요 @job３５３ 💼","통장 대여는 전자금융거래법 위반, 텔레그램 등 익명 메신저로만 소통, 실제로는 보이스피싱 자금 세탁에 이용",kbthink 이체알바 사기 안내(통장 대여 시 처벌 규정) 패턴 참고
2321,1,스팸_사기,사기_보이스피싱,소액결제사칭,SMS,⚠️ [승인알림] 161천원 결제가 완료되었슴니다. 본인이 아니라면 고객센터로 문의하세요 1588-8586,"허위 소액결제 문자로 불안감 조성 후 사기범이 안내하는 번호로 유도, 실제 결제 내역 없음",보안뉴스 경찰청 보이스피싱 사례(허위 소액결제 문자 유형) 패턴 참고
2322,1,스팸_사기,악성_해킹시도,청첩장_부고장사칭_스미싱,SMS,[초대장 도착] 장례식 부고장를 보내드립니다. hxxp://mcard-invite-613.net/3311에서 열어보세요,"지인 사칭, 모바일 청첩장/부고장 클릭 유도 후 악성 앱 설치, 실제 지인 확인 불가",cashnote 스미싱 총정리(모바일청첩장 클릭 후 대출 피해) 패턴 참고
2323,1,스팸_사기,광고성스팸,불법대출광고,SMS,"[믿음저축] 무직자,저신용자 환영, 최대 500만원. 문의 010-9655-5116 📢","미등록 대부업 의심, '신용조회 없이' 문구, 무자격자 대상 고액 대출 미끼",신한카드 불법대출광고 유형 안내 페이지 패턴 참고
2324,1,스팸_사기,가짜채용,통장대여_이체알바,SMS,"[재택알바] 본인 명의 계좌만 빌려주시면 건당 8만원, 이체 심부름 알바 구합니다. 텔레그램으로 연랔주세요 @job426 ✅","통장 대여는 전자금융거래법 위반, 텔레그램 등 익명 메신저로만 소통, 실제로는 보이스피싱 자금 세탁에 이용",kbthink 이체알바 사기 안내(통장 대여 시 처벌 규정) 패턴 참고
2326,0,정상,정상,은행정상알림,SMS,"[국민은행] 체크카드 150,000원 승인. 가맹점: 무신사",해당없음(정상 메시지),일상적으로 발생하는 정상 업무/생활 커뮤니케이션 예시(합성)
2328,0,정상,정상,은행정상알림,SMS,"[신한은행] 체크카드 300,000원 승인. 가맹점: 29CM",해당없음(정상 메시지),일상적으로 발생하는 정상 업무/생활 커뮤니케이션 예시(합성)
2331,0,정상,정상,은행정상알림,SMS,"[하나은행] 정기 자동이체 안내 - 5일 30,000원 출금될 예정이에요",해당없음(정상 메시지),일상적으로 발생하는 정상 업무/생활 커뮤니케이션 예시(합성)
2332,1,스팸_사기,사기_보이스피싱,검찰_금감원사칭,SMS,여기는 금융감독원입니다. 귀하의 명의로 대포통장이 개설되어 수사가 진행 중입니다. 자산보호를 위해 대출받은 15000만원을 안내하는 안전계좌로 즉시 이체하셔야 합니다.,"검찰·경찰·금감원은 안전계좌 이체를 요구하지 않음, 전화로 수사 고지 및 송금 요구",보안뉴스 경찰청 보이스피싱 최다피해유형 사례(기관사칭형) 패턴 참고
2333,1,스팸_사기,악성_해킹시도,택배사칭_스미싱,SMS,[쿠팡물류센터] 송장번호(5798668086) 부재중으로 반송 예정입니다. 화긴: hxxp://쿠팡물류센터-768.kr/5867 🚨,"실제 주문내역 없음, 단축/변형 URL, 클릭 시 악성 앱 설치 유도",이스트시큐리티 알약 블로그·cashnote 스미싱 총정리 패턴 참고
2334,0,정상,정상,은행정상알림,SMS,"[하나은행] 470,000원 출금 완료, 잔액 333만원 확인하세요",해당없음(정상 메시지),일상적으로 발생하는 정상 업무/생활 커뮤니케이션 예시(합성)
2335,1,스팸_사기,광고성스팸,로또번호_추천광고,SMS,"[로또마스터] 이번주 1등 당첨번호 무료공개! 지금까지 5회 연속 적중, 확인은 hxxp://로또마스터-401.com/3050 📢","확인 불가능한 당첨 이력 주장, 개인정보 입력 후 유료 결제로 유도하는 경우 많음",나무위키 스팸메일 문서의 로또번호 추천 사이트 광고 유형 참고
2336,1,스팸_사기,광고성스팸,불법대출광고,SMS,"🔥 [든든머니대부] 카드론 대환 특별상품, 최대 2000만원. 문의 010-9760-3529","미등록 대부업 의심, '신용조회 없이' 문구, 무자격자 대상 고액 대출 미끼",신한카드 불법대출광고 유형 안내 페이지 패턴 참고
2337,1,스팸_사기,악성_해킹시도,카드발급사칭_스미싱,SMS,고객님 명의로 신한카드가 신규 발급 신청되었습니다. 본인이 아니라면 즉시 확인 hxxp://card-verify-kr-135.xyz/8824 🔒,"신청한 적 없는 카드 발급 안내, 확인을 명목으로 악성 링크 클릭 유도",KB Think 스미싱 대처법 페이지(신청한 적 없는 카드 스미싱) 패턴 참고
2338,0,정상,정상,정상택배안내,SMS,[CJ대한통운] 고객님 상품 배송이 끝났습니다. 송장 조회: 614510579080,해당없음(정상 메시지),일상적으로 발생하는 정상 업무/생활 커뮤니케이션 예시(합성)
2339,1,스팸_사기,악성_해킹시도,택배사칭_스미싱,SMS,[경동택배] 송장번호(4791257590) 부재중으로 반송 예정입니다. 확인: hxxp://경동택배-461.com/7614,"실제 주문내역 없음, 단축/변형 URL, 클릭 시 악성 앱 설치 유도",이스트시큐리티 알약 블로그·cashnote 스미싱 총정리 패턴 참고
2340,0,정상,정상,은행정상알림,SMS,"[하나은행] 체크카드 300,000원 사용, 현재 잔액 748만원입니다",해당없음(정상 메시지),일상적으로 발생하는 정상 업무/생활 커뮤니케이션 예시(합성)
2341,1,스팸_사기,가짜채용,현금수거책_고액알바,SMS,단순 심부름 업무로 일당 30만원 드립니다. 부산 인근 지정 장소에서 현금이 든 쇼핑백을 수거해 전달만 하시면 됩니다. 경력/면접 없이 바로 시작 가능,"비대면 채용, 현금 운반이라는 비정상적 업무, 고액 일당 대비 매우 단순한 업무 내용",정책브리핑·잡플래닛 고액알바 위험성 안내 패턴 참고
2342,0,정상,정상,은행정상알림,SMS,"[신한은행] 체크카드 460,000원 승인. 가맹점: 마켓컬리",해당없음(정상 메시지),일상적으로 발생하는 정상 업무/생활 커뮤니케이션 예시(합성)
2343,1,스팸_사기,광고성스팸,불법도박광고,SMS,"[대박토토] 매충 30% 상시지급! 신규가입시 최대 50만원 지급, 지금 바로 가입 hxxp://대박토토-351.net/5109","080 수신거부 번호 없음, 단축/변형 URL, 미신고 도박사이트, 고액 지급 미끼",방통위·KISA 문자스팸 통계(도박 유형 약 40%) 패턴 참고
2344,1,스팸_사기,광고성스팸,로또번호_추천광고,SMS,"[복권천재] 이번주 1등 당첨번호 무료공개! 지금까지 4회 연속 적중, 화긴은 hxxp://복권천재-273.net/8189","확인 불가능한 당첨 이력 주장, 개인정보 입력 후 유료 결제로 유도하는 경우 많음",나무위키 스팸메일 문서의 로또번호 추천 사이트 광고 유형 참고
2345,1,스팸_사기,광고성스팸,불법도박광고,SMS,"[킹스벳] 첫충 200% 이벤트! 신규가입시 최대 200만원 지급, 지금 바로 가입 hxxp://킹스벳-346.top/1724","080 수신거부 번호 없음, 단축/변형 URL, 미신고 도박사이트, 고액 지급 미끼",방통위·KISA 문자스팸 통계(도박 유형 약 40%) 패턴 참고
2346,0,정상,정상,은행정상알림,SMS,"[신한은행] 이체 500,000원 출금 처리완료. 잔액 393만원 남았습니다",해당없음(정상 메시지),일상적으로 발생하는 정상 업무/생활 커뮤니케이션 예시(합성)
2347,1,스팸_사기,사기_투자로맨스,가짜투자앱유도,SMS,[VIP리딩방] 무료체험 자리 얼마 안 남았어요. 10만원 넣고 바로 확인해보세요 hxxp://invest-vip-app-532.net/34l5,"공식 앱스토어가 아닌 링크로 앱 설치 유도, 초기 소액 출금으로 신뢰 형성 후 거액 유도",일반적 리딩방-가짜거래소 연계 사기 패턴 참고
2348,1,스팸_사기,가짜채용,통장대여_이체알바,SMS,"💼 [재택알바] 본인 명의 계좌만 빌려주시면 건당 5만원, 이체 심부름 알바 구합니다. 텔레그램으로 연락주세요 @job７５９","통장 대여는 전자금융거래법 위반, 텔레그램 등 익명 메신저로만 소통, 실제로는 보이스피싱 자금 세탁에 이용",kbthink 이체알바 사기 안내(통장 대여 시 처벌 규정) 패턴 참고
2349,0,정상,정상,은행정상알림,SMS,"[신한은행] 체크카드 290,000원 승인. 가맹점: 마켓컬리",해당없음(정상 메시지),일상적으로 발생하는 정상 업무/생활 커뮤니케이션 예시(합성)
2350,0,정상,정상,은행정상알림,SMS,"[국민은행] 출금 290,000원 처리되었어요. 남은 잔액은 809만원",해당없음(정상 메시지),일상적으로 발생하는 정상 업무/생활 커뮤니케이션 예시(합성)
2352,1,스팸_사기,광고성스팸,로또번호_추천광고,SMS,"[1등예측단] 회원님만을 위한 특별 당첨번호, 지금 확인하세요 hxxp://1등예측단-887.net/8534","확인 불가능한 당첨 이력 주장, 개인정보 입력 후 유료 결제로 유도하는 경우 많음",나무위키 스팸메일 문서의 로또번호 추천 사이트 광고 유형 참고
2353,1,스팸_사기,악성_해킹시도,택배사칭_스미싱,SMS,[경동택배] 송장번호(2306331008) 결제 정보 확인이 필요합니다. 확인: hxxp://경동택배-720.net/5531,"실제 주문내역 없음, 단축/변형 URL, 클릭 시 악성 앱 설치 유도",이스트시큐리티 알약 블로그·cashnote 스미싱 총정리 패턴 참고
2354,1,스팸_사기,광고성스팸,로또번호_추천광고,SMS,"[행운의숫자] 회원님만을 위한 특별 당첨번호, 지금 확인하세요 hxxp://행운의숫자-133.kr/7225","확인 불가능한 당첨 이력 주장, 개인정보 입력 후 유료 결제로 유도하는 경우 많음",나무위키 스팸메일 문서의 로또번호 추천 사이트 광고 유형 참고
2355,1,스팸_사기,가짜채용,통장대여_이체알바,SMS,"[재택알바] 본인 명의 계좌만 빌려주시면 건당 8만원, 이체 심부름 알바 구합니다. 텔레그램으로 연랔주세요 @job667 📋","통장 대여는 전자금융거래법 위반, 텔레그램 등 익명 메신저로만 소통, 실제로는 보이스피싱 자금 세탁에 이용",kbthink 이체알바 사기 안내(통장 대여 시 처벌 규정) 패턴 참고
2356,0,정상,정상,은행정상알림,SMS,"[하나은행] 이체 400,000원 출금 처리완료. 잔액 528만원 남았습니다",해당없음(정상 메시지),일상적으로 발생하는 정상 업무/생활 커뮤니케이션 예시(합성)
2357,0,정상,정상,은행정상알림,SMS,"[우리은행] 정기 자동이체 안내 - 12일 80,000원 출금될 예정이에요",해당없음(정상 메시지),일상적으로 발생하는 정상 업무/생활 커뮤니케이션 예시(합성)
2358,0,정상,정상,은행정상알림,SMS,"[신한은행] 400,000원이 정상 출금되었어요. 잔액은 797만원입니다",해당없음(정상 메시지),일상적으로 발생하는 정상 업무/생활 커뮤니케이션 예시(합성)
2360,1,스팸_사기,악성_해킹시도,청첩장_부고장사칭_스미싱,SMS,장례식 안내드립니다. 참석 여부와 함께 청첩장를 확인해주세요: hxxp://mcard-invite-101.xyz/5231,"지인 사칭, 모바일 청첩장/부고장 클릭 유도 후 악성 앱 설치, 실제 지인 확인 불가",cashnote 스미싱 총정리(모바일청첩장 클릭 후 대출 피해) 패턴 참고
2361,1,스팸_사기,악성_해킹시도,청첩장_부고장사칭_스미싱,SMS,소중한 분의 결혼식 소식을 전해드립니다. 모바일 청첩장 링크: hxxp://mcard-invite-180.net/6323,"지인 사칭, 모바일 청첩장/부고장 클릭 유도 후 악성 앱 설치, 실제 지인 확인 불가",cashnote 스미싱 총정리(모바일청첩장 클릭 후 대출 피해) 패턴 참고
2362,1,스팸_사기,광고성스팸,로또번호_추천광고,SMS,"[행운의숫자] 이번주 1등 당첨번호 무료공개! 지금까지 5회 연속 적중, 화긴은 hxxp://행운의숫자-370.xyz/8486","확인 불가능한 당첨 이력 주장, 개인정보 입력 후 유료 결제로 유도하는 경우 많음",나무위키 스팸메일 문서의 로또번호 추천 사이트 광고 유형 참고
2363,1,스팸_사기,가짜채용,통장대여_이체알바,SMS,"💼 [재택알바] 본인 명의 계좌만 빌려주시면 건당 5만원, 이체 심부름 알바 구합니다. 텔레그램으로 연락주세요 @job１５３","통장 대여는 전자금융거래법 위반, 텔레그램 등 익명 메신저로만 소통, 실제로는 보이스피싱 자금 세탁에 이용",kbthink 이체알바 사기 안내(통장 대여 시 처벌 규정) 패턴 참고
2364,1,스팸_사기,광고성스팸,불법대출광고,SMS,"[케이캐시대부] 당일 즉시 입금, 최대 5000만원. 문의 010-1499-4653","미등록 대부업 의심, '신용조회 없이' 문구, 무자격자 대상 고액 대출 미끼",신한카드 불법대출광고 유형 안내 페이지 패턴 참고
2365,1,스팸_사기,광고성스팸,로또번호_추천광고,SMS,"[로또명당] 이번주 l등 당첨번호 무료공개! 지금까지 5회 연속 적중, 확인은 hxxp://로또명당-140.com/3654","확인 불가능한 당첨 이력 주장, 개인정보 입력 후 유료 결제로 유도하는 경우 많음",나무위키 스팸메일 문서의 로또번호 추천 사이트 광고 유형 참고
2366,1,스팸_사기,광고성스팸,불법도박광고,SMS,"[메이저파크] 가입머니 5만원 즉시지급! 신규가입시 최대 100만원 지급, 지금 바로 가입 hxxp://메이저파크-619.com/4790","080 수신거부 번호 없음, 단축/변형 URL, 미신고 도박사이트, 고액 지급 미끼",방통위·KISA 문자스팸 통계(도박 유형 약 40%) 패턴 참고
2367,1,스팸_사기,광고성스팸,로또번호_추천광고,SMS,"[복권천재] 회원님만을 위한 특별 당첨번호, 지금 확인하세요 hxxp://복권천재-752.xyz/5136","확인 불가능한 당첨 이력 주장, 개인정보 입력 후 유료 결제로 유도하는 경우 많음",나무위키 스팸메일 문서의 로또번호 추천 사이트 광고 유형 참고
2369,1,스팸_사기,광고성스팸,불법도박광고,SMS,"[메이저파크] 매충 30% 상시지급! 신규가입시 최대 200만원 지급, 지금 바로 가입 hxxp://메이저파크-216.xyz/7655","080 수신거부 번호 없음, 단축/변형 URL, 미신고 도박사이트, 고액 지급 미끼",방통위·KISA 문자스팸 통계(도박 유형 약 40%) 패턴 참고
2370,0,정상,정상,은행정상알림,SMS,"[우리은행] 체크카드 80,000원 승인. 가맹점: 무신사",해당없음(정상 메시지),일상적으로 발생하는 정상 업무/생활 커뮤니케이션 예시(합성)
2371,0,정상,정상,은행정상알림,SMS,"[신한은행] 체크카드 210,000원 승인. 가맹점: 무신사",해당없음(정상 메시지),일상적으로 발생하는 정상 업무/생활 커뮤니케이션 예시(합성)
2372,1,스팸_사기,광고성스팸,불법대출광고,SMS,"[든든머니대부] 서류 없이 전화상담만으로 심사, 최대 500만원. 문의 010-4094-4645","미등록 대부업 의심, '신용조회 없이' 문구, 무자격자 대상 고액 대출 미끼",신한카드 불법대출광고 유형 안내 페이지 패턴 참고
2374,1,스팸_사기,광고성스팸,불법도박광고,SMS,"[올인토토] 첫충 200% 이벤트! 신규가입시 최대 50만원 지급, 지금 바로 가입 hxxp://올인토토-364.com/8920","080 수신거부 번호 없음, 단축/변형 URL, 미신고 도박사이트, 고액 지급 미끼",방통위·KISA 문자스팸 통계(도박 유형 약 40%) 패턴 참고
2376,1,스팸_사기,사기_보이스피싱,소액결제사칭,SMS,"[승인알림] 952,000원 결제가 완료되었습니다. 본인이 아니라면 고객센터로 문의하세요 l588-1113 ⚠️","허위 소액결제 문자로 불안감 조성 후 사기범이 안내하는 번호로 유도, 실제 결제 내역 없음",보안뉴스 경찰청 보이스피싱 사례(허위 소액결제 문자 유형) 패턴 참고
2377,0,정상,정상,은행정상알림,SMS,"[카카오뱅크] 다가오는 4일, 370,000원이 자동으로 이체됩니다",해당없음(정상 메시지),일상적으로 발생하는 정상 업무/생활 커뮤니케이션 예시(합성)
2378,0,정상,정상,은행정상알림,SMS,"[카카오뱅크] 체크카드 330,000원 승인. 가맹점: 마켓컬리",해당없음(정상 메시지),일상적으로 발생하는 정상 업무/생활 커뮤니케이션 예시(합성)
2379,1,스팸_사기,광고성스팸,불법도박광고,SMS,"[코리아벳] 출석체크 포인트 지급! 신규가입시 최대 100만원 지급, 지금 바로 가입 hxxp://코리아벳-561.xyz/2043","080 수신거부 번호 없음, 단축/변형 URL, 미신고 도박사이트, 고액 지급 미끼",방통위·KISA 문자스팸 통계(도박 유형 약 40%) 패턴 참고
2380,0,정상,정상,정상택배안내,SMS,[롯데택배] 택배가 배송 완료되었어요. 송장번호: 968727338909,해당없음(정상 메시지),일상적으로 발생하는 정상 업무/생활 커뮤니케이션 예시(합성)
2381,1,스팸_사기,악성_해킹시도,청첩장_부고장사칭_스미싱,SMS,[모바일초대장] OOO님이 결혼식 초대장을 보냈습니다. 아래에서 확인해주세요 hxxp://mcard-invite-968.kr/5728,"지인 사칭, 모바일 청첩장/부고장 클릭 유도 후 악성 앱 설치, 실제 지인 확인 불가",cashnote 스미싱 총정리(모바일청첩장 클릭 후 대출 피해) 패턴 참고
2382,0,정상,정상,은행정상알림,SMS,"[토스뱅크] 다가오는 4일, 120,000원이 자동으로 이체됩니다",해당없음(정상 메시지),일상적으로 발생하는 정상 업무/생활 커뮤니케이션 예시(합성)
2383,1,스팸_사기,가짜채용,현금수거책_고액알바,SMS,단순 심부름 업무로 일당 30만원 드립니다. 대구 인근 지정 장소에서 현금이 든 쇼핑백을 수거해 전달만 하시면 됩니다. 경력/면접 없이 바로 시작 가눙,"비대면 채용, 현금 운반이라는 비정상적 업무, 고액 일당 대비 매우 단순한 업무 내용",정책브리핑·잡플래닛 고액알바 위험성 안내 패턴 참고
2384,0,정상,정상,정부기관공식안내,SMS,[국민건강보험공단] 정기 건강검진 대상자로 안내드립니다. 검진기관은 홈페이지에서 조회 가능합니다.,해당없음(정상 메시지),일상적으로 발생하는 정상 업무/생활 커뮤니케이션 예시(합성)
2385,0,정상,정상,은행정상알림,SMS,"[토스뱅크] 체크카드 110,000원 승인. 가맹점: 올리브영",해당없음(정상 메시지),일상적으로 발생하는 정상 업무/생활 커뮤니케이션 예시(합성)
2386,1,스팸_사기,광고성스팸,불법도박광고,SMS,"[대박토토] 출석체크 포인트 지급! 신규가입시 최대 50만원 지급, 지금 바로 가입 hxxp://대박토토-639.top/8107","080 수신거부 번호 없음, 단축/변형 URL, 미신고 도박사이트, 고액 지급 미끼",방통위·KISA 문자스팸 통계(도박 유형 약 40%) 패턴 참고
2387,0,정상,정상,일상대화,SMS,하준아 요즘 잘 지내? 오랜만이다 ㅎㅎ 언제 한번 성수동에서 보자,해당없음(정상 메시지),일상적인 사적 대화 예시(합성)
2388,0,정상,정상,일상대화,SMS,"오빠, 너무 더워졌는데 외출할 때 옷 따뜻하게 입어~ 감기 조심하고",해당없음(정상 메시지),일상적인 사적 대화 예시(합성)
2389,0,정상,정상,일상대화,SMS,우리 강아지 오늘 산책하다가 성수동에서 친구를 만났어 ㅋㅋ 완전 신났더라,해당없음(정상 메시지),일상적인 사적 대화 예시(합성)
2390,0,정상,정상,일상대화,SMS,어제 도와줘서 진짜 고마워! 덕분에 등산 잘 끝냈어. 다음에 내가 피자 살게,해당없음(정상 메시지),일상적인 사적 대화 예시(합성)
2391,0,정상,정상,일상대화,SMS,"민준아 생일 축하해!! 오늘 저녁에 초밥 먹으러 가자, 내가 쏠게 ㅎㅎ",해당없음(정상 메시지),일상적인 사적 대화 예시(합성)
2392,0,정상,정상,일상대화,SMS,이번 주말에 뭐해? 시간 괜찮으면 학교 앞 분식집에서 산책할래?,해당없음(정상 메시지),일상적인 사적 대화 예시(합성)
2393,0,정상,정상,일상대화,SMS,지훈아 이번 주 스터디 내일 점심에 강남역에서 하는 거 맞지?,해당없음(정상 메시지),일상적인 사적 대화 예시(합성)
2394,0,정상,정상,일상대화,SMS,"언니, 몸살 걸렸다고 들었는데 괜찮아요? 푹 쉬고 비빔밥라도 챙겨 먹어요",해당없음(정상 메시지),일상적인 사적 대화 예시(합성)
2395,0,정상,정상,일상대화,SMS,수진아 이번 주 스터디 일요일 오전에 영화관에서 하는 거 맞지?,해당없음(정상 메시지),일상적인 사적 대화 예시(합성)
2396,0,정상,정상,일상대화,SMS,혹시 우산 좀 빌려줄 수 있어? 오늘 저녁 7시쯤 쓰고 바로 돌려줄게,해당없음(정상 메시지),일상적인 사적 대화 예시(합성)
2397,0,정상,정상,일상대화,SMS,도윤아 이번 주 스터디 내일 점심에 성수동에서 하는 거 맞지?,해당없음(정상 메시지),일상적인 사적 대화 예시(합성)
2398,0,정상,정상,일상대화,SMS,"지훈아 생일 축하해!! 오늘 저녁에 치킨 먹으러 가자, 내가 쏠게 ㅎㅎ",해당없음(정상 메시지),일상적인 사적 대화 예시(합성)
2399,0,정상,정상,일상대화,SMS,"민준아 생일 축하해!! 오늘 저녁에 떡볶이 먹으러 가자, 내가 쏠게 ㅎㅎ",해당없음(정상 메시지),일상적인 사적 대화 예시(합성)
2400,0,정상,정상,일상대화,SMS,서연아 요즘 잘 지내? 오랜만이다 ㅎㅎ 언제 한번 영화관에서 보자,해당없음(정상 메시지),일상적인 사적 대화 예시(합성)
2401,0,정상,정상,일상대화,SMS,이번 주말에 뭐해? 시간 괜찮으면 강남역에서 스터디할래?,해당없음(정상 메시지),일상적인 사적 대화 예시(합성)
2402,0,정상,정상,일상대화,SMS,지우야 그 드라마 봤어? 완전 재밌더라 시간 되면 같이 산책하면서 보자,해당없음(정상 메시지),일상적인 사적 대화 예시(합성)
2403,0,정상,정상,일상대화,SMS,예은아 완전 축하해!! 진짜 고생했다 ㅠㅠ 이번 주에 마라탕 먹으면서 축하하자,해당없음(정상 메시지),일상적인 사적 대화 예시(합성)
2404,0,정상,정상,일상대화,SMS,이번 주말에 뭐해? 시간 괜찮으면 한강공원에서 영화 보기할래?,해당없음(정상 메시지),일상적인 사적 대화 예시(합성)
2405,0,정상,정상,일상대화,SMS,민준아 이번 주 스터디 오늘 오후 3시쯤에 영화관에서 하는 거 맞지?,해당없음(정상 메시지),일상적인 사적 대화 예시(합성)
2406,0,정상,정상,일상대화,SMS,도윤아 이번 주 스터디 오늘 저녁 7시에 학교 앞 분식집에서 하는 거 맞지?,해당없음(정상 메시지),일상적인 사적 대화 예시(합성)
2407,0,정상,정상,일상대화,SMS,서연아 오늘 저녁 7시 홍대에서 냉면 어때? 시간 되면 연락줘~,해당없음(정상 메시지),일상적인 사적 대화 예시(합성)
2408,0,정상,정상,일상대화,SMS,"할아버지, 몸살 걸렸다고 들었는데 괜찮아요? 푹 쉬고 마라탕라도 챙겨 먹어요",해당없음(정상 메시지),일상적인 사적 대화 예시(합성)
2409,0,정상,정상,일상대화,SMS,"오빠, 즐거운 명절 보내세요! 이번 연휴에 파스타 많이 드시고 편히 쉬세요",해당없음(정상 메시지),일상적인 사적 대화 예시(합성)
2410,0,정상,정상,일상대화,SMS,"동생, 오는 길에 우산 좀 챙겨다 줄 수 있어요? 영화관 근처에서 살게요",해당없음(정상 메시지),일상적인 사적 대화 예시(합성)
2411,0,정상,정상,일상대화,SMS,"친구, 오는 길에 이어폰 좀 챙겨다 줄 수 있어요? 홍대 근처에서 살게요",해당없음(정상 메시지),일상적인 사적 대화 예시(합성)
2412,0,정상,정상,일상대화,SMS,"아빠, 날씨 진짜 좋는데 외출할 때 옷 따뜻하게 입어~ 감기 조심하고",해당없음(정상 메시지),일상적인 사적 대화 예시(합성)
2413,0,정상,정상,일상대화,SMS,어제 도와줘서 진짜 고마워! 덕분에 드라이브 잘 끝냈어. 다음에 내가 초밥 살게,해당없음(정상 메시지),일상적인 사적 대화 예시(합성)
2414,0,정상,정상,일상대화,SMS,미안 미안 차가 막혀서 좀 늦을 것 같아. 홍대 도착하면 10분 정도 걸릴 듯!,해당없음(정상 메시지),일상적인 사적 대화 예시(합성)
2415,0,정상,정상,일상대화,SMS,예은아 그 드라마 봤어? 완전 재밌더라 시간 되면 같이 등산하면서 보자,해당없음(정상 메시지),일상적인 사적 대화 예시(합성)
2416,0,정상,정상,일상대화,SMS,서연아 완전 축하해!! 진짜 고생했다 ㅠㅠ 이번 주에 마라탕 먹으면서 축하하자,해당없음(정상 메시지),일상적인 사적 대화 예시(합성)
2417,0,정상,정상,일상대화,SMS,어제 도와줘서 진짜 고마워! 덕분에 드라이브 잘 끝냈어. 다음에 내가 떡볶이 살게,해당없음(정상 메시지),일상적인 사적 대화 예시(합성)
2418,0,정상,정상,일상대화,SMS,채원아 이번 주 스터디 오늘 오후 3시쯤에 홍대에서 하는 거 맞지?,해당없음(정상 메시지),일상적인 사적 대화 예시(합성)
2419,0,정상,정상,일상대화,SMS,혹시 텀블러 좀 빌려줄 수 있어? 이번 주말쯤 쓰고 바로 돌려줄게,해당없음(정상 메시지),일상적인 사적 대화 예시(합성)
2420,0,정상,정상,일상대화,SMS,현우야 그 드라마 봤어? 완전 재밌더라 시간 되면 같이 스터디하면서 보자,해당없음(정상 메시지),일상적인 사적 대화 예시(합성)
2421,0,정상,정상,일상대화,SMS,지훈아 다음 주 화요일 성수동에서 초밥 어때? 시간 되면 연락줘~,해당없음(정상 메시지),일상적인 사적 대화 예시(합성)
2422,0,정상,정상,일상대화,SMS,미안 미안 차가 막혀서 좀 늦을 것 같아. 동네 마트 도착하면 10분 정도 걸릴 듯!,해당없음(정상 메시지),일상적인 사적 대화 예시(합성)
2423,0,정상,정상,일상대화,SMS,"아빠, 오는 길에 노트북 좀 챙겨다 줄 수 있어요? 학교 앞 분식집 근처에서 살게요",해당없음(정상 메시지),일상적인 사적 대화 예시(합성)
2424,0,정상,정상,일상대화,SMS,"삼촌, 요즘 많이 힘들지... 언제든 얘기하고 싶으면 연락해, 옆에 있을게",해당없음(정상 메시지),일상적인 사적 대화 예시(합성)
2425,0,정상,정상,일상대화,SMS,"지훈아 생일 축하해!! 오늘 저녁에 초밥 먹으러 가자, 내가 쏠게 ㅎㅎ",해당없음(정상 메시지),일상적인 사적 대화 예시(합성)
2426,0,정상,정상,일상대화,SMS,도윤아 일요일 오전 홍대에서 파스타 어때? 시간 되면 연락줘~,해당없음(정상 메시지),일상적인 사적 대화 예시(합성)
2427,0,정상,정상,일상대화,SMS,"삼촌, 몸살 걸렸다고 들었는데 괜찮아요? 푹 쉬고 치킨라도 챙겨 먹어요",해당없음(정상 메시지),일상적인 사적 대화 예시(합성)
2428,0,정상,정상,일상대화,SMS,오늘 저녁 7시 약속 잊지 않았지? 홍대 앞에서 보는 걸로 하자!,해당없음(정상 메시지),일상적인 사적 대화 예시(합성)
2429,0,정상,정상,일상대화,SMS,"동생, 저녁 드셨어요? 오늘 갑자기 추워졌는데 감기 조심하시고 일찍 주무세요",해당없음(정상 메시지),일상적인 사적 대화 예시(합성)
2430,0,정상,정상,일상대화,SMS,우리 금요일 퇴근하고쯤 여행 계획 짜볼까? 회사 앞 김밥집 근처 숙소 좀 알아볼게,해당없음(정상 메시지),일상적인 사적 대화 예시(합성)
2431,0,정상,정상,일상대화,SMS,"삼촌, 오는 길에 텀블러 좀 챙겨다 줄 수 있어요? 강남역 근처에서 살게요",해당없음(정상 메시지),일상적인 사적 대화 예시(합성)
2432,0,정상,정상,일상대화,SMS,"하준아 생일 축하해!! 오늘 저녁에 파스타 먹으러 가자, 내가 쏠게 ㅎㅎ",해당없음(정상 메시지),일상적인 사적 대화 예시(합성)
2433,0,정상,정상,일상대화,SMS,어제 도와줘서 진짜 고마워! 덕분에 영화 보기 잘 끝냈어. 다음에 내가 냉면 살게,해당없음(정상 메시지),일상적인 사적 대화 예시(합성)
2434,0,정상,정상,일상대화,SMS,나 지금 합정 도착했어! 어디쯤이야?,해당없음(정상 메시지),일상적인 사적 대화 예시(합성)
2435,0,정상,정상,일상대화,SMS,"동생, 오는 길에 책 좀 챙겨다 줄 수 있어요? 우리 동네 카페 근처에서 살게요",해당없음(정상 메시지),일상적인 사적 대화 예시(합성)
2436,0,정상,정상,일상대화,SMS,혹시 이어폰 좀 빌려줄 수 있어? 일요일 오전쯤 쓰고 바로 돌려줄게,해당없음(정상 메시지),일상적인 사적 대화 예시(합성)
2437,0,정상,정상,일상대화,SMS,예은아 다음 주 화요일 건대입구에서 국밥 어때? 시간 되면 연락줘~,해당없음(정상 메시지),일상적인 사적 대화 예시(합성)
2438,0,정상,정상,일상대화,SMS,수진아 오늘 오후 3시쯤 우리 집 근처 공원에서 파스타 어때? 시간 되면 연락줘~,해당없음(정상 메시지),일상적인 사적 대화 예시(합성)
2439,0,정상,정상,일상대화,SMS,어제 도와줘서 진짜 고마워! 덕분에 운동 잘 끝냈어. 다음에 내가 마라탕 살게,해당없음(정상 메시지),일상적인 사적 대화 예시(합성)
2440,0,정상,정상,일상대화,SMS,채원아 이번 주말 회사 앞 김밥집에서 냉면 어때? 시간 되면 연락줘~,해당없음(정상 메시지),일상적인 사적 대화 예시(합성)
2441,0,정상,정상,일상대화,SMS,수진아 이번 주 스터디 다음 주 화요일에 건대입구에서 하는 거 맞지?,해당없음(정상 메시지),일상적인 사적 대화 예시(합성)
2442,0,정상,정상,일상대화,SMS,어제 도와줘서 진짜 고마워! 덕분에 드라이브 잘 끝냈어. 다음에 내가 피자 살게,해당없음(정상 메시지),일상적인 사적 대화 예시(합성)
2443,0,정상,정상,일상대화,SMS,지우야 이번 주 스터디 이번 주말에 영화관에서 하는 거 맞지?,해당없음(정상 메시지),일상적인 사적 대화 예시(합성)
2444,0,정상,정상,일상대화,SMS,우리 강아지 오늘 산책하다가 한강공원에서 친구를 만났어 ㅋㅋ 완전 신났더라,해당없음(정상 메시지),일상적인 사적 대화 예시(합성)
2445,0,정상,정상,일상대화,SMS,"현우야 생일 축하해!! 오늘 저녁에 치킨 먹으러 가자, 내가 쏠게 ㅎㅎ",해당없음(정상 메시지),일상적인 사적 대화 예시(합성)
2446,0,정상,정상,일상대화,SMS,"아빠, 오는 길에 우산 좀 챙겨다 줄 수 있어요? 우리 동네 카페 근처에서 살게요",해당없음(정상 메시지),일상적인 사적 대화 예시(합성)
2447,0,정상,정상,일상대화,SMS,우리 이번 주말쯤 여행 계획 짜볼까? 동네 마트 근처 숙소 좀 알아볼게,해당없음(정상 메시지),일상적인 사적 대화 예시(합성)
2448,0,정상,정상,일상대화,SMS,"할머니, 요즘 많이 힘들지... 언제든 얘기하고 싶으면 연락해, 옆에 있을게",해당없음(정상 메시지),일상적인 사적 대화 예시(합성)
2449,0,정상,정상,일상대화,SMS,나 지금 우리 집 근처 공원 도착했어! 어디쯤이야?,해당없음(정상 메시지),일상적인 사적 대화 예시(합성)
2450,0,정상,정상,일상대화,SMS,민준아 완전 축하해!! 진짜 고생했다 ㅠㅠ 이번 주에 피자 먹으면서 축하하자,해당없음(정상 메시지),일상적인 사적 대화 예시(합성)
2451,0,정상,정상,일상대화,SMS,도윤아 완전 축하해!! 진짜 고생했다 ㅠㅠ 이번 주에 냉면 먹으면서 축하하자,해당없음(정상 메시지),일상적인 사적 대화 예시(합성)
2452,0,정상,정상,일상대화,SMS,"수진아 생일 축하해!! 오늘 저녁에 냉면 먹으러 가자, 내가 쏠게 ㅎㅎ",해당없음(정상 메시지),일상적인 사적 대화 예시(합성)
2453,0,정상,정상,일상대화,SMS,이번 주말에 뭐해? 시간 괜찮으면 회사 앞 김밥집에서 캠핑할래?,해당없음(정상 메시지),일상적인 사적 대화 예시(합성)
2454,0,정상,정상,일상대화,SMS,도윤아 요즘 잘 지내? 오랜만이다 ㅎㅎ 언제 한번 학교 앞 분식집에서 보자,해당없음(정상 메시지),일상적인 사적 대화 예시(합성)
2455,0,정상,정상,일상대화,SMS,서연아 금요일 퇴근하고 홍대에서 삼겹살 어때? 시간 되면 연락줘~,해당없음(정상 메시지),일상적인 사적 대화 예시(합성)
2456,0,정상,정상,일상대화,SMS,도윤아 완전 축하해!! 진짜 고생했다 ㅠㅠ 이번 주에 비빔밥 먹으면서 축하하자,해당없음(정상 메시지),일상적인 사적 대화 예시(합성)
2457,0,정상,정상,일상대화,SMS,"동생, 즐거운 명절 보내세요! 이번 연휴에 치킨 많이 드시고 편히 쉬세요",해당없음(정상 메시지),일상적인 사적 대화 예시(합성)
2458,0,정상,정상,일상대화,SMS,수진아 내일 점심 동네 마트에서 비빔밥 어때? 시간 되면 연락줘~,해당없음(정상 메시지),일상적인 사적 대화 예시(합성)
2459,0,정상,정상,일상대화,SMS,"민준아 생일 축하해!! 오늘 저녁에 마라탕 먹으러 가자, 내가 쏠게 ㅎㅎ",해당없음(정상 메시지),일상적인 사적 대화 예시(합성)
2460,0,정상,정상,일상대화,SMS,"엄마, 저녁 드셨어요? 오늘 미세먼지 심하는데 감기 조심하시고 일찍 주무세요",해당없음(정상 메시지),일상적인 사적 대화 예시(합성)
2461,0,정상,정상,일상대화,SMS,하준아 일요일 오전 학교 앞 분식집에서 피자 어때? 시간 되면 연락줘~,해당없음(정상 메시지),일상적인 사적 대화 예시(합성)
2462,0,정상,정상,일상대화,SMS,"누나, 저녁 드셨어요? 오늘 너무 더워졌는데 감기 조심하시고 일찍 주무세요",해당없음(정상 메시지),일상적인 사적 대화 예시(합성)
2463,0,정상,정상,일상대화,SMS,"오빠, 비가 많이 온는데 외출할 때 옷 따뜻하게 입어~ 감기 조심하고",해당없음(정상 메시지),일상적인 사적 대화 예시(합성)
2464,0,정상,정상,일상대화,SMS,미안 미안 차가 막혀서 좀 늦을 것 같아. 건대입구 도착하면 10분 정도 걸릴 듯!,해당없음(정상 메시지),일상적인 사적 대화 예시(합성)
2465,0,정상,정상,일상대화,SMS,"언니, 오늘 마트 가는 길에 마라탕 재료 좀 사다 줄 수 있어요?",해당없음(정상 메시지),일상적인 사적 대화 예시(합성)
2466,0,정상,정상,일상대화,SMS,예은아 오늘 오후 3시쯤 성수동에서 삼겹살 어때? 시간 되면 연락줘~,해당없음(정상 메시지),일상적인 사적 대화 예시(합성)
2467,0,정상,정상,일상대화,SMS,미안 미안 차가 막혀서 좀 늦을 것 같아. 우리 집 근처 공원 도착하면 10분 정도 걸릴 듯!,해당없음(정상 메시지),일상적인 사적 대화 예시(합성)
2468,0,정상,정상,일상대화,SMS,"아빠, 오늘 마트 가는 길에 비빔밥 재료 좀 사다 줄 수 있어요?",해당없음(정상 메시지),일상적인 사적 대화 예시(합성)
2469,0,정상,정상,일상대화,SMS,수진아 완전 축하해!! 진짜 고생했다 ㅠㅠ 이번 주에 떡볶이 먹으면서 축하하자,해당없음(정상 메시지),일상적인 사적 대화 예시(합성)
2470,0,정상,정상,일상대화,SMS,예은아 그 드라마 봤어? 완전 재밌더라 시간 되면 같이 스터디하면서 보자,해당없음(정상 메시지),일상적인 사적 대화 예시(합성)
2471,0,정상,정상,일상대화,SMS,수진아 요즘 잘 지내? 오랜만이다 ㅎㅎ 언제 한번 성수동에서 보자,해당없음(정상 메시지),일상적인 사적 대화 예시(합성)
2472,0,정상,정상,일상대화,SMS,"이모, 비가 많이 온는데 외출할 때 옷 따뜻하게 입어~ 감기 조심하고",해당없음(정상 메시지),일상적인 사적 대화 예시(합성)
2473,0,정상,정상,일상대화,SMS,"누나, 오는 길에 충전기 좀 챙겨다 줄 수 있어요? 한강공원 근처에서 살게요",해당없음(정상 메시지),일상적인 사적 대화 예시(합성)
2474,0,정상,정상,일상대화,SMS,모레 저녁 약속 잊지 않았지? 성수동 앞에서 보는 걸로 하자!,해당없음(정상 메시지),일상적인 사적 대화 예시(합성)
2475,0,정상,정상,일상대화,SMS,"서연아 생일 축하해!! 오늘 저녁에 삼겹살 먹으러 가자, 내가 쏠게 ㅎㅎ",해당없음(정상 메시지),일상적인 사적 대화 예시(합성)
2476,0,정상,정상,일상대화,SMS,"동생, 오늘 마트 가는 길에 피자 재료 좀 사다 줄 수 있어요?",해당없음(정상 메시지),일상적인 사적 대화 예시(합성)
2477,0,정상,정상,일상대화,SMS,"누나, 오늘 마트 가는 길에 치킨 재료 좀 사다 줄 수 있어요?",해당없음(정상 메시지),일상적인 사적 대화 예시(합성)
2478,0,정상,정상,일상대화,SMS,어제 도와줘서 진짜 고마워! 덕분에 스터디 잘 끝냈어. 다음에 내가 파스타 살게,해당없음(정상 메시지),일상적인 사적 대화 예시(합성)
2479,0,정상,정상,일상대화,SMS,"형, 몸살 걸렸다고 들었는데 괜찮아요? 푹 쉬고 삼겹살라도 챙겨 먹어요",해당없음(정상 메시지),일상적인 사적 대화 예시(합성)
2480,0,정상,정상,일상대화,SMS,"동생, 저녁 드셨어요? 오늘 미세먼지 심하는데 감기 조심하시고 일찍 주무세요",해당없음(정상 메시지),일상적인 사적 대화 예시(합성)
2481,0,정상,정상,일상대화,SMS,금요일 퇴근하고 약속 잊지 않았지? 학교 앞 분식집 앞에서 보는 걸로 하자!,해당없음(정상 메시지),일상적인 사적 대화 예시(합성)
2482,0,정상,정상,일상대화,SMS,"오빠, 오는 길에 이어폰 좀 챙겨다 줄 수 있어요? 성수동 근처에서 살게요",해당없음(정상 메시지),일상적인 사적 대화 예시(합성)
2483,0,정상,정상,일상대화,SMS,채원아 이번 주 스터디 금요일 퇴근하고에 학교 앞 분식집에서 하는 거 맞지?,해당없음(정상 메시지),일상적인 사적 대화 예시(합성)
2484,0,정상,정상,일상대화,SMS,모레 저녁 약속 잊지 않았지? 학교 앞 분식집 앞에서 보는 걸로 하자!,해당없음(정상 메시지),일상적인 사적 대화 예시(합성)
2485,0,정상,정상,일상대화,SMS,"이모, 저녁 드셨어요? 오늘 갑자기 추워졌는데 감기 조심하시고 일찍 주무세요",해당없음(정상 메시지),일상적인 사적 대화 예시(합성)
2486,0,정상,정상,일상대화,SMS,"할아버지, 오는 길에 이어폰 좀 챙겨다 줄 수 있어요? 홍대 근처에서 살게요",해당없음(정상 메시지),일상적인 사적 대화 예시(합성)
2487,0,정상,정상,일상대화,SMS,"지우야 생일 축하해!! 오늘 저녁에 떡볶이 먹으러 가자, 내가 쏠게 ㅎㅎ",해당없음(정상 메시지),일상적인 사적 대화 예시(합성)
2488,0,정상,정상,일상대화,SMS,"동생, 저녁 드셨어요? 오늘 너무 더워졌는데 감기 조심하시고 일찍 주무세요",해당없음(정상 메시지),일상적인 사적 대화 예시(합성)
2489,0,정상,정상,일상대화,SMS,우리 오늘 저녁 7시쯤 여행 계획 짜볼까? 강남역 근처 숙소 좀 알아볼게,해당없음(정상 메시지),일상적인 사적 대화 예시(합성)
2490,0,정상,정상,일상대화,SMS,이번 주말에 뭐해? 시간 괜찮으면 회사 앞 김밥집에서 영화 보기할래?,해당없음(정상 메시지),일상적인 사적 대화 예시(합성)
2491,0,정상,정상,일상대화,SMS,"누나, 너무 더워졌는데 외출할 때 옷 따뜻하게 입어~ 감기 조심하고",해당없음(정상 메시지),일상적인 사적 대화 예시(합성)
2492,0,정상,정상,일상대화,SMS,예은아 그 드라마 봤어? 완전 재밌더라 시간 되면 같이 운동하면서 보자,해당없음(정상 메시지),일상적인 사적 대화 예시(합성)
2493,0,정상,정상,일상대화,SMS,민준아 모레 저녁 우리 집 근처 공원에서 국밥 어때? 시간 되면 연락줘~,해당없음(정상 메시지),일상적인 사적 대화 예시(합성)
2494,0,정상,정상,일상대화,SMS,민준아 이번 주 스터디 금요일 퇴근하고에 한강공원에서 하는 거 맞지?,해당없음(정상 메시지),일상적인 사적 대화 예시(합성)
2495,0,정상,정상,일상대화,SMS,"할아버지, 오늘 마트 가는 길에 냉면 재료 좀 사다 줄 수 있어요?",해당없음(정상 메시지),일상적인 사적 대화 예시(합성)
2496,0,정상,정상,일상대화,SMS,서연아 그 드라마 봤어? 완전 재밌더라 시간 되면 같이 스터디하면서 보자,해당없음(정상 메시지),일상적인 사적 대화 예시(합성)
2497,0,정상,정상,일상대화,SMS,"할머니, 즐거운 명절 보내세요! 이번 연휴에 마라탕 많이 드시고 편히 쉬세요",해당없음(정상 메시지),일상적인 사적 대화 예시(합성)
2498,0,정상,정상,일상대화,SMS,채원아 그 드라마 봤어? 완전 재밌더라 시간 되면 같이 캠핑하면서 보자,해당없음(정상 메시지),일상적인 사적 대화 예시(합성)
2499,0,정상,정상,일상대화,SMS,"할머니, 몸살 걸렸다고 들었는데 괜찮아요? 푹 쉬고 초밥라도 챙겨 먹어요",해당없음(정상 메시지),일상적인 사적 대화 예시(합성)
2500,0,정상,정상,일상대화,SMS,예은아 금요일 퇴근하고 강남역에서 초밥 어때? 시간 되면 연락줘~,해당없음(정상 메시지),일상적인 사적 대화 예시(합성)
2501,0,정상,정상,일상대화,SMS,이번 주말에 뭐해? 시간 괜찮으면 강남역에서 장보기할래?,해당없음(정상 메시지),일상적인 사적 대화 예시(합성)
2502,0,정상,정상,일상대화,SMS,어제 도와줘서 진짜 고마워! 덕분에 드라이브 잘 끝냈어. 다음에 내가 냉면 살게,해당없음(정상 메시지),일상적인 사적 대화 예시(합성)
2503,0,정상,정상,일상대화,SMS,이번 주말에 뭐해? 시간 괜찮으면 한강공원에서 전시회 관람할래?,해당없음(정상 메시지),일상적인 사적 대화 예시(합성)
2504,0,정상,정상,일상대화,SMS,다음 주 화요일 약속 잊지 않았지? 건대입구 앞에서 보는 걸로 하자!,해당없음(정상 메시지),일상적인 사적 대화 예시(합성)
2505,0,정상,정상,일상대화,SMS,"삼촌, 미세먼지 심하는데 외출할 때 옷 따뜻하게 입어~ 감기 조심하고",해당없음(정상 메시지),일상적인 사적 대화 예시(합성)
2506,0,정상,정상,일상대화,SMS,"동생, 오늘 마트 가는 길에 치킨 재료 좀 사다 줄 수 있어요?",해당없음(정상 메시지),일상적인 사적 대화 예시(합성)
2507,0,정상,정상,일상대화,SMS,"언니, 몸살 걸렸다고 들었는데 괜찮아요? 푹 쉬고 냉면라도 챙겨 먹어요",해당없음(정상 메시지),일상적인 사적 대화 예시(합성)
2508,0,정상,정상,일상대화,SMS,이번 주말에 뭐해? 시간 괜찮으면 동네 마트에서 전시회 관람할래?,해당없음(정상 메시지),일상적인 사적 대화 예시(합성)
2509,0,정상,정상,일상대화,SMS,"할머니, 오늘 마트 가는 길에 삼겹살 재료 좀 사다 줄 수 있어요?",해당없음(정상 메시지),일상적인 사적 대화 예시(합성)
2510,0,정상,정상,일상대화,SMS,모레 저녁 약속 잊지 않았지? 우리 동네 카페 앞에서 보는 걸로 하자!,해당없음(정상 메시지),일상적인 사적 대화 예시(합성)
2511,0,정상,정상,일상대화,SMS,민준아 요즘 잘 지내? 오랜만이다 ㅎㅎ 언제 한번 홍대에서 보자,해당없음(정상 메시지),일상적인 사적 대화 예시(합성)
2512,0,정상,정상,일상대화,SMS,"오빠, 오는 길에 노트북 좀 챙겨다 줄 수 있어요? 홍대 근처에서 살게요",해당없음(정상 메시지),일상적인 사적 대화 예시(합성)
2513,0,정상,정상,일상대화,SMS,지훈아 그 드라마 봤어? 완전 재밌더라 시간 되면 같이 스터디하면서 보자,해당없음(정상 메시지),일상적인 사적 대화 예시(합성)
2514,0,정상,정상,일상대화,SMS,우리 다음 주 화요일쯤 여행 계획 짜볼까? 우리 집 근처 공원 근처 숙소 좀 알아볼게,해당없음(정상 메시지),일상적인 사적 대화 예시(합성)
2515,0,정상,정상,일상대화,SMS,"서연아 생일 축하해!! 오늘 저녁에 국밥 먹으러 가자, 내가 쏠게 ㅎㅎ",해당없음(정상 메시지),일상적인 사적 대화 예시(합성)
2516,0,정상,정상,일상대화,SMS,"친구, 몸살 걸렸다고 들었는데 괜찮아요? 푹 쉬고 삼겹살라도 챙겨 먹어요",해당없음(정상 메시지),일상적인 사적 대화 예시(합성)
2517,0,정상,정상,일상대화,SMS,민준아 완전 축하해!! 진짜 고생했다 ㅠㅠ 이번 주에 냉면 먹으면서 축하하자,해당없음(정상 메시지),일상적인 사적 대화 예시(합성)
2518,0,정상,정상,일상대화,SMS,"엄마, 즐거운 명절 보내세요! 이번 연휴에 마라탕 많이 드시고 편히 쉬세요",해당없음(정상 메시지),일상적인 사적 대화 예시(합성)
2519,0,정상,정상,일상대화,SMS,예은아 내일 점심 건대입구에서 초밥 어때? 시간 되면 연락줘~,해당없음(정상 메시지),일상적인 사적 대화 예시(합성)
2520,0,정상,정상,일상대화,SMS,"아빠, 요즘 많이 힘들지... 언제든 얘기하고 싶으면 연락해, 옆에 있을게",해당없음(정상 메시지),일상적인 사적 대화 예시(합성)
2521,0,정상,정상,일상대화,SMS,"예은아 생일 축하해!! 오늘 저녁에 냉면 먹으러 가자, 내가 쏠게 ㅎㅎ",해당없음(정상 메시지),일상적인 사적 대화 예시(합성)
2522,0,정상,정상,일상대화,SMS,오늘 저녁 7시 약속 잊지 않았지? 우리 집 근처 공원 앞에서 보는 걸로 하자!,해당없음(정상 메시지),일상적인 사적 대화 예시(합성)
2523,0,정상,정상,일상대화,SMS,어제 도와줘서 진짜 고마워! 덕분에 운동 잘 끝냈어. 다음에 내가 삼겹살 살게,해당없음(정상 메시지),일상적인 사적 대화 예시(합성)
2524,0,정상,정상,일상대화,SMS,"수진아 생일 축하해!! 오늘 저녁에 비빔밥 먹으러 가자, 내가 쏠게 ㅎㅎ",해당없음(정상 메시지),일상적인 사적 대화 예시(합성)
2525,0,정상,정상,일상대화,SMS,미안 미안 차가 막혀서 좀 늦을 것 같아. 강남역 도착하면 10분 정도 걸릴 듯!,해당없음(정상 메시지),일상적인 사적 대화 예시(합성)
2526,0,정상,정상,일상대화,SMS,내일 점심 약속 잊지 않았지? 영화관 앞에서 보는 걸로 하자!,해당없음(정상 메시지),일상적인 사적 대화 예시(합성)
2527,0,정상,정상,일상대화,SMS,서연아 요즘 잘 지내? 오랜만이다 ㅎㅎ 언제 한번 회사 앞 김밥집에서 보자,해당없음(정상 메시지),일상적인 사적 대화 예시(합성)
2528,0,정상,정상,일상대화,SMS,"할아버지, 오늘 마트 가는 길에 마라탕 재료 좀 사다 줄 수 있어요?",해당없음(정상 메시지),일상적인 사적 대화 예시(합성)
2529,0,정상,정상,일상대화,SMS,"삼촌, 즐거운 명절 보내세요! 이번 연휴에 국밥 많이 드시고 편히 쉬세요",해당없음(정상 메시지),일상적인 사적 대화 예시(합성)
2530,0,정상,정상,일상대화,SMS,"아빠, 오늘 마트 가는 길에 파스타 재료 좀 사다 줄 수 있어요?",해당없음(정상 메시지),일상적인 사적 대화 예시(합성)
2531,0,정상,정상,일상대화,SMS,"누나, 요즘 많이 힘들지... 언제든 얘기하고 싶으면 연락해, 옆에 있을게",해당없음(정상 메시지),일상적인 사적 대화 예시(합성)
2532,0,정상,정상,일상대화,SMS,도윤아 그 드라마 봤어? 완전 재밌더라 시간 되면 같이 등산하면서 보자,해당없음(정상 메시지),일상적인 사적 대화 예시(합성)
2533,0,정상,정상,일상대화,SMS,도윤아 이번 주말 회사 앞 김밥집에서 마라탕 어때? 시간 되면 연락줘~,해당없음(정상 메시지),일상적인 사적 대화 예시(합성)
2534,0,정상,정상,일상대화,SMS,이번 주말에 뭐해? 시간 괜찮으면 성수동에서 스터디할래?,해당없음(정상 메시지),일상적인 사적 대화 예시(합성)
2535,0,정상,정상,일상대화,SMS,"채원아 생일 축하해!! 오늘 저녁에 떡볶이 먹으러 가자, 내가 쏠게 ㅎㅎ",해당없음(정상 메시지),일상적인 사적 대화 예시(합성)
2536,0,정상,정상,일상대화,SMS,우리 내일 점심쯤 여행 계획 짜볼까? 강남역 근처 숙소 좀 알아볼게,해당없음(정상 메시지),일상적인 사적 대화 예시(합성)
2537,0,정상,정상,일상대화,SMS,이번 주말에 뭐해? 시간 괜찮으면 동네 마트에서 운동할래?,해당없음(정상 메시지),일상적인 사적 대화 예시(합성)
2538,0,정상,정상,일상대화,SMS,혹시 노트북 좀 빌려줄 수 있어? 다음 주 화요일쯤 쓰고 바로 돌려줄게,해당없음(정상 메시지),일상적인 사적 대화 예시(합성)
2539,0,정상,정상,일상대화,SMS,이번 주말에 뭐해? 시간 괜찮으면 우리 동네 카페에서 스터디할래?,해당없음(정상 메시지),일상적인 사적 대화 예시(합성)
2540,0,정상,정상,일상대화,SMS,혹시 책 좀 빌려줄 수 있어? 다음 주 화요일쯤 쓰고 바로 돌려줄게,해당없음(정상 메시지),일상적인 사적 대화 예시(합성)
2541,0,정상,정상,일상대화,SMS,내일 점심 약속 잊지 않았지? 건대입구 앞에서 보는 걸로 하자!,해당없음(정상 메시지),일상적인 사적 대화 예시(합성)
2542,0,정상,정상,일상대화,SMS,혹시 텀블러 좀 빌려줄 수 있어? 다음 주 화요일쯤 쓰고 바로 돌려줄게,해당없음(정상 메시지),일상적인 사적 대화 예시(합성)
2543,0,정상,정상,일상대화,SMS,나 지금 건대입구 도착했어! 어디쯤이야?,해당없음(정상 메시지),일상적인 사적 대화 예시(합성)
2544,0,정상,정상,일상대화,SMS,지훈아 완전 축하해!! 진짜 고생했다 ㅠㅠ 이번 주에 삼겹살 먹으면서 축하하자,해당없음(정상 메시지),일상적인 사적 대화 예시(합성)
2545,0,정상,정상,일상대화,SMS,"엄마, 오늘 마트 가는 길에 떡볶이 재료 좀 사다 줄 수 있어요?",해당없음(정상 메시지),일상적인 사적 대화 예시(합성)
2546,0,정상,정상,일상대화,SMS,지훈아 완전 축하해!! 진짜 고생했다 ㅠㅠ 이번 주에 마라탕 먹으면서 축하하자,해당없음(정상 메시지),일상적인 사적 대화 예시(합성)
2547,0,정상,정상,일상대화,SMS,이번 주말에 뭐해? 시간 괜찮으면 강남역에서 캠핑할래?,해당없음(정상 메시지),일상적인 사적 대화 예시(합성)
2548,0,정상,정상,일상대화,SMS,이번 주말에 뭐해? 시간 괜찮으면 건대입구에서 운동할래?,해당없음(정상 메시지),일상적인 사적 대화 예시(합성)
2549,0,정상,정상,일상대화,SMS,지훈아 일요일 오전 강남역에서 피자 어때? 시간 되면 연락줘~,해당없음(정상 메시지),일상적인 사적 대화 예시(합성)
2550,0,정상,정상,일상대화,SMS,"언니, 즐거운 명절 보내세요! 이번 연휴에 삼겹살 많이 드시고 편히 쉬세요",해당없음(정상 메시지),일상적인 사적 대화 예시(합성)
2551,0,정상,정상,일상대화,SMS,"오빠, 요즘 많이 힘들지... 언제든 얘기하고 싶으면 연락해, 옆에 있을게",해당없음(정상 메시지),일상적인 사적 대화 예시(합성)
2552,0,정상,정상,일상대화,SMS,우리 일요일 오전쯤 여행 계획 짜볼까? 회사 앞 김밥집 근처 숙소 좀 알아볼게,해당없음(정상 메시지),일상적인 사적 대화 예시(합성)
2553,0,정상,정상,일상대화,SMS,"할아버지, 즐거운 명절 보내세요! 이번 연휴에 국밥 많이 드시고 편히 쉬세요",해당없음(정상 메시지),일상적인 사적 대화 예시(합성)
2554,0,정상,정상,일상대화,SMS,도윤아 그 드라마 봤어? 완전 재밌더라 시간 되면 같이 캠핑하면서 보자,해당없음(정상 메시지),일상적인 사적 대화 예시(합성)
2555,0,정상,정상,일상대화,SMS,미안 미안 차가 막혀서 좀 늦을 것 같아. 한강공원 도착하면 10분 정도 걸릴 듯!,해당없음(정상 메시지),일상적인 사적 대화 예시(합성)
2556,0,정상,정상,일상대화,SMS,우리 강아지 오늘 산책하다가 학교 앞 분식집에서 친구를 만났어 ㅋㅋ 완전 신났더라,해당없음(정상 메시지),일상적인 사적 대화 예시(합성)
2557,0,정상,정상,일상대화,SMS,혹시 책 좀 빌려줄 수 있어? 이번 주말쯤 쓰고 바로 돌려줄게,해당없음(정상 메시지),일상적인 사적 대화 예시(합성)
2558,0,정상,정상,일상대화,SMS,이번 주말에 뭐해? 시간 괜찮으면 건대입구에서 영화 보기할래?,해당없음(정상 메시지),일상적인 사적 대화 예시(합성)
2559,0,정상,정상,일상대화,SMS,"아빠, 몸살 걸렸다고 들었는데 괜찮아요? 푹 쉬고 마라탕라도 챙겨 먹어요",해당없음(정상 메시지),일상적인 사적 대화 예시(합성)
2560,0,정상,정상,일상대화,SMS,서연아 모레 저녁 홍대에서 치킨 어때? 시간 되면 연락줘~,해당없음(정상 메시지),일상적인 사적 대화 예시(합성)
2561,0,정상,정상,일상대화,SMS,수진아 내일 점심 합정에서 떡볶이 어때? 시간 되면 연락줘~,해당없음(정상 메시지),일상적인 사적 대화 예시(합성)
2562,0,정상,정상,일상대화,SMS,"언니, 저녁 드셨어요? 오늘 너무 더워졌는데 감기 조심하시고 일찍 주무세요",해당없음(정상 메시지),일상적인 사적 대화 예시(합성)
2563,0,정상,정상,일상대화,SMS,어제 도와줘서 진짜 고마워! 덕분에 드라이브 잘 끝냈어. 다음에 내가 치킨 살게,해당없음(정상 메시지),일상적인 사적 대화 예시(합성)
2564,0,정상,정상,일상대화,SMS,"형, 오는 길에 이어폰 좀 챙겨다 줄 수 있어요? 영화관 근처에서 살게요",해당없음(정상 메시지),일상적인 사적 대화 예시(합성)
2565,0,정상,정상,일상대화,SMS,"오빠, 저녁 드셨어요? 오늘 미세먼지 심하는데 감기 조심하시고 일찍 주무세요",해당없음(정상 메시지),일상적인 사적 대화 예시(합성)
2566,0,정상,정상,일상대화,SMS,수진아 이번 주 스터디 오늘 오후 3시쯤에 강남역에서 하는 거 맞지?,해당없음(정상 메시지),일상적인 사적 대화 예시(합성)
2567,0,정상,정상,일상대화,SMS,"엄마, 몸살 걸렸다고 들었는데 괜찮아요? 푹 쉬고 파스타라도 챙겨 먹어요",해당없음(정상 메시지),일상적인 사적 대화 예시(합성)
2568,0,정상,정상,일상대화,SMS,내일 점심 약속 잊지 않았지? 회사 앞 김밥집 앞에서 보는 걸로 하자!,해당없음(정상 메시지),일상적인 사적 대화 예시(합성)
2569,0,정상,정상,일상대화,SMS,"할머니, 미세먼지 심하는데 외출할 때 옷 따뜻하게 입어~ 감기 조심하고",해당없음(정상 메시지),일상적인 사적 대화 예시(합성)
2570,0,정상,정상,일상대화,SMS,수진아 요즘 잘 지내? 오랜만이다 ㅎㅎ 언제 한번 우리 동네 카페에서 보자,해당없음(정상 메시지),일상적인 사적 대화 예시(합성)
2571,0,정상,정상,일상대화,SMS,"도윤아 생일 축하해!! 오늘 저녁에 비빔밥 먹으러 가자, 내가 쏠게 ㅎㅎ",해당없음(정상 메시지),일상적인 사적 대화 예시(합성)
2572,0,정상,정상,일상대화,SMS,"이모, 오는 길에 우산 좀 챙겨다 줄 수 있어요? 강남역 근처에서 살게요",해당없음(정상 메시지),일상적인 사적 대화 예시(합성)
2573,0,정상,정상,일상대화,SMS,"할아버지, 저녁 드셨어요? 오늘 비가 많이 온는데 감기 조심하시고 일찍 주무세요",해당없음(정상 메시지),일상적인 사적 대화 예시(합성)
2574,0,정상,정상,일상대화,SMS,수진아 완전 축하해!! 진짜 고생했다 ㅠㅠ 이번 주에 삼겹살 먹으면서 축하하자,해당없음(정상 메시지),일상적인 사적 대화 예시(합성)
2575,0,정상,정상,일상대화,SMS,이번 주말에 뭐해? 시간 괜찮으면 홍대에서 캠핑할래?,해당없음(정상 메시지),일상적인 사적 대화 예시(합성)
2576,0,정상,정상,일상대화,SMS,지훈아 완전 축하해!! 진짜 고생했다 ㅠㅠ 이번 주에 국밥 먹으면서 축하하자,해당없음(정상 메시지),일상적인 사적 대화 예시(합성)
2577,0,정상,정상,일상대화,SMS,이번 주말에 뭐해? 시간 괜찮으면 회사 앞 김밥집에서 운동할래?,해당없음(정상 메시지),일상적인 사적 대화 예시(합성)
2578,0,정상,정상,일상대화,SMS,"오빠, 몸살 걸렸다고 들었는데 괜찮아요? 푹 쉬고 떡볶이라도 챙겨 먹어요",해당없음(정상 메시지),일상적인 사적 대화 예시(합성)
2579,0,정상,정상,일상대화,SMS,지우야 요즘 잘 지내? 오랜만이다 ㅎㅎ 언제 한번 우리 동네 카페에서 보자,해당없음(정상 메시지),일상적인 사적 대화 예시(합성)
2580,0,정상,정상,일상대화,SMS,민준아 요즘 잘 지내? 오랜만이다 ㅎㅎ 언제 한번 성수동에서 보자,해당없음(정상 메시지),일상적인 사적 대화 예시(합성)
2581,0,정상,정상,일상대화,SMS,어제 도와줘서 진짜 고마워! 덕분에 스터디 잘 끝냈어. 다음에 내가 비빔밥 살게,해당없음(정상 메시지),일상적인 사적 대화 예시(합성)
2582,0,정상,정상,일상대화,SMS,"언니, 오늘 마트 가는 길에 국밥 재료 좀 사다 줄 수 있어요?",해당없음(정상 메시지),일상적인 사적 대화 예시(합성)
2583,0,정상,정상,일상대화,SMS,지우야 요즘 잘 지내? 오랜만이다 ㅎㅎ 언제 한번 우리 집 근처 공원에서 보자,해당없음(정상 메시지),일상적인 사적 대화 예시(합성)
2584,0,정상,정상,일상대화,SMS,"형, 즐거운 명절 보내세요! 이번 연휴에 국밥 많이 드시고 편히 쉬세요",해당없음(정상 메시지),일상적인 사적 대화 예시(합성)
2585,0,정상,정상,일상대화,SMS,"오빠, 몸살 걸렸다고 들었는데 괜찮아요? 푹 쉬고 비빔밥라도 챙겨 먹어요",해당없음(정상 메시지),일상적인 사적 대화 예시(합성)
2586,0,정상,정상,일상대화,SMS,하준아 이번 주 스터디 오늘 오후 3시쯤에 한강공원에서 하는 거 맞지?,해당없음(정상 메시지),일상적인 사적 대화 예시(합성)
2587,0,정상,정상,일상대화,SMS,"형, 즐거운 명절 보내세요! 이번 연휴에 파스타 많이 드시고 편히 쉬세요",해당없음(정상 메시지),일상적인 사적 대화 예시(합성)
2588,0,정상,정상,일상대화,SMS,우리 강아지 오늘 산책하다가 동네 마트에서 친구를 만났어 ㅋㅋ 완전 신났더라,해당없음(정상 메시지),일상적인 사적 대화 예시(합성)
2589,0,정상,정상,일상대화,SMS,"동생, 비가 많이 온는데 외출할 때 옷 따뜻하게 입어~ 감기 조심하고",해당없음(정상 메시지),일상적인 사적 대화 예시(합성)
2590,0,정상,정상,일상대화,SMS,"할머니, 저녁 드셨어요? 오늘 날씨 진짜 좋는데 감기 조심하시고 일찍 주무세요",해당없음(정상 메시지),일상적인 사적 대화 예시(합성)
2591,0,정상,정상,일상대화,SMS,"삼촌, 갑자기 추워졌는데 외출할 때 옷 따뜻하게 입어~ 감기 조심하고",해당없음(정상 메시지),일상적인 사적 대화 예시(합성)
2592,0,정상,정상,일상대화,SMS,혹시 우산 좀 빌려줄 수 있어? 금요일 퇴근하고쯤 쓰고 바로 돌려줄게,해당없음(정상 메시지),일상적인 사적 대화 예시(합성)
2593,0,정상,정상,일상대화,SMS,수진아 완전 축하해!! 진짜 고생했다 ㅠㅠ 이번 주에 국밥 먹으면서 축하하자,해당없음(정상 메시지),일상적인 사적 대화 예시(합성)
2594,0,정상,정상,일상대화,SMS,도윤아 그 드라마 봤어? 완전 재밌더라 시간 되면 같이 드라이브하면서 보자,해당없음(정상 메시지),일상적인 사적 대화 예시(합성)
2595,0,정상,정상,일상대화,SMS,혹시 텀블러 좀 빌려줄 수 있어? 오늘 저녁 7시쯤 쓰고 바로 돌려줄게,해당없음(정상 메시지),일상적인 사적 대화 예시(합성)
2596,0,정상,정상,일상대화,SMS,나 지금 영화관 도착했어! 어디쯤이야?,해당없음(정상 메시지),일상적인 사적 대화 예시(합성)
2597,0,정상,정상,일상대화,SMS,어제 도와줘서 진짜 고마워! 덕분에 산책 잘 끝냈어. 다음에 내가 국밥 살게,해당없음(정상 메시지),일상적인 사적 대화 예시(합성)
2598,0,정상,정상,일상대화,SMS,"할머니, 즐거운 명절 보내세요! 이번 연휴에 삼겹살 많이 드시고 편히 쉬세요",해당없음(정상 메시지),일상적인 사적 대화 예시(합성)
2599,0,정상,정상,일상대화,SMS,금요일 퇴근하고 약속 잊지 않았지? 회사 앞 김밥집 앞에서 보는 걸로 하자!,해당없음(정상 메시지),일상적인 사적 대화 예시(합성)
2600,0,정상,정상,일상대화,SMS,"동생, 오늘 마트 가는 길에 삼겹살 재료 좀 사다 줄 수 있어요?",해당없음(정상 메시지),일상적인 사적 대화 예시(합성)
2601,0,정상,정상,일상대화,SMS,"오빠, 저녁 드셨어요? 오늘 날씨 진짜 좋는데 감기 조심하시고 일찍 주무세요",해당없음(정상 메시지),일상적인 사적 대화 예시(합성)
2602,0,정상,정상,일상대화,SMS,"형, 즐거운 명절 보내세요! 이번 연휴에 초밥 많이 드시고 편히 쉬세요",해당없음(정상 메시지),일상적인 사적 대화 예시(합성)
2603,0,정상,정상,일상대화,SMS,도윤아 이번 주말 우리 동네 카페에서 비빔밥 어때? 시간 되면 연락줘~,해당없음(정상 메시지),일상적인 사적 대화 예시(합성)
2604,0,정상,정상,일상대화,SMS,오늘 오후 3시쯤 약속 잊지 않았지? 영화관 앞에서 보는 걸로 하자!,해당없음(정상 메시지),일상적인 사적 대화 예시(합성)
2605,0,정상,정상,일상대화,SMS,오늘 저녁 7시 약속 잊지 않았지? 영화관 앞에서 보는 걸로 하자!,해당없음(정상 메시지),일상적인 사적 대화 예시(합성)
2606,0,정상,정상,일상대화,SMS,지훈아 그 드라마 봤어? 완전 재밌더라 시간 되면 같이 드라이브하면서 보자,해당없음(정상 메시지),일상적인 사적 대화 예시(합성)
2607,0,정상,정상,일상대화,SMS,예은아 그 드라마 봤어? 완전 재밌더라 시간 되면 같이 전시회 관람하면서 보자,해당없음(정상 메시지),일상적인 사적 대화 예시(합성)
2608,0,정상,정상,일상대화,SMS,수진아 그 드라마 봤어? 완전 재밌더라 시간 되면 같이 캠핑하면서 보자,해당없음(정상 메시지),일상적인 사적 대화 예시(합성)
2609,0,정상,정상,일상대화,SMS,"오빠, 즐거운 명절 보내세요! 이번 연휴에 냉면 많이 드시고 편히 쉬세요",해당없음(정상 메시지),일상적인 사적 대화 예시(합성)
2610,0,정상,정상,일상대화,SMS,"친구, 즐거운 명절 보내세요! 이번 연휴에 마라탕 많이 드시고 편히 쉬세요",해당없음(정상 메시지),일상적인 사적 대화 예시(합성)
2611,0,정상,정상,일상대화,SMS,모레 저녁 약속 잊지 않았지? 영화관 앞에서 보는 걸로 하자!,해당없음(정상 메시지),일상적인 사적 대화 예시(합성)
2612,0,정상,정상,일상대화,SMS,"동생, 저녁 드셨어요? 오늘 날씨 진짜 좋는데 감기 조심하시고 일찍 주무세요",해당없음(정상 메시지),일상적인 사적 대화 예시(합성)
2613,0,정상,정상,일상대화,SMS,"엄마, 요즘 많이 힘들지... 언제든 얘기하고 싶으면 연락해, 옆에 있을게",해당없음(정상 메시지),일상적인 사적 대화 예시(합성)
2614,0,정상,정상,일상대화,SMS,우리 강아지 오늘 산책하다가 건대입구에서 친구를 만났어 ㅋㅋ 완전 신났더라,해당없음(정상 메시지),일상적인 사적 대화 예시(합성)
2615,0,정상,정상,일상대화,SMS,혹시 노트북 좀 빌려줄 수 있어? 일요일 오전쯤 쓰고 바로 돌려줄게,해당없음(정상 메시지),일상적인 사적 대화 예시(합성)
2616,0,정상,정상,일상대화,SMS,우리 다음 주 화요일쯤 여행 계획 짜볼까? 영화관 근처 숙소 좀 알아볼게,해당없음(정상 메시지),일상적인 사적 대화 예시(합성)
2617,0,정상,정상,일상대화,SMS,"엄마, 오늘 마트 가는 길에 초밥 재료 좀 사다 줄 수 있어요?",해당없음(정상 메시지),일상적인 사적 대화 예시(합성)
2618,0,정상,정상,일상대화,SMS,미안 미안 차가 막혀서 좀 늦을 것 같아. 합정 도착하면 10분 정도 걸릴 듯!,해당없음(정상 메시지),일상적인 사적 대화 예시(합성)
2619,0,정상,정상,일상대화,SMS,"아빠, 저녁 드셨어요? 오늘 날씨 진짜 좋는데 감기 조심하시고 일찍 주무세요",해당없음(정상 메시지),일상적인 사적 대화 예시(합성)
2620,0,정상,정상,일상대화,SMS,우리 일요일 오전쯤 여행 계획 짜볼까? 학교 앞 분식집 근처 숙소 좀 알아볼게,해당없음(정상 메시지),일상적인 사적 대화 예시(합성)
2621,0,정상,정상,일상대화,SMS,도윤아 그 드라마 봤어? 완전 재밌더라 시간 되면 같이 영화 보기하면서 보자,해당없음(정상 메시지),일상적인 사적 대화 예시(합성)
2622,0,정상,정상,일상대화,SMS,금요일 퇴근하고 약속 잊지 않았지? 합정 앞에서 보는 걸로 하자!,해당없음(정상 메시지),일상적인 사적 대화 예시(합성)
2623,0,정상,정상,일상대화,SMS,우리 다음 주 화요일쯤 여행 계획 짜볼까? 건대입구 근처 숙소 좀 알아볼게,해당없음(정상 메시지),일상적인 사적 대화 예시(합성)
2624,0,정상,정상,일상대화,SMS,"아빠, 오늘 마트 가는 길에 냉면 재료 좀 사다 줄 수 있어요?",해당없음(정상 메시지),일상적인 사적 대화 예시(합성)
2625,0,정상,정상,일상대화,SMS,"수진아 생일 축하해!! 오늘 저녁에 삼겹살 먹으러 가자, 내가 쏠게 ㅎㅎ",해당없음(정상 메시지),일상적인 사적 대화 예시(합성)
2626,0,정상,정상,일상대화,SMS,"오빠, 미세먼지 심하는데 외출할 때 옷 따뜻하게 입어~ 감기 조심하고",해당없음(정상 메시지),일상적인 사적 대화 예시(합성)
2627,0,정상,정상,일상대화,SMS,이번 주말에 뭐해? 시간 괜찮으면 회사 앞 김밥집에서 등산할래?,해당없음(정상 메시지),일상적인 사적 대화 예시(합성)
2628,0,정상,정상,일상대화,SMS,지우야 그 드라마 봤어? 완전 재밌더라 시간 되면 같이 캠핑하면서 보자,해당없음(정상 메시지),일상적인 사적 대화 예시(합성)
2629,0,정상,정상,일상대화,SMS,혹시 우산 좀 빌려줄 수 있어? 내일 점심쯤 쓰고 바로 돌려줄게,해당없음(정상 메시지),일상적인 사적 대화 예시(합성)
2630,0,정상,정상,일상대화,SMS,어제 도와줘서 진짜 고마워! 덕분에 산책 잘 끝냈어. 다음에 내가 치킨 살게,해당없음(정상 메시지),일상적인 사적 대화 예시(합성)
2631,0,정상,정상,일상대화,SMS,수진아 다음 주 화요일 한강공원에서 마라탕 어때? 시간 되면 연락줘~,해당없음(정상 메시지),일상적인 사적 대화 예시(합성)
2632,0,정상,정상,일상대화,SMS,이번 주말에 뭐해? 시간 괜찮으면 학교 앞 분식집에서 캠핑할래?,해당없음(정상 메시지),일상적인 사적 대화 예시(합성)
2633,0,정상,정상,일상대화,SMS,내일 점심 약속 잊지 않았지? 홍대 앞에서 보는 걸로 하자!,해당없음(정상 메시지),일상적인 사적 대화 예시(합성)
2634,0,정상,정상,일상대화,SMS,지훈아 그 드라마 봤어? 완전 재밌더라 시간 되면 같이 캠핑하면서 보자,해당없음(정상 메시지),일상적인 사적 대화 예시(합성)
2635,0,정상,정상,일상대화,SMS,금요일 퇴근하고 약속 잊지 않았지? 우리 동네 카페 앞에서 보는 걸로 하자!,해당없음(정상 메시지),일상적인 사적 대화 예시(합성)
2636,0,정상,정상,일상대화,SMS,"할머니, 오늘 마트 가는 길에 마라탕 재료 좀 사다 줄 수 있어요?",해당없음(정상 메시지),일상적인 사적 대화 예시(합성)
2637,0,정상,정상,일상대화,SMS,민준아 내일 점심 우리 동네 카페에서 파스타 어때? 시간 되면 연락줘~,해당없음(정상 메시지),일상적인 사적 대화 예시(합성)
2638,0,정상,정상,일상대화,SMS,어제 도와줘서 진짜 고마워! 덕분에 캠핑 잘 끝냈어. 다음에 내가 초밥 살게,해당없음(정상 메시지),일상적인 사적 대화 예시(합성)
2639,0,정상,정상,일상대화,SMS,"할머니, 오늘 마트 가는 길에 파스타 재료 좀 사다 줄 수 있어요?",해당없음(정상 메시지),일상적인 사적 대화 예시(합성)
2640,0,정상,정상,일상대화,SMS,"형, 오늘 마트 가는 길에 피자 재료 좀 사다 줄 수 있어요?",해당없음(정상 메시지),일상적인 사적 대화 예시(합성)
2641,0,정상,정상,일상대화,SMS,채원아 이번 주 스터디 내일 점심에 학교 앞 분식집에서 하는 거 맞지?,해당없음(정상 메시지),일상적인 사적 대화 예시(합성)
2642,0,정상,정상,일상대화,SMS,"엄마, 오는 길에 책 좀 챙겨다 줄 수 있어요? 건대입구 근처에서 살게요",해당없음(정상 메시지),일상적인 사적 대화 예시(합성)
2643,0,정상,정상,일상대화,SMS,"하준아 생일 축하해!! 오늘 저녁에 삼겹살 먹으러 가자, 내가 쏠게 ㅎㅎ",해당없음(정상 메시지),일상적인 사적 대화 예시(합성)
2644,0,정상,정상,일상대화,SMS,현우야 이번 주 스터디 오늘 저녁 7시에 학교 앞 분식집에서 하는 거 맞지?,해당없음(정상 메시지),일상적인 사적 대화 예시(합성)
2645,0,정상,정상,일상대화,SMS,민준아 금요일 퇴근하고 합정에서 파스타 어때? 시간 되면 연락줘~,해당없음(정상 메시지),일상적인 사적 대화 예시(합성)
2646,0,정상,정상,일상대화,SMS,도윤아 이번 주 스터디 이번 주말에 홍대에서 하는 거 맞지?,해당없음(정상 메시지),일상적인 사적 대화 예시(합성)
2647,0,정상,정상,일상대화,SMS,"친구, 저녁 드셨어요? 오늘 너무 더워졌는데 감기 조심하시고 일찍 주무세요",해당없음(정상 메시지),일상적인 사적 대화 예시(합성)
2648,0,정상,정상,일상대화,SMS,"수진아 생일 축하해!! 오늘 저녁에 피자 먹으러 가자, 내가 쏠게 ㅎㅎ",해당없음(정상 메시지),일상적인 사적 대화 예시(합성)
2649,0,정상,정상,일상대화,SMS,"친구, 요즘 많이 힘들지... 언제든 얘기하고 싶으면 연락해, 옆에 있을게",해당없음(정상 메시지),일상적인 사적 대화 예시(합성)
2650,0,정상,정상,일상대화,SMS,지우야 완전 축하해!! 진짜 고생했다 ㅠㅠ 이번 주에 치킨 먹으면서 축하하자,해당없음(정상 메시지),일상적인 사적 대화 예시(합성)
2651,0,정상,정상,일상대화,SMS,현우야 요즘 잘 지내? 오랜만이다 ㅎㅎ 언제 한번 동네 마트에서 보자,해당없음(정상 메시지),일상적인 사적 대화 예시(합성)
2652,0,정상,정상,일상대화,SMS,"형, 오늘 마트 가는 길에 떡볶이 재료 좀 사다 줄 수 있어요?",해당없음(정상 메시지),일상적인 사적 대화 예시(합성)
2653,0,정상,정상,일상대화,SMS,우리 모레 저녁쯤 여행 계획 짜볼까? 학교 앞 분식집 근처 숙소 좀 알아볼게,해당없음(정상 메시지),일상적인 사적 대화 예시(합성)
2654,0,정상,정상,일상대화,SMS,"아빠, 몸살 걸렸다고 들었는데 괜찮아요? 푹 쉬고 초밥라도 챙겨 먹어요",해당없음(정상 메시지),일상적인 사적 대화 예시(합성)
2655,0,정상,정상,일상대화,SMS,"엄마, 몸살 걸렸다고 들었는데 괜찮아요? 푹 쉬고 치킨라도 챙겨 먹어요",해당없음(정상 메시지),일상적인 사적 대화 예시(합성)
2656,0,정상,정상,일상대화,SMS,"채원아 생일 축하해!! 오늘 저녁에 냉면 먹으러 가자, 내가 쏠게 ㅎㅎ",해당없음(정상 메시지),일상적인 사적 대화 예시(합성)
2657,0,정상,정상,일상대화,SMS,하준아 이번 주 스터디 모레 저녁에 동네 마트에서 하는 거 맞지?,해당없음(정상 메시지),일상적인 사적 대화 예시(합성)
2658,0,정상,정상,일상대화,SMS,"할머니, 오는 길에 노트북 좀 챙겨다 줄 수 있어요? 합정 근처에서 살게요",해당없음(정상 메시지),일상적인 사적 대화 예시(합성)
2659,0,정상,정상,일상대화,SMS,우리 금요일 퇴근하고쯤 여행 계획 짜볼까? 한강공원 근처 숙소 좀 알아볼게,해당없음(정상 메시지),일상적인 사적 대화 예시(합성)
2660,0,정상,정상,일상대화,SMS,"언니, 너무 더워졌는데 외출할 때 옷 따뜻하게 입어~ 감기 조심하고",해당없음(정상 메시지),일상적인 사적 대화 예시(합성)
2661,0,정상,정상,일상대화,SMS,이번 주말 약속 잊지 않았지? 합정 앞에서 보는 걸로 하자!,해당없음(정상 메시지),일상적인 사적 대화 예시(합성)
2662,0,정상,정상,일상대화,SMS,오늘 저녁 7시 약속 잊지 않았지? 한강공원 앞에서 보는 걸로 하자!,해당없음(정상 메시지),일상적인 사적 대화 예시(합성)
2663,0,정상,정상,일상대화,SMS,"오빠, 저녁 드셨어요? 오늘 비가 많이 온는데 감기 조심하시고 일찍 주무세요",해당없음(정상 메시지),일상적인 사적 대화 예시(합성)
2664,0,정상,정상,일상대화,SMS,"엄마, 오늘 마트 가는 길에 비빔밥 재료 좀 사다 줄 수 있어요?",해당없음(정상 메시지),일상적인 사적 대화 예시(합성)
2665,0,정상,정상,일상대화,SMS,나 지금 한강공원 도착했어! 어디쯤이야?,해당없음(정상 메시지),일상적인 사적 대화 예시(합성)
2666,0,정상,정상,일상대화,SMS,"서연아 생일 축하해!! 오늘 저녁에 치킨 먹으러 가자, 내가 쏠게 ㅎㅎ",해당없음(정상 메시지),일상적인 사적 대화 예시(합성)
2667,0,정상,정상,일상대화,SMS,수진아 완전 축하해!! 진짜 고생했다 ㅠㅠ 이번 주에 피자 먹으면서 축하하자,해당없음(정상 메시지),일상적인 사적 대화 예시(합성)
2668,0,정상,정상,일상대화,SMS,우리 이번 주말쯤 여행 계획 짜볼까? 학교 앞 분식집 근처 숙소 좀 알아볼게,해당없음(정상 메시지),일상적인 사적 대화 예시(합성)
2669,0,정상,정상,일상대화,SMS,어제 도와줘서 진짜 고마워! 덕분에 운동 잘 끝냈어. 다음에 내가 비빔밥 살게,해당없음(정상 메시지),일상적인 사적 대화 예시(합성)
2670,0,정상,정상,일상대화,SMS,"친구, 오늘 마트 가는 길에 파스타 재료 좀 사다 줄 수 있어요?",해당없음(정상 메시지),일상적인 사적 대화 예시(합성)
2671,0,정상,정상,일상대화,SMS,예은아 일요일 오전 우리 동네 카페에서 비빔밥 어때? 시간 되면 연락줘~,해당없음(정상 메시지),일상적인 사적 대화 예시(합성)
2672,0,정상,정상,일상대화,SMS,"할머니, 오늘 마트 가는 길에 비빔밥 재료 좀 사다 줄 수 있어요?",해당없음(정상 메시지),일상적인 사적 대화 예시(합성)
2673,0,정상,정상,일상대화,SMS,"아빠, 저녁 드셨어요? 오늘 비가 많이 온는데 감기 조심하시고 일찍 주무세요",해당없음(정상 메시지),일상적인 사적 대화 예시(합성)
2674,0,정상,정상,일상대화,SMS,"동생, 즐거운 명절 보내세요! 이번 연휴에 비빔밥 많이 드시고 편히 쉬세요",해당없음(정상 메시지),일상적인 사적 대화 예시(합성)
2675,0,정상,정상,일상대화,SMS,"친구, 오늘 마트 가는 길에 초밥 재료 좀 사다 줄 수 있어요?",해당없음(정상 메시지),일상적인 사적 대화 예시(합성)
2676,0,정상,정상,일상대화,SMS,민준아 그 드라마 봤어? 완전 재밌더라 시간 되면 같이 전시회 관람하면서 보자,해당없음(정상 메시지),일상적인 사적 대화 예시(합성)
2677,0,정상,정상,일상대화,SMS,예은아 이번 주 스터디 오늘 저녁 7시에 학교 앞 분식집에서 하는 거 맞지?,해당없음(정상 메시지),일상적인 사적 대화 예시(합성)
2678,0,정상,정상,일상대화,SMS,일요일 오전 약속 잊지 않았지? 성수동 앞에서 보는 걸로 하자!,해당없음(정상 메시지),일상적인 사적 대화 예시(합성)
2679,0,정상,정상,일상대화,SMS,"엄마, 몸살 걸렸다고 들었는데 괜찮아요? 푹 쉬고 떡볶이라도 챙겨 먹어요",해당없음(정상 메시지),일상적인 사적 대화 예시(합성)
2680,0,정상,정상,일상대화,SMS,민준아 요즘 잘 지내? 오랜만이다 ㅎㅎ 언제 한번 강남역에서 보자,해당없음(정상 메시지),일상적인 사적 대화 예시(합성)
2681,0,정상,정상,일상대화,SMS,이번 주말 약속 잊지 않았지? 회사 앞 김밥집 앞에서 보는 걸로 하자!,해당없음(정상 메시지),일상적인 사적 대화 예시(합성)
2682,0,정상,정상,일상대화,SMS,예은아 완전 축하해!! 진짜 고생했다 ㅠㅠ 이번 주에 피자 먹으면서 축하하자,해당없음(정상 메시지),일상적인 사적 대화 예시(합성)
2683,0,정상,정상,일상대화,SMS,"할아버지, 즐거운 명절 보내세요! 이번 연휴에 초밥 많이 드시고 편히 쉬세요",해당없음(정상 메시지),일상적인 사적 대화 예시(합성)
2684,0,정상,정상,일상대화,SMS,"오빠, 즐거운 명절 보내세요! 이번 연휴에 비빔밥 많이 드시고 편히 쉬세요",해당없음(정상 메시지),일상적인 사적 대화 예시(합성)
2685,0,정상,정상,일상대화,SMS,"아빠, 미세먼지 심하는데 외출할 때 옷 따뜻하게 입어~ 감기 조심하고",해당없음(정상 메시지),일상적인 사적 대화 예시(합성)
2686,0,정상,정상,일상대화,SMS,미안 미안 차가 막혀서 좀 늦을 것 같아. 학교 앞 분식집 도착하면 10분 정도 걸릴 듯!,해당없음(정상 메시지),일상적인 사적 대화 예시(합성)
2687,0,정상,정상,일상대화,SMS,혹시 이어폰 좀 빌려줄 수 있어? 이번 주말쯤 쓰고 바로 돌려줄게,해당없음(정상 메시지),일상적인 사적 대화 예시(합성)
2688,0,정상,정상,일상대화,SMS,우리 오늘 저녁 7시쯤 여행 계획 짜볼까? 회사 앞 김밥집 근처 숙소 좀 알아볼게,해당없음(정상 메시지),일상적인 사적 대화 예시(합성)
2689,0,정상,정상,일상대화,SMS,이번 주말에 뭐해? 시간 괜찮으면 우리 동네 카페에서 등산할래?,해당없음(정상 메시지),일상적인 사적 대화 예시(합성)
2690,0,정상,정상,일상대화,SMS,어제 도와줘서 진짜 고마워! 덕분에 스터디 잘 끝냈어. 다음에 내가 냉면 살게,해당없음(정상 메시지),일상적인 사적 대화 예시(합성)
2691,0,정상,정상,일상대화,SMS,민준아 요즘 잘 지내? 오랜만이다 ㅎㅎ 언제 한번 영화관에서 보자,해당없음(정상 메시지),일상적인 사적 대화 예시(합성)
2692,0,정상,정상,일상대화,SMS,지훈아 완전 축하해!! 진짜 고생했다 ㅠㅠ 이번 주에 비빔밥 먹으면서 축하하자,해당없음(정상 메시지),일상적인 사적 대화 예시(합성)
2693,0,정상,정상,일상대화,SMS,"할머니, 날씨 진짜 좋는데 외출할 때 옷 따뜻하게 입어~ 감기 조심하고",해당없음(정상 메시지),일상적인 사적 대화 예시(합성)
2694,0,정상,정상,일상대화,SMS,이번 주말에 뭐해? 시간 괜찮으면 한강공원에서 운동할래?,해당없음(정상 메시지),일상적인 사적 대화 예시(합성)
2695,0,정상,정상,일상대화,SMS,현우야 완전 축하해!! 진짜 고생했다 ㅠㅠ 이번 주에 파스타 먹으면서 축하하자,해당없음(정상 메시지),일상적인 사적 대화 예시(합성)
2696,0,정상,정상,일상대화,SMS,"할머니, 갑자기 추워졌는데 외출할 때 옷 따뜻하게 입어~ 감기 조심하고",해당없음(정상 메시지),일상적인 사적 대화 예시(합성)
2697,0,정상,정상,일상대화,SMS,서연아 오늘 오후 3시쯤 회사 앞 김밥집에서 국밥 어때? 시간 되면 연락줘~,해당없음(정상 메시지),일상적인 사적 대화 예시(합성)
2698,0,정상,정상,일상대화,SMS,이번 주말에 뭐해? 시간 괜찮으면 학교 앞 분식집에서 스터디할래?,해당없음(정상 메시지),일상적인 사적 대화 예시(합성)
2699,0,정상,정상,일상대화,SMS,"할아버지, 너무 더워졌는데 외출할 때 옷 따뜻하게 입어~ 감기 조심하고",해당없음(정상 메시지),일상적인 사적 대화 예시(합성)
2700,0,정상,정상,일상대화,SMS,혹시 텀블러 좀 빌려줄 수 있어? 금요일 퇴근하고쯤 쓰고 바로 돌려줄게,해당없음(정상 메시지),일상적인 사적 대화 예시(합성)
2701,0,정상,정상,일상대화,SMS,어제 도와줘서 진짜 고마워! 덕분에 영화 보기 잘 끝냈어. 다음에 내가 파스타 살게,해당없음(정상 메시지),일상적인 사적 대화 예시(합성)
2702,0,정상,정상,일상대화,SMS,어제 도와줘서 진짜 고마워! 덕분에 영화 보기 잘 끝냈어. 다음에 내가 비빔밥 살게,해당없음(정상 메시지),일상적인 사적 대화 예시(합성)
2703,0,정상,정상,일상대화,SMS,나 지금 동네 마트 도착했어! 어디쯤이야?,해당없음(정상 메시지),일상적인 사적 대화 예시(합성)
2704,0,정상,정상,일상대화,SMS,나 지금 회사 앞 김밥집 도착했어! 어디쯤이야?,해당없음(정상 메시지),일상적인 사적 대화 예시(합성)
2705,0,정상,정상,일상대화,SMS,민준아 완전 축하해!! 진짜 고생했다 ㅠㅠ 이번 주에 마라탕 먹으면서 축하하자,해당없음(정상 메시지),일상적인 사적 대화 예시(합성)
2706,0,정상,정상,일상대화,SMS,"언니, 요즘 많이 힘들지... 언제든 얘기하고 싶으면 연락해, 옆에 있을게",해당없음(정상 메시지),일상적인 사적 대화 예시(합성)
2707,0,정상,정상,일상대화,SMS,"삼촌, 즐거운 명절 보내세요! 이번 연휴에 비빔밥 많이 드시고 편히 쉬세요",해당없음(정상 메시지),일상적인 사적 대화 예시(합성)
2708,0,정상,정상,일상대화,SMS,"누나, 오늘 마트 가는 길에 피자 재료 좀 사다 줄 수 있어요?",해당없음(정상 메시지),일상적인 사적 대화 예시(합성)
2709,0,정상,정상,일상대화,SMS,채원아 그 드라마 봤어? 완전 재밌더라 시간 되면 같이 장보기하면서 보자,해당없음(정상 메시지),일상적인 사적 대화 예시(합성)
2710,0,정상,정상,일상대화,SMS,어제 도와줘서 진짜 고마워! 덕분에 장보기 잘 끝냈어. 다음에 내가 초밥 살게,해당없음(정상 메시지),일상적인 사적 대화 예시(합성)
2711,0,정상,정상,일상대화,SMS,지훈아 요즘 잘 지내? 오랜만이다 ㅎㅎ 언제 한번 동네 마트에서 보자,해당없음(정상 메시지),일상적인 사적 대화 예시(합성)
2712,0,정상,정상,일상대화,SMS,채원아 요즘 잘 지내? 오랜만이다 ㅎㅎ 언제 한번 학교 앞 분식집에서 보자,해당없음(정상 메시지),일상적인 사적 대화 예시(합성)
2713,0,정상,정상,일상대화,SMS,"이모, 오늘 마트 가는 길에 마라탕 재료 좀 사다 줄 수 있어요?",해당없음(정상 메시지),일상적인 사적 대화 예시(합성)
2714,0,정상,정상,일상대화,SMS,채원아 요즘 잘 지내? 오랜만이다 ㅎㅎ 언제 한번 우리 집 근처 공원에서 보자,해당없음(정상 메시지),일상적인 사적 대화 예시(합성)
2715,0,정상,정상,일상대화,SMS,"동생, 요즘 많이 힘들지... 언제든 얘기하고 싶으면 연락해, 옆에 있을게",해당없음(정상 메시지),일상적인 사적 대화 예시(합성)
2716,0,정상,정상,일상대화,SMS,이번 주말에 뭐해? 시간 괜찮으면 영화관에서 등산할래?,해당없음(정상 메시지),일상적인 사적 대화 예시(합성)
2717,0,정상,정상,일상대화,SMS,지우야 그 드라마 봤어? 완전 재밌더라 시간 되면 같이 영화 보기하면서 보자,해당없음(정상 메시지),일상적인 사적 대화 예시(합성)
2718,0,정상,정상,일상대화,SMS,"할아버지, 오늘 마트 가는 길에 치킨 재료 좀 사다 줄 수 있어요?",해당없음(정상 메시지),일상적인 사적 대화 예시(합성)
2719,0,정상,정상,일상대화,SMS,"예은아 생일 축하해!! 오늘 저녁에 파스타 먹으러 가자, 내가 쏠게 ㅎㅎ",해당없음(정상 메시지),일상적인 사적 대화 예시(합성)
2720,0,정상,정상,일상대화,SMS,혹시 책 좀 빌려줄 수 있어? 일요일 오전쯤 쓰고 바로 돌려줄게,해당없음(정상 메시지),일상적인 사적 대화 예시(합성)
2721,0,정상,정상,일상대화,SMS,나 지금 성수동 도착했어! 어디쯤이야?,해당없음(정상 메시지),일상적인 사적 대화 예시(합성)
2722,0,정상,정상,일상대화,SMS,"동생, 오는 길에 우산 좀 챙겨다 줄 수 있어요? 강남역 근처에서 살게요",해당없음(정상 메시지),일상적인 사적 대화 예시(합성)
2723,0,정상,정상,일상대화,SMS,"엄마, 즐거운 명절 보내세요! 이번 연휴에 비빔밥 많이 드시고 편히 쉬세요",해당없음(정상 메시지),일상적인 사적 대화 예시(합성)
2724,0,정상,정상,일상대화,SMS,"오빠, 오는 길에 우산 좀 챙겨다 줄 수 있어요? 우리 동네 카페 근처에서 살게요",해당없음(정상 메시지),일상적인 사적 대화 예시(합성)
2725,0,정상,정상,일상대화,SMS,우리 강아지 오늘 산책하다가 영화관에서 친구를 만났어 ㅋㅋ 완전 신났더라,해당없음(정상 메시지),일상적인 사적 대화 예시(합성)
2726,0,정상,정상,일상대화,SMS,"삼촌, 즐거운 명절 보내세요! 이번 연휴에 마라탕 많이 드시고 편히 쉬세요",해당없음(정상 메시지),일상적인 사적 대화 예시(합성)
2727,0,정상,정상,일상대화,SMS,일요일 오전 약속 잊지 않았지? 회사 앞 김밥집 앞에서 보는 걸로 하자!,해당없음(정상 메시지),일상적인 사적 대화 예시(합성)
2728,0,정상,정상,일상대화,SMS,채원아 완전 축하해!! 진짜 고생했다 ㅠㅠ 이번 주에 국밥 먹으면서 축하하자,해당없음(정상 메시지),일상적인 사적 대화 예시(합성)
2729,0,정상,정상,일상대화,SMS,미안 미안 차가 막혀서 좀 늦을 것 같아. 우리 동네 카페 도착하면 10분 정도 걸릴 듯!,해당없음(정상 메시지),일상적인 사적 대화 예시(합성)
2730,0,정상,정상,일상대화,SMS,도윤아 완전 축하해!! 진짜 고생했다 ㅠㅠ 이번 주에 마라탕 먹으면서 축하하자,해당없음(정상 메시지),일상적인 사적 대화 예시(합성)
2731,0,정상,정상,일상대화,SMS,혹시 책 좀 빌려줄 수 있어? 모레 저녁쯤 쓰고 바로 돌려줄게,해당없음(정상 메시지),일상적인 사적 대화 예시(합성)
2732,0,정상,정상,일상대화,SMS,민준아 금요일 퇴근하고 영화관에서 초밥 어때? 시간 되면 연락줘~,해당없음(정상 메시지),일상적인 사적 대화 예시(합성)
2733,0,정상,정상,일상대화,SMS,어제 도와줘서 진짜 고마워! 덕분에 전시회 관람 잘 끝냈어. 다음에 내가 떡볶이 살게,해당없음(정상 메시지),일상적인 사적 대화 예시(합성)
2734,0,정상,정상,일상대화,SMS,하준아 모레 저녁 우리 동네 카페에서 국밥 어때? 시간 되면 연락줘~,해당없음(정상 메시지),일상적인 사적 대화 예시(합성)
2735,0,정상,정상,일상대화,SMS,"할머니, 저녁 드셨어요? 오늘 너무 더워졌는데 감기 조심하시고 일찍 주무세요",해당없음(정상 메시지),일상적인 사적 대화 예시(합성)
2736,0,정상,정상,일상대화,SMS,"친구, 오는 길에 충전기 좀 챙겨다 줄 수 있어요? 회사 앞 김밥집 근처에서 살게요",해당없음(정상 메시지),일상적인 사적 대화 예시(합성)
2737,0,정상,정상,일상대화,SMS,"언니, 저녁 드셨어요? 오늘 미세먼지 심하는데 감기 조심하시고 일찍 주무세요",해당없음(정상 메시지),일상적인 사적 대화 예시(합성)
2738,0,정상,정상,일상대화,SMS,수진아 모레 저녁 홍대에서 떡볶이 어때? 시간 되면 연락줘~,해당없음(정상 메시지),일상적인 사적 대화 예시(합성)
2739,0,정상,정상,일상대화,SMS,"이모, 요즘 많이 힘들지... 언제든 얘기하고 싶으면 연락해, 옆에 있을게",해당없음(정상 메시지),일상적인 사적 대화 예시(합성)
2740,0,정상,정상,일상대화,SMS,"할아버지, 갑자기 추워졌는데 외출할 때 옷 따뜻하게 입어~ 감기 조심하고",해당없음(정상 메시지),일상적인 사적 대화 예시(합성)
2741,0,정상,정상,일상대화,SMS,"아빠, 즐거운 명절 보내세요! 이번 연휴에 초밥 많이 드시고 편히 쉬세요",해당없음(정상 메시지),일상적인 사적 대화 예시(합성)
2742,0,정상,정상,일상대화,SMS,"형, 요즘 많이 힘들지... 언제든 얘기하고 싶으면 연락해, 옆에 있을게",해당없음(정상 메시지),일상적인 사적 대화 예시(합성)
2743,0,정상,정상,일상대화,SMS,"할아버지, 오는 길에 텀블러 좀 챙겨다 줄 수 있어요? 성수동 근처에서 살게요",해당없음(정상 메시지),일상적인 사적 대화 예시(합성)
2744,0,정상,정상,일상대화,SMS,하준아 완전 축하해!! 진짜 고생했다 ㅠㅠ 이번 주에 치킨 먹으면서 축하하자,해당없음(정상 메시지),일상적인 사적 대화 예시(합성)
2745,0,정상,정상,일상대화,SMS,채원아 이번 주 스터디 내일 점심에 영화관에서 하는 거 맞지?,해당없음(정상 메시지),일상적인 사적 대화 예시(합성)
2746,0,정상,정상,일상대화,SMS,"누나, 몸살 걸렸다고 들었는데 괜찮아요? 푹 쉬고 마라탕라도 챙겨 먹어요",해당없음(정상 메시지),일상적인 사적 대화 예시(합성)
2747,0,정상,정상,일상대화,SMS,"동생, 오늘 마트 가는 길에 국밥 재료 좀 사다 줄 수 있어요?",해당없음(정상 메시지),일상적인 사적 대화 예시(합성)
2748,0,정상,정상,일상대화,SMS,이번 주말에 뭐해? 시간 괜찮으면 우리 동네 카페에서 장보기할래?,해당없음(정상 메시지),일상적인 사적 대화 예시(합성)
2749,0,정상,정상,일상대화,SMS,우리 내일 점심쯤 여행 계획 짜볼까? 한강공원 근처 숙소 좀 알아볼게,해당없음(정상 메시지),일상적인 사적 대화 예시(합성)
2750,0,정상,정상,일상대화,SMS,"이모, 몸살 걸렸다고 들었는데 괜찮아요? 푹 쉬고 피자라도 챙겨 먹어요",해당없음(정상 메시지),일상적인 사적 대화 예시(합성)
2751,0,정상,정상,일상대화,SMS,혹시 충전기 좀 빌려줄 수 있어? 오늘 저녁 7시쯤 쓰고 바로 돌려줄게,해당없음(정상 메시지),일상적인 사적 대화 예시(합성)
2752,0,정상,정상,일상대화,SMS,지우야 금요일 퇴근하고 학교 앞 분식집에서 떡볶이 어때? 시간 되면 연락줘~,해당없음(정상 메시지),일상적인 사적 대화 예시(합성)
2753,0,정상,정상,일상대화,SMS,"언니, 저녁 드셨어요? 오늘 갑자기 추워졌는데 감기 조심하시고 일찍 주무세요",해당없음(정상 메시지),일상적인 사적 대화 예시(합성)
2754,0,정상,정상,일상대화,SMS,현우야 요즘 잘 지내? 오랜만이다 ㅎㅎ 언제 한번 학교 앞 분식집에서 보자,해당없음(정상 메시지),일상적인 사적 대화 예시(합성)
2755,0,정상,정상,일상대화,SMS,혹시 이어폰 좀 빌려줄 수 있어? 내일 점심쯤 쓰고 바로 돌려줄게,해당없음(정상 메시지),일상적인 사적 대화 예시(합성)
2756,0,정상,정상,일상대화,SMS,혹시 책 좀 빌려줄 수 있어? 오늘 저녁 7시쯤 쓰고 바로 돌려줄게,해당없음(정상 메시지),일상적인 사적 대화 예시(합성)
2757,0,정상,정상,일상대화,SMS,"누나, 오늘 마트 가는 길에 삼겹살 재료 좀 사다 줄 수 있어요?",해당없음(정상 메시지),일상적인 사적 대화 예시(합성)
2758,0,정상,정상,일상대화,SMS,"아빠, 오늘 마트 가는 길에 치킨 재료 좀 사다 줄 수 있어요?",해당없음(정상 메시지),일상적인 사적 대화 예시(합성)
2759,0,정상,정상,일상대화,SMS,"이모, 몸살 걸렸다고 들었는데 괜찮아요? 푹 쉬고 냉면라도 챙겨 먹어요",해당없음(정상 메시지),일상적인 사적 대화 예시(합성)
2760,0,정상,정상,일상대화,SMS,"할아버지, 요즘 많이 힘들지... 언제든 얘기하고 싶으면 연락해, 옆에 있을게",해당없음(정상 메시지),일상적인 사적 대화 예시(합성)
2761,0,정상,정상,일상대화,SMS,혹시 이어폰 좀 빌려줄 수 있어? 다음 주 화요일쯤 쓰고 바로 돌려줄게,해당없음(정상 메시지),일상적인 사적 대화 예시(합성)
2762,0,정상,정상,일상대화,SMS,미안 미안 차가 막혀서 좀 늦을 것 같아. 성수동 도착하면 10분 정도 걸릴 듯!,해당없음(정상 메시지),일상적인 사적 대화 예시(합성)
2763,0,정상,정상,일상대화,SMS,예은아 이번 주 스터디 다음 주 화요일에 회사 앞 김밥집에서 하는 거 맞지?,해당없음(정상 메시지),일상적인 사적 대화 예시(합성)
2764,0,정상,정상,일상대화,SMS,"이모, 오늘 마트 가는 길에 치킨 재료 좀 사다 줄 수 있어요?",해당없음(정상 메시지),일상적인 사적 대화 예시(합성)
2765,0,정상,정상,일상대화,SMS,오늘 오후 3시쯤 약속 잊지 않았지? 학교 앞 분식집 앞에서 보는 걸로 하자!,해당없음(정상 메시지),일상적인 사적 대화 예시(합성)
2766,0,정상,정상,일상대화,SMS,현우야 그 드라마 봤어? 완전 재밌더라 시간 되면 같이 영화 보기하면서 보자,해당없음(정상 메시지),일상적인 사적 대화 예시(합성)
2767,0,정상,정상,일상대화,SMS,"할머니, 몸살 걸렸다고 들었는데 괜찮아요? 푹 쉬고 피자라도 챙겨 먹어요",해당없음(정상 메시지),일상적인 사적 대화 예시(합성)
2768,0,정상,정상,일상대화,SMS,"친구, 몸살 걸렸다고 들었는데 괜찮아요? 푹 쉬고 피자라도 챙겨 먹어요",해당없음(정상 메시지),일상적인 사적 대화 예시(합성)
2769,0,정상,정상,일상대화,SMS,우리 강아지 오늘 산책하다가 우리 집 근처 공원에서 친구를 만났어 ㅋㅋ 완전 신났더라,해당없음(정상 메시지),일상적인 사적 대화 예시(합성)
2770,0,정상,정상,일상대화,SMS,"형, 날씨 진짜 좋는데 외출할 때 옷 따뜻하게 입어~ 감기 조심하고",해당없음(정상 메시지),일상적인 사적 대화 예시(합성)
2771,0,정상,정상,일상대화,SMS,"아빠, 즐거운 명절 보내세요! 이번 연휴에 삼겹살 많이 드시고 편히 쉬세요",해당없음(정상 메시지),일상적인 사적 대화 예시(합성)
2772,0,정상,정상,일상대화,SMS,"할머니, 즐거운 명절 보내세요! 이번 연휴에 피자 많이 드시고 편히 쉬세요",해당없음(정상 메시지),일상적인 사적 대화 예시(합성)
2773,0,정상,정상,일상대화,SMS,"현우야 생일 축하해!! 오늘 저녁에 삼겹살 먹으러 가자, 내가 쏠게 ㅎㅎ",해당없음(정상 메시지),일상적인 사적 대화 예시(합성)
2774,0,정상,정상,일상대화,SMS,이번 주말 약속 잊지 않았지? 강남역 앞에서 보는 걸로 하자!,해당없음(정상 메시지),일상적인 사적 대화 예시(합성)
2775,0,정상,정상,일상대화,SMS,"할아버지, 오는 길에 노트북 좀 챙겨다 줄 수 있어요? 건대입구 근처에서 살게요",해당없음(정상 메시지),일상적인 사적 대화 예시(합성)
2776,0,정상,정상,일상대화,SMS,"동생, 몸살 걸렸다고 들었는데 괜찮아요? 푹 쉬고 냉면라도 챙겨 먹어요",해당없음(정상 메시지),일상적인 사적 대화 예시(합성)
2777,0,정상,정상,일상대화,SMS,"형, 갑자기 추워졌는데 외출할 때 옷 따뜻하게 입어~ 감기 조심하고",해당없음(정상 메시지),일상적인 사적 대화 예시(합성)
2778,0,정상,정상,일상대화,SMS,"아빠, 저녁 드셨어요? 오늘 미세먼지 심하는데 감기 조심하시고 일찍 주무세요",해당없음(정상 메시지),일상적인 사적 대화 예시(합성)
2779,0,정상,정상,일상대화,SMS,"이모, 오늘 마트 가는 길에 파스타 재료 좀 사다 줄 수 있어요?",해당없음(정상 메시지),일상적인 사적 대화 예시(합성)
2780,0,정상,정상,일상대화,SMS,"이모, 날씨 진짜 좋는데 외출할 때 옷 따뜻하게 입어~ 감기 조심하고",해당없음(정상 메시지),일상적인 사적 대화 예시(합성)
2781,0,정상,정상,일상대화,SMS,내일 점심 약속 잊지 않았지? 학교 앞 분식집 앞에서 보는 걸로 하자!,해당없음(정상 메시지),일상적인 사적 대화 예시(합성)
2782,0,정상,정상,일상대화,SMS,"이모, 즐거운 명절 보내세요! 이번 연휴에 파스타 많이 드시고 편히 쉬세요",해당없음(정상 메시지),일상적인 사적 대화 예시(합성)
2783,0,정상,정상,일상대화,SMS,다음 주 화요일 약속 잊지 않았지? 강남역 앞에서 보는 걸로 하자!,해당없음(정상 메시지),일상적인 사적 대화 예시(합성)
2784,0,정상,정상,일상대화,SMS,"오빠, 즐거운 명절 보내세요! 이번 연휴에 삼겹살 많이 드시고 편히 쉬세요",해당없음(정상 메시지),일상적인 사적 대화 예시(합성)
2785,0,정상,정상,일상대화,SMS,우리 강아지 오늘 산책하다가 합정에서 친구를 만났어 ㅋㅋ 완전 신났더라,해당없음(정상 메시지),일상적인 사적 대화 예시(합성)
2786,0,정상,정상,일상대화,SMS,이번 주말에 뭐해? 시간 괜찮으면 영화관에서 캠핑할래?,해당없음(정상 메시지),일상적인 사적 대화 예시(합성)
2787,0,정상,정상,일상대화,SMS,민준아 이번 주 스터디 오늘 오후 3시쯤에 학교 앞 분식집에서 하는 거 맞지?,해당없음(정상 메시지),일상적인 사적 대화 예시(합성)
2788,0,정상,정상,일상대화,SMS,민준아 이번 주 스터디 오늘 오후 3시쯤에 강남역에서 하는 거 맞지?,해당없음(정상 메시지),일상적인 사적 대화 예시(합성)
2789,0,정상,정상,일상대화,SMS,"삼촌, 저녁 드셨어요? 오늘 미세먼지 심하는데 감기 조심하시고 일찍 주무세요",해당없음(정상 메시지),일상적인 사적 대화 예시(합성)
2790,0,정상,정상,일상대화,SMS,민준아 그 드라마 봤어? 완전 재밌더라 시간 되면 같이 영화 보기하면서 보자,해당없음(정상 메시지),일상적인 사적 대화 예시(합성)
2791,0,정상,정상,일상대화,SMS,"이모, 저녁 드셨어요? 오늘 날씨 진짜 좋는데 감기 조심하시고 일찍 주무세요",해당없음(정상 메시지),일상적인 사적 대화 예시(합성)
2792,0,정상,정상,일상대화,SMS,예은아 요즘 잘 지내? 오랜만이다 ㅎㅎ 언제 한번 우리 동네 카페에서 보자,해당없음(정상 메시지),일상적인 사적 대화 예시(합성)
2793,0,정상,정상,일상대화,SMS,"도윤아 생일 축하해!! 오늘 저녁에 치킨 먹으러 가자, 내가 쏠게 ㅎㅎ",해당없음(정상 메시지),일상적인 사적 대화 예시(합성)
2794,0,정상,정상,일상대화,SMS,우리 일요일 오전쯤 여행 계획 짜볼까? 우리 동네 카페 근처 숙소 좀 알아볼게,해당없음(정상 메시지),일상적인 사적 대화 예시(합성)
2795,0,정상,정상,일상대화,SMS,혹시 충전기 좀 빌려줄 수 있어? 다음 주 화요일쯤 쓰고 바로 돌려줄게,해당없음(정상 메시지),일상적인 사적 대화 예시(합성)
2796,0,정상,정상,일상대화,SMS,"친구, 비가 많이 온는데 외출할 때 옷 따뜻하게 입어~ 감기 조심하고",해당없음(정상 메시지),일상적인 사적 대화 예시(합성)
2797,0,정상,정상,일상대화,SMS,미안 미안 차가 막혀서 좀 늦을 것 같아. 회사 앞 김밥집 도착하면 10분 정도 걸릴 듯!,해당없음(정상 메시지),일상적인 사적 대화 예시(합성)
2798,0,정상,정상,일상대화,SMS,"할머니, 오늘 마트 가는 길에 피자 재료 좀 사다 줄 수 있어요?",해당없음(정상 메시지),일상적인 사적 대화 예시(합성)
2799,0,정상,정상,일상대화,SMS,이번 주말 약속 잊지 않았지? 동네 마트 앞에서 보는 걸로 하자!,해당없음(정상 메시지),일상적인 사적 대화 예시(합성)
2800,0,정상,정상,일상대화,SMS,"이모, 즐거운 명절 보내세요! 이번 연휴에 비빔밥 많이 드시고 편히 쉬세요",해당없음(정상 메시지),일상적인 사적 대화 예시(합성)
2801,0,정상,정상,일상대화,SMS,이번 주말에 뭐해? 시간 괜찮으면 동네 마트에서 산책할래?,해당없음(정상 메시지),일상적인 사적 대화 예시(합성)
2802,0,정상,정상,일상대화,SMS,이번 주말에 뭐해? 시간 괜찮으면 강남역에서 산책할래?,해당없음(정상 메시지),일상적인 사적 대화 예시(합성)
2803,0,정상,정상,일상대화,SMS,수진아 그 드라마 봤어? 완전 재밌더라 시간 되면 같이 산책하면서 보자,해당없음(정상 메시지),일상적인 사적 대화 예시(합성)
2804,0,정상,정상,일상대화,SMS,우리 오늘 저녁 7시쯤 여행 계획 짜볼까? 영화관 근처 숙소 좀 알아볼게,해당없음(정상 메시지),일상적인 사적 대화 예시(합성)
2805,0,정상,정상,일상대화,SMS,"누나, 몸살 걸렸다고 들었는데 괜찮아요? 푹 쉬고 초밥라도 챙겨 먹어요",해당없음(정상 메시지),일상적인 사적 대화 예시(합성)
2806,0,정상,정상,일상대화,SMS,수진아 모레 저녁 우리 동네 카페에서 냉면 어때? 시간 되면 연락줘~,해당없음(정상 메시지),일상적인 사적 대화 예시(합성)
2807,0,정상,정상,일상대화,SMS,일요일 오전 약속 잊지 않았지? 우리 집 근처 공원 앞에서 보는 걸로 하자!,해당없음(정상 메시지),일상적인 사적 대화 예시(합성)
2808,0,정상,정상,일상대화,SMS,"할머니, 오늘 마트 가는 길에 치킨 재료 좀 사다 줄 수 있어요?",해당없음(정상 메시지),일상적인 사적 대화 예시(합성)
2809,0,정상,정상,일상대화,SMS,혹시 우산 좀 빌려줄 수 있어? 이번 주말쯤 쓰고 바로 돌려줄게,해당없음(정상 메시지),일상적인 사적 대화 예시(합성)
2810,0,정상,정상,일상대화,SMS,현우야 그 드라마 봤어? 완전 재밌더라 시간 되면 같이 전시회 관람하면서 보자,해당없음(정상 메시지),일상적인 사적 대화 예시(합성)
2811,0,정상,정상,일상대화,SMS,지우야 내일 점심 동네 마트에서 치킨 어때? 시간 되면 연락줘~,해당없음(정상 메시지),일상적인 사적 대화 예시(합성)
2812,0,정상,정상,일상대화,SMS,우리 강아지 오늘 산책하다가 홍대에서 친구를 만났어 ㅋㅋ 완전 신났더라,해당없음(정상 메시지),일상적인 사적 대화 예시(합성)
2813,0,정상,정상,일상대화,SMS,"오빠, 몸살 걸렸다고 들었는데 괜찮아요? 푹 쉬고 냉면라도 챙겨 먹어요",해당없음(정상 메시지),일상적인 사적 대화 예시(합성)
2814,0,정상,정상,일상대화,SMS,"친구, 갑자기 추워졌는데 외출할 때 옷 따뜻하게 입어~ 감기 조심하고",해당없음(정상 메시지),일상적인 사적 대화 예시(합성)
2815,0,정상,정상,일상대화,SMS,채원아 이번 주 스터디 일요일 오전에 합정에서 하는 거 맞지?,해당없음(정상 메시지),일상적인 사적 대화 예시(합성)
2816,0,정상,정상,일상대화,SMS,현우야 요즘 잘 지내? 오랜만이다 ㅎㅎ 언제 한번 건대입구에서 보자,해당없음(정상 메시지),일상적인 사적 대화 예시(합성)
2817,0,정상,정상,일상대화,SMS,"형, 미세먼지 심하는데 외출할 때 옷 따뜻하게 입어~ 감기 조심하고",해당없음(정상 메시지),일상적인 사적 대화 예시(합성)
2818,0,정상,정상,일상대화,SMS,금요일 퇴근하고 약속 잊지 않았지? 홍대 앞에서 보는 걸로 하자!,해당없음(정상 메시지),일상적인 사적 대화 예시(합성)
2819,0,정상,정상,일상대화,SMS,"언니, 몸살 걸렸다고 들었는데 괜찮아요? 푹 쉬고 마라탕라도 챙겨 먹어요",해당없음(정상 메시지),일상적인 사적 대화 예시(합성)
2820,0,정상,정상,일상대화,SMS,어제 도와줘서 진짜 고마워! 덕분에 운동 잘 끝냈어. 다음에 내가 냉면 살게,해당없음(정상 메시지),일상적인 사적 대화 예시(합성)
2821,0,정상,정상,일상대화,SMS,이번 주말에 뭐해? 시간 괜찮으면 우리 집 근처 공원에서 스터디할래?,해당없음(정상 메시지),일상적인 사적 대화 예시(합성)
2822,0,정상,정상,일상대화,SMS,"현우야 생일 축하해!! 오늘 저녁에 초밥 먹으러 가자, 내가 쏠게 ㅎㅎ",해당없음(정상 메시지),일상적인 사적 대화 예시(합성)
2823,0,정상,정상,일상대화,SMS,오늘 오후 3시쯤 약속 잊지 않았지? 홍대 앞에서 보는 걸로 하자!,해당없음(정상 메시지),일상적인 사적 대화 예시(합성)
2824,0,정상,정상,일상대화,SMS,"동생, 즐거운 명절 보내세요! 이번 연휴에 초밥 많이 드시고 편히 쉬세요",해당없음(정상 메시지),일상적인 사적 대화 예시(합성)
2825,0,정상,정상,일상대화,SMS,어제 도와줘서 진짜 고마워! 덕분에 장보기 잘 끝냈어. 다음에 내가 마라탕 살게,해당없음(정상 메시지),일상적인 사적 대화 예시(합성)
2826,0,정상,정상,일상대화,SMS,이번 주말에 뭐해? 시간 괜찮으면 우리 동네 카페에서 산책할래?,해당없음(정상 메시지),일상적인 사적 대화 예시(합성)
2827,0,정상,정상,일상대화,SMS,우리 모레 저녁쯤 여행 계획 짜볼까? 합정 근처 숙소 좀 알아볼게,해당없음(정상 메시지),일상적인 사적 대화 예시(합성)
2828,0,정상,정상,일상대화,SMS,지우야 일요일 오전 강남역에서 마라탕 어때? 시간 되면 연락줘~,해당없음(정상 메시지),일상적인 사적 대화 예시(합성)
2829,0,정상,정상,일상대화,SMS,이번 주말에 뭐해? 시간 괜찮으면 동네 마트에서 등산할래?,해당없음(정상 메시지),일상적인 사적 대화 예시(합성)
2830,0,정상,정상,일상대화,SMS,수진아 그 드라마 봤어? 완전 재밌더라 시간 되면 같이 전시회 관람하면서 보자,해당없음(정상 메시지),일상적인 사적 대화 예시(합성)
2831,0,정상,정상,일상대화,SMS,"엄마, 날씨 진짜 좋는데 외출할 때 옷 따뜻하게 입어~ 감기 조심하고",해당없음(정상 메시지),일상적인 사적 대화 예시(합성)
2832,0,정상,정상,일상대화,SMS,"수진아 생일 축하해!! 오늘 저녁에 치킨 먹으러 가자, 내가 쏠게 ㅎㅎ",해당없음(정상 메시지),일상적인 사적 대화 예시(합성)
2833,0,정상,정상,일상대화,SMS,나 지금 우리 동네 카페 도착했어! 어디쯤이야?,해당없음(정상 메시지),일상적인 사적 대화 예시(합성)
2834,0,정상,정상,일상대화,SMS,현우야 이번 주 스터디 오늘 저녁 7시에 성수동에서 하는 거 맞지?,해당없음(정상 메시지),일상적인 사적 대화 예시(합성)
2835,0,정상,정상,일상대화,SMS,"형, 즐거운 명절 보내세요! 이번 연휴에 마라탕 많이 드시고 편히 쉬세요",해당없음(정상 메시지),일상적인 사적 대화 예시(합성)
2836,0,정상,정상,일상대화,SMS,이번 주말에 뭐해? 시간 괜찮으면 홍대에서 전시회 관람할래?,해당없음(정상 메시지),일상적인 사적 대화 예시(합성)
2837,0,정상,정상,일상대화,SMS,"도윤아 생일 축하해!! 오늘 저녁에 삼겹살 먹으러 가자, 내가 쏠게 ㅎㅎ",해당없음(정상 메시지),일상적인 사적 대화 예시(합성)
2838,0,정상,정상,일상대화,SMS,미안 미안 차가 막혀서 좀 늦을 것 같아. 영화관 도착하면 10분 정도 걸릴 듯!,해당없음(정상 메시지),일상적인 사적 대화 예시(합성)
2839,0,정상,정상,일상대화,SMS,이번 주말에 뭐해? 시간 괜찮으면 건대입구에서 캠핑할래?,해당없음(정상 메시지),일상적인 사적 대화 예시(합성)
2840,0,정상,정상,일상대화,SMS,혹시 텀블러 좀 빌려줄 수 있어? 일요일 오전쯤 쓰고 바로 돌려줄게,해당없음(정상 메시지),일상적인 사적 대화 예시(합성)
2841,0,정상,정상,일상대화,SMS,"엄마, 오늘 마트 가는 길에 국밥 재료 좀 사다 줄 수 있어요?",해당없음(정상 메시지),일상적인 사적 대화 예시(합성)
2842,0,정상,정상,일상대화,SMS,하준아 요즘 잘 지내? 오랜만이다 ㅎㅎ 언제 한번 우리 집 근처 공원에서 보자,해당없음(정상 메시지),일상적인 사적 대화 예시(합성)
2843,0,정상,정상,일상대화,SMS,민준아 이번 주 스터디 오늘 오후 3시쯤에 성수동에서 하는 거 맞지?,해당없음(정상 메시지),일상적인 사적 대화 예시(합성)
2844,0,정상,정상,일상대화,SMS,혹시 텀블러 좀 빌려줄 수 있어? 내일 점심쯤 쓰고 바로 돌려줄게,해당없음(정상 메시지),일상적인 사적 대화 예시(합성)
2845,0,정상,정상,일상대화,SMS,어제 도와줘서 진짜 고마워! 덕분에 드라이브 잘 끝냈어. 다음에 내가 국밥 살게,해당없음(정상 메시지),일상적인 사적 대화 예시(합성)
2846,0,정상,정상,일상대화,SMS,"누나, 몸살 걸렸다고 들었는데 괜찮아요? 푹 쉬고 국밥라도 챙겨 먹어요",해당없음(정상 메시지),일상적인 사적 대화 예시(합성)
2847,0,정상,정상,일상대화,SMS,"삼촌, 오는 길에 우산 좀 챙겨다 줄 수 있어요? 학교 앞 분식집 근처에서 살게요",해당없음(정상 메시지),일상적인 사적 대화 예시(합성)
2848,0,정상,정상,일상대화,SMS,어제 도와줘서 진짜 고마워! 덕분에 장보기 잘 끝냈어. 다음에 내가 비빔밥 살게,해당없음(정상 메시지),일상적인 사적 대화 예시(합성)
2849,0,정상,정상,일상대화,SMS,채원아 이번 주 스터디 다음 주 화요일에 우리 동네 카페에서 하는 거 맞지?,해당없음(정상 메시지),일상적인 사적 대화 예시(합성)
2850,0,정상,정상,일상대화,SMS,"아빠, 오늘 마트 가는 길에 마라탕 재료 좀 사다 줄 수 있어요?",해당없음(정상 메시지),일상적인 사적 대화 예시(합성)
2851,0,정상,정상,일상대화,SMS,하준아 완전 축하해!! 진짜 고생했다 ㅠㅠ 이번 주에 초밥 먹으면서 축하하자,해당없음(정상 메시지),일상적인 사적 대화 예시(합성)
2852,0,정상,정상,일상대화,SMS,"엄마, 비가 많이 온는데 외출할 때 옷 따뜻하게 입어~ 감기 조심하고",해당없음(정상 메시지),일상적인 사적 대화 예시(합성)
2853,0,정상,정상,일상대화,SMS,"민준아 생일 축하해!! 오늘 저녁에 비빔밥 먹으러 가자, 내가 쏠게 ㅎㅎ",해당없음(정상 메시지),일상적인 사적 대화 예시(합성)
2854,0,정상,정상,일상대화,SMS,다음 주 화요일 약속 잊지 않았지? 홍대 앞에서 보는 걸로 하자!,해당없음(정상 메시지),일상적인 사적 대화 예시(합성)
2855,0,정상,정상,일상대화,SMS,어제 도와줘서 진짜 고마워! 덕분에 산책 잘 끝냈어. 다음에 내가 초밥 살게,해당없음(정상 메시지),일상적인 사적 대화 예시(합성)
2856,0,정상,정상,일상대화,SMS,"민준아 생일 축하해!! 오늘 저녁에 피자 먹으러 가자, 내가 쏠게 ㅎㅎ",해당없음(정상 메시지),일상적인 사적 대화 예시(합성)
2857,0,정상,정상,일상대화,SMS,"할아버지, 오늘 마트 가는 길에 초밥 재료 좀 사다 줄 수 있어요?",해당없음(정상 메시지),일상적인 사적 대화 예시(합성)
2858,0,정상,정상,일상대화,SMS,"서연아 생일 축하해!! 오늘 저녁에 떡볶이 먹으러 가자, 내가 쏠게 ㅎㅎ",해당없음(정상 메시지),일상적인 사적 대화 예시(합성)
2859,0,정상,정상,일상대화,SMS,도윤아 완전 축하해!! 진짜 고생했다 ㅠㅠ 이번 주에 피자 먹으면서 축하하자,해당없음(정상 메시지),일상적인 사적 대화 예시(합성)
2860,0,정상,정상,일상대화,SMS,예은아 그 드라마 봤어? 완전 재밌더라 시간 되면 같이 장보기하면서 보자,해당없음(정상 메시지),일상적인 사적 대화 예시(합성)
2861,0,정상,정상,일상대화,SMS,"할아버지, 즐거운 명절 보내세요! 이번 연휴에 치킨 많이 드시고 편히 쉬세요",해당없음(정상 메시지),일상적인 사적 대화 예시(합성)
2862,0,정상,정상,일상대화,SMS,혹시 노트북 좀 빌려줄 수 있어? 금요일 퇴근하고쯤 쓰고 바로 돌려줄게,해당없음(정상 메시지),일상적인 사적 대화 예시(합성)
2863,0,정상,정상,일상대화,SMS,어제 도와줘서 진짜 고마워! 덕분에 장보기 잘 끝냈어. 다음에 내가 냉면 살게,해당없음(정상 메시지),일상적인 사적 대화 예시(합성)
2864,0,정상,정상,일상대화,SMS,수진아 이번 주 스터디 모레 저녁에 동네 마트에서 하는 거 맞지?,해당없음(정상 메시지),일상적인 사적 대화 예시(합성)
2865,0,정상,정상,일상대화,SMS,채원아 오늘 저녁 7시 강남역에서 떡볶이 어때? 시간 되면 연락줘~,해당없음(정상 메시지),일상적인 사적 대화 예시(합성)
2866,0,정상,정상,일상대화,SMS,"친구, 오늘 마트 가는 길에 피자 재료 좀 사다 줄 수 있어요?",해당없음(정상 메시지),일상적인 사적 대화 예시(합성)
2867,0,정상,정상,일상대화,SMS,어제 도와줘서 진짜 고마워! 덕분에 스터디 잘 끝냈어. 다음에 내가 삼겹살 살게,해당없음(정상 메시지),일상적인 사적 대화 예시(합성)
2868,0,정상,정상,일상대화,SMS,우리 강아지 오늘 산책하다가 우리 동네 카페에서 친구를 만났어 ㅋㅋ 완전 신났더라,해당없음(정상 메시지),일상적인 사적 대화 예시(합성)
2869,0,정상,정상,일상대화,SMS,지훈아 완전 축하해!! 진짜 고생했다 ㅠㅠ 이번 주에 떡볶이 먹으면서 축하하자,해당없음(정상 메시지),일상적인 사적 대화 예시(합성)
2870,0,정상,정상,일상대화,SMS,수진아 그 드라마 봤어? 완전 재밌더라 시간 되면 같이 드라이브하면서 보자,해당없음(정상 메시지),일상적인 사적 대화 예시(합성)
2871,0,정상,정상,일상대화,SMS,"채원아 생일 축하해!! 오늘 저녁에 삼겹살 먹으러 가자, 내가 쏠게 ㅎㅎ",해당없음(정상 메시지),일상적인 사적 대화 예시(합성)
2872,0,정상,정상,일상대화,SMS,"오빠, 몸살 걸렸다고 들었는데 괜찮아요? 푹 쉬고 국밥라도 챙겨 먹어요",해당없음(정상 메시지),일상적인 사적 대화 예시(합성)
2873,0,정상,정상,일상대화,SMS,서연아 이번 주 스터디 오늘 저녁 7시에 홍대에서 하는 거 맞지?,해당없음(정상 메시지),일상적인 사적 대화 예시(합성)
2874,0,정상,정상,일상대화,SMS,우리 모레 저녁쯤 여행 계획 짜볼까? 한강공원 근처 숙소 좀 알아볼게,해당없음(정상 메시지),일상적인 사적 대화 예시(합성)
2875,0,정상,정상,일상대화,SMS,"형, 저녁 드셨어요? 오늘 비가 많이 온는데 감기 조심하시고 일찍 주무세요",해당없음(정상 메시지),일상적인 사적 대화 예시(합성)
2876,0,정상,정상,일상대화,SMS,"친구, 오늘 마트 가는 길에 치킨 재료 좀 사다 줄 수 있어요?",해당없음(정상 메시지),일상적인 사적 대화 예시(합성)
2877,0,정상,정상,일상대화,SMS,다음 주 화요일 약속 잊지 않았지? 학교 앞 분식집 앞에서 보는 걸로 하자!,해당없음(정상 메시지),일상적인 사적 대화 예시(합성)
2878,0,정상,정상,일상대화,SMS,현우야 금요일 퇴근하고 건대입구에서 떡볶이 어때? 시간 되면 연락줘~,해당없음(정상 메시지),일상적인 사적 대화 예시(합성)
2879,0,정상,정상,일상대화,SMS,혹시 충전기 좀 빌려줄 수 있어? 이번 주말쯤 쓰고 바로 돌려줄게,해당없음(정상 메시지),일상적인 사적 대화 예시(합성)
2880,0,정상,정상,일상대화,SMS,서연아 완전 축하해!! 진짜 고생했다 ㅠㅠ 이번 주에 냉면 먹으면서 축하하자,해당없음(정상 메시지),일상적인 사적 대화 예시(합성)
2881,0,정상,정상,일상대화,SMS,"형, 오늘 마트 가는 길에 치킨 재료 좀 사다 줄 수 있어요?",해당없음(정상 메시지),일상적인 사적 대화 예시(합성)
2882,0,정상,정상,일상대화,SMS,모레 저녁 약속 잊지 않았지? 홍대 앞에서 보는 걸로 하자!,해당없음(정상 메시지),일상적인 사적 대화 예시(합성)
2883,0,정상,정상,일상대화,SMS,지훈아 이번 주 스터디 오늘 오후 3시쯤에 건대입구에서 하는 거 맞지?,해당없음(정상 메시지),일상적인 사적 대화 예시(합성)
2884,0,정상,정상,일상대화,SMS,"아빠, 즐거운 명절 보내세요! 이번 연휴에 치킨 많이 드시고 편히 쉬세요",해당없음(정상 메시지),일상적인 사적 대화 예시(합성)
2885,0,정상,정상,일상대화,SMS,"엄마, 즐거운 명절 보내세요! 이번 연휴에 파스타 많이 드시고 편히 쉬세요",해당없음(정상 메시지),일상적인 사적 대화 예시(합성)
2886,0,정상,정상,일상대화,SMS,민준아 그 드라마 봤어? 완전 재밌더라 시간 되면 같이 스터디하면서 보자,해당없음(정상 메시지),일상적인 사적 대화 예시(합성)
2887,1,스팸_사기,악성_해킹시도,공공기관사칭_스미싱,SMS,[환경부과태료62] 2026년 5월 위반사실 통지서가 발송되었습니다. 조회: hxxp://gov-check-645.com/9164,공공기관을 사칭한 허위 고지서로 악성 링크 클릭 유도,기존 스팸 유형 패턴을 참고해 새로 생성한 예시(합성)
2888,1,스팸_사기,사기_보이스피싱,가족지인사칭_메신저피싱,SMS,오빠 나 폰이 고장나서 AS 맡겨서 임시폰이야. 확인할 결제내역이 있는데 대신 좀 해줄 수 있어? 신분증이랑 계좌번호도 같이 보내줘,"지인/가족을 사칭해 긴급 상황을 연출, 개인정보와 금전을 요구",기존 스팸 유형 패턴을 참고해 새로 생성한 예시(합성)
2889,1,스팸_사기,악성_해킹시도,카드발급사칭_스미싱,SMS,고객님 명의로 농협은행 카드가 신규 발급 신청되었습니다. 본인이 아니라면 즉시 확인 hxxp://card-verify-kr-656.site/6410,"신청한 적 없는 카드 발급 안내, 확인을 명목으로 악성 링크 클릭 유도",기존 스팸 유형 패턴을 참고해 새로 생성한 예시(합성)
2890,1,스팸_사기,악성_해킹시도,카드발급사칭_스미싱,SMS,고객님 명의로 케이뱅크 카드가 신규 발급 신청되었습니다. 본인이 아니라면 즉시 확인 hxxp://card-verify-kr-826.site/3430,"신청한 적 없는 카드 발급 안내, 확인을 명목으로 악성 링크 클릭 유도",기존 스팸 유형 패턴을 참고해 새로 생성한 예시(합성)
2892,1,스팸_사기,광고성스팸,불법대출광고,SMS,"[조은대부] 신용조회 없이 당일 승인, 최대 70만원. 문의 1544-6494-6420","미등록 대부업체의 저금리 대출 광고, 개인정보 수집 후 고금리 편취 위험",기존 스팸 유형 패턴을 참고해 새로 생성한 예시(합성)
2893,1,스팸_사기,사기_보이스피싱,가족지인사칭_메신저피싱,SMS,아빠 나 기기변경 중이라 임시폰이야. 확인할 결제내역이 있는데 대신 좀 해줄 수 있어? 신분증이랑 계좌번호도 같이 보내줘,"지인/가족을 사칭해 긴급 상황을 연출, 개인정보와 금전을 요구",기존 스팸 유형 패턴을 참고해 새로 생성한 예시(합성)
2895,1,스팸_사기,사기_투자로맨스,가짜투자앱유도,SMS,[VIP투자방] 저희 코스피마스터 전용 앱으로 700만원부터 시작하세요. 오늘 수익률 90% 인증! 앱 설치: hxxp://smart-invest-app-214.net/4778,"공식 앱스토어가 아닌 링크로 앱 설치 유도, 초기 소액 출금으로 신뢰 형성 후 거액 유도",기존 스팸 유형 패턴을 참고해 새로 생성한 예시(합성)
2896,1,스팸_사기,광고성스팸,불법도박광고,SMS,"[대박토토] 첫충 90% 이벤트! 신규가입시 최대 700만원 지급, 지금 가입: hxxp://대박토토-825.site/8617",불법 온라인 도박 사이트 가입 유도 광고,기존 스팸 유형 패턴을 참고해 새로 생성한 예시(합성)
2897,1,스팸_사기,악성_해킹시도,택배사칭_스미싱,SMS,[G마켓물류센터] 송장번호(3948809547) 결제 정보 확인이 필요합니다. 확인: hxxp://G마켓물류센터-963.com/1070,가짜 배송 조회 링크로 악성 앱 설치 또는 개인정보 입력 유도,기존 스팸 유형 패턴을 참고해 새로 생성한 예시(합성)
2898,1,스팸_사기,광고성스팸,불법도박광고,SMS,"[코리아벳] 첫충 60% 이벤트! 신규가입시 최대 1000만원 지급, 지금 가입: hxxp://슈퍼토토-183.com/5656",불법 온라인 도박 사이트 가입 유도 광고,기존 스팸 유형 패턴을 참고해 새로 생성한 예시(합성)
2899,1,스팸_사기,사기_보이스피싱,소액결제사칭,SMS,"[해외결제] 930,000원이 승인되었습니다. 본인 확인 필요 시 1588-9958-5319","실제 결제하지 않은 내역을 안내해 불안감을 유발, 가짜 고객센터 연결 유도",기존 스팸 유형 패턴을 참고해 새로 생성한 예시(합성)
2900,1,스팸_사기,가짜채용,불법구인_밀폐공간면접,SMS,면접은 저희 사무실이 아니라 빈 건물 로비에서 진행할게요. 채용 확정되면 바로 현금으로 일당 지급해드립니다.,비정상적 면접 장소와 즉시 현금 지급을 미끼로 한 불법 구인 의심 사례,기존 스팸 유형 패턴을 참고해 새로 생성한 예시(합성)
2902,1,스팸_사기,사기_보이스피싱,검찰_금감원사칭,SMS,여기는 서울중앙지검입니다. 귀하 명의 계좌가 범죄에 연루되어 수사가 진행 중입니다. 자산보호를 위해 대출받은 300만원을 안전계좌로 즉시 이체하셔야 합니다.,수사기관 사칭으로 공포심을 조성해 금전 이체를 유도하는 전형적 보이스피싱 수법,기존 스팸 유형 패턴을 참고해 새로 생성한 예시(합성)
2903,1,스팸_사기,악성_해킹시도,카드발급사칭_스미싱,SMS,고객님 명의로 카카오뱅크 카드가 신규 발급 신청되었습니다. 본인이 아니라면 즉시 확인 hxxp://card-verify-kr-280.xyz/4657,"신청한 적 없는 카드 발급 안내, 확인을 명목으로 악성 링크 클릭 유도",기존 스팸 유형 패턴을 참고해 새로 생성한 예시(합성)
2904,1,스팸_사기,악성_해킹시도,청첩장_부고장사칭_스미싱,SMS,[초대장 도착] 장례식 청첩장를 보내드립니다. hxxp://mcard-invite-868.site/1747에서 열어보세요,모바일 청첩장/부고장을 가장한 악성 링크로 스미싱 유도,기존 스팸 유형 패턴을 참고해 새로 생성한 예시(합성)
2905,1,스팸_사기,사기_투자로맨스,로맨스스캠_구제사기,SMS,로맨스스캠 피해금 회수 전문입니다. 화이트해커팀이 사기범 계좌를 추적해 원금 복구를 도와드립니다. 착수금 5만원만 선입금하시면 바로 진행합니다.,피해금 회수를 미끼로 착수금을 요구하는 2차 사기,기존 스팸 유형 패턴을 참고해 새로 생성한 예시(합성)
2906,1,스팸_사기,광고성스팸,로또번호_추천광고,SMS,"[복권천재] 이번 주 1등 당첨번호 무료공개! 2회 연속 적중 기록, 확인은 hxxp://로또신-228.com/2439","확인 불가능한 당첨 이력 주장, 개인정보 입력 후 유료 결제로 유도하는 경우 많음",기존 스팸 유형 패턴을 참고해 새로 생성한 예시(합성)
2907,1,스팸_사기,가짜채용,허위구인_체크카드요구,SMS,[채용안내] 지원하신 고객상담 자리 안내드립니다. 업무 전 본인확인 위해 체크카드 사진과 비밀번호를 먼저 보내주세요.,"채용을 빙자해 체크카드 정보를 요구, 금융사기에 이용될 위험",기존 스팸 유형 패턴을 참고해 새로 생성한 예시(합성)
2908,1,스팸_사기,광고성스팸,로또번호_추천광고,SMS,"[로또마스터] 이번 주 3등 당첨번호 무료공개! 2회 연속 적중 기록, 확인은 hxxp://로또신-675.xyz/1494","확인 불가능한 당첨 이력 주장, 개인정보 입력 후 유료 결제로 유도하는 경우 많음",기존 스팸 유형 패턴을 참고해 새로 생성한 예시(합성)
2909,1,스팸_사기,광고성스팸,불법대출광고,SMS,"[스피드머니] 신용조회 없이 당일 승인, 최대 100만원. 문의 050-5256-1007","미등록 대부업체의 저금리 대출 광고, 개인정보 수집 후 고금리 편취 위험",기존 스팸 유형 패턴을 참고해 새로 생성한 예시(합성)
2910,1,스팸_사기,광고성스팸,불법대출광고,SMS,"[국민든든대부] 신용조회 없이 당일 승인, 최대 10만원. 문의 070-1107-2700","미등록 대부업체의 저금리 대출 광고, 개인정보 수집 후 고금리 편취 위험",기존 스팸 유형 패턴을 참고해 새로 생성한 예시(합성)
2911,1,스팸_사기,악성_해킹시도,카드발급사칭_스미싱,SMS,고객님 명의로 하나은행 카드가 신규 발급 신청되었습니다. 본인이 아니라면 즉시 확인 hxxp://card-verify-kr-760.com/8552,"신청한 적 없는 카드 발급 안내, 확인을 명목으로 악성 링크 클릭 유도",기존 스팸 유형 패턴을 참고해 새로 생성한 예시(합성)
2912,1,스팸_사기,악성_해킹시도,택배사칭_스미싱,SMS,[무신사물류센터] 송장번호(6642136936) 통관 절차가 지연되고 있습니다. 확인: hxxp://무신사물류센터-564.site/8194,가짜 배송 조회 링크로 악성 앱 설치 또는 개인정보 입력 유도,기존 스팸 유형 패턴을 참고해 새로 생성한 예시(합성)
2913,1,스팸_사기,악성_해킹시도,카드발급사칭_스미싱,SMS,고객님 명의로 카카오뱅크 카드가 신규 발급 신청되었습니다. 본인이 아니라면 즉시 확인 hxxp://card-verify-kr-700.top/7855,"신청한 적 없는 카드 발급 안내, 확인을 명목으로 악성 링크 클릭 유도",기존 스팸 유형 패턴을 참고해 새로 생성한 예시(합성)
2914,1,스팸_사기,광고성스팸,불법도박광고,SMS,"[슈퍼토토] 첫충 50% 이벤트! 신규가입시 최대 500만원 지급, 지금 가입: hxxp://코리아벳-301.com/6843",불법 온라인 도박 사이트 가입 유도 광고,기존 스팸 유형 패턴을 참고해 새로 생성한 예시(합성)
2915,1,스팸_사기,가짜채용,현금수거책_고액알바,SMS,단순 심부름 업무로 일당 10만원 드립니다. 대구 인근 지정 장소에서 현금이 든 쇼핑백을 수거해 전달만 하시면 됩니다. 경력/면접 없이 바로 시작 가능,현금 수거/전달책으로 이용해 보이스피싱 자금 인출책(대포통장 및 현금 전달) 가담 유도,기존 스팸 유형 패턴을 참고해 새로 생성한 예시(합성)
2917,1,스팸_사기,사기_투자로맨스,투자리딩방,SMS,"[마스터리딩방] 글로벌인베스트 마스터 리딩방입니다. 전문가 실시간 매수/매도 신호 제공, 이번 주 수익률 95% 인증 종목 공개! 무료 입장: hxxp://leading-room-667.top/9965","검증되지 않은 수익률 인증, 무료를 미끼로 유료 리딩방 유입 유도",기존 스팸 유형 패턴을 참고해 새로 생성한 예시(합성)
2918,1,스팸_사기,사기_투자로맨스,투자리딩방,SMS,"[마스터리딩방] 프리미엄에셋(사칭) 마스터 리딩방입니다. 전문가 실시간 매수/매도 신호 제공, 이번 주 수익률 80% 인증 종목 공개! 무료 입장: hxxp://leading-room-110.xyz/6570","검증되지 않은 수익률 인증, 무료를 미끼로 유료 리딩방 유입 유도",기존 스팸 유형 패턴을 참고해 새로 생성한 예시(합성)
2919,1,스팸_사기,악성_해킹시도,택배사칭_스미싱,SMS,[티몬물류센터] 송장번호(2851109119) 결제 정보 확인이 필요합니다. 확인: hxxp://티몬물류센터-279.kr/6539,가짜 배송 조회 링크로 악성 앱 설치 또는 개인정보 입력 유도,기존 스팸 유형 패턴을 참고해 새로 생성한 예시(합성)
2920,1,스팸_사기,악성_해킹시도,공공기관사칭_스미싱,SMS,[국세청체납73] 2024년 6월 위반사실 통지서가 발송되었습니다. 조회: hxxp://gov-check-952.top/8108,공공기관을 사칭한 허위 고지서로 악성 링크 클릭 유도,기존 스팸 유형 패턴을 참고해 새로 생성한 예시(합성)
2921,1,스팸_사기,가짜채용,불법구인_밀폐공간면접,SMS,면접은 저희 사무실이 아니라 지하철역 인근 카페에서 진행할게요. 채용 확정되면 바로 현금으로 일당 지급해드립니다.,비정상적 면접 장소와 즉시 현금 지급을 미끼로 한 불법 구인 의심 사례,기존 스팸 유형 패턴을 참고해 새로 생성한 예시(합성)
2922,1,스팸_사기,악성_해킹시도,택배사칭_스미싱,SMS,[쿠팡물류센터] 송장번호(4308261381) 결제 정보 확인이 필요합니다. 확인: hxxp://쿠팡물류센터-472.top/3959,가짜 배송 조회 링크로 악성 앱 설치 또는 개인정보 입력 유도,기존 스팸 유형 패턴을 참고해 새로 생성한 예시(합성)
2923,1,스팸_사기,사기_투자로맨스,투자리딩방,SMS,"[마스터리딩방] 한국투자리딩(사칭) 마스터 리딩방입니다. 전문가 실시간 매수/매도 신호 제공, 이번 주 수익률 90% 인증 종목 공개! 무료 입장: hxxp://leading-room-126.net/4783","검증되지 않은 수익률 인증, 무료를 미끼로 유료 리딩방 유입 유도",기존 스팸 유형 패턴을 참고해 새로 생성한 예시(합성)
2924,1,스팸_사기,광고성스팸,불법대출광고,SMS,"[국민든든대부] 신용조회 없이 당일 승인, 최대 10000만원. 문의 050-2352-4479","미등록 대부업체의 저금리 대출 광고, 개인정보 수집 후 고금리 편취 위험",기존 스팸 유형 패턴을 참고해 새로 생성한 예시(합성)
2925,1,스팸_사기,광고성스팸,불법대출광고,SMS,"[직장인우대론] 신용조회 없이 당일 승인, 최대 50만원. 문의 050-4457-8111","미등록 대부업체의 저금리 대출 광고, 개인정보 수집 후 고금리 편취 위험",기존 스팸 유형 패턴을 참고해 새로 생성한 예시(합성)
2926,1,스팸_사기,사기_보이스피싱,소액결제사칭,SMS,"50,000원 결제 승인 문자입니다. 본인이 아니시면 050-2138-4257로 신고해주세요","실제 결제하지 않은 내역을 안내해 불안감을 유발, 가짜 고객센터 연결 유도",기존 스팸 유형 패턴을 참고해 새로 생성한 예시(합성)
2928,1,스팸_사기,악성_해킹시도,카드발급사칭_스미싱,SMS,고객님 명의로 케이뱅크 카드가 신규 발급 신청되었습니다. 본인이 아니라면 즉시 확인 hxxp://card-verify-kr-760.xyz/1881,"신청한 적 없는 카드 발급 안내, 확인을 명목으로 악성 링크 클릭 유도",기존 스팸 유형 패턴을 참고해 새로 생성한 예시(합성)
2929,1,스팸_사기,사기_보이스피싱,검찰_금감원사칭,SMS,여기는 금융감독원입니다. 귀하 명의 계좌가 범죄에 연루되어 수사가 진행 중입니다. 자산보호를 위해 대출받은 150만원을 안전계좌로 즉시 이체하셔야 합니다.,수사기관 사칭으로 공포심을 조성해 금전 이체를 유도하는 전형적 보이스피싱 수법,기존 스팸 유형 패턴을 참고해 새로 생성한 예시(합성)
2930,1,스팸_사기,사기_보이스피싱,검찰_금감원사칭,SMS,여기는 금융감독원입니다. 귀하 명의 계좌가 범죄에 연루되어 수사가 진행 중입니다. 자산보호를 위해 대출받은 7000만원을 안전계좌로 즉시 이체하셔야 합니다.,수사기관 사칭으로 공포심을 조성해 금전 이체를 유도하는 전형적 보이스피싱 수법,기존 스팸 유형 패턴을 참고해 새로 생성한 예시(합성)
2931,1,스팸_사기,광고성스팸,불법도박광고,SMS,"[프리미엄카지노] 첫충 80% 이벤트! 신규가입시 최대 500만원 지급, 지금 가입: hxxp://프리미엄카지노-650.com/2525",불법 온라인 도박 사이트 가입 유도 광고,기존 스팸 유형 패턴을 참고해 새로 생성한 예시(합성)
2932,1,스팸_사기,가짜채용,허위구인_체크카드요구,SMS,[채용안내] 지원하신 데이터입력 자리 안내드립니다. 업무 전 본인확인 위해 체크카드 사진과 비밀번호를 먼저 보내주세요.,"채용을 빙자해 체크카드 정보를 요구, 금융사기에 이용될 위험",기존 스팸 유형 패턴을 참고해 새로 생성한 예시(합성)
2933,1,스팸_사기,가짜채용,현금수거책_고액알바,SMS,단순 심부름 업무로 일당 300만원 드립니다. 수원 인근 지정 장소에서 현금이 든 쇼핑백을 수거해 전달만 하시면 됩니다. 경력/면접 없이 바로 시작 가능,현금 수거/전달책으로 이용해 보이스피싱 자금 인출책(대포통장 및 현금 전달) 가담 유도,기존 스팸 유형 패턴을 참고해 새로 생성한 예시(합성)
2934,1,스팸_사기,악성_해킹시도,공공기관사칭_스미싱,SMS,[환경부과태료92] 2026년 7월 위반사실 통지서가 발송되었습니다. 조회: hxxp://gov-check-856.net/4011,공공기관을 사칭한 허위 고지서로 악성 링크 클릭 유도,기존 스팸 유형 패턴을 참고해 새로 생성한 예시(합성)
2935,1,스팸_사기,사기_투자로맨스,가짜투자앱유도,SMS,[전문가리딩] 저희 한국투자리딩(사칭) 전용 앱으로 1500만원부터 시작하세요. 오늘 수익률 40% 인증! 앱 설치: hxxp://trade-master-app-203.top/6304,"공식 앱스토어가 아닌 링크로 앱 설치 유도, 초기 소액 출금으로 신뢰 형성 후 거액 유도",기존 스팸 유형 패턴을 참고해 새로 생성한 예시(합성)
2936,1,스팸_사기,악성_해킹시도,카드발급사칭_스미싱,SMS,고객님 명의로 신한은행 카드가 신규 발급 신청되었습니다. 본인이 아니라면 즉시 확인 hxxp://card-verify-kr-876.xyz/5165,"신청한 적 없는 카드 발급 안내, 확인을 명목으로 악성 링크 클릭 유도",기존 스팸 유형 패턴을 참고해 새로 생성한 예시(합성)
2938,1,스팸_사기,사기_보이스피싱,검찰_금감원사칭,SMS,여기는 금융결제원(사칭)입니다. 귀하 명의 계좌가 범죄에 연루되어 수사가 진행 중입니다. 자산보호를 위해 대출받은 3000만원을 안전계좌로 즉시 이체하셔야 합니다.,수사기관 사칭으로 공포심을 조성해 금전 이체를 유도하는 전형적 보이스피싱 수법,기존 스팸 유형 패턴을 참고해 새로 생성한 예시(합성)
2939,1,스팸_사기,광고성스팸,불법대출광고,SMS,"[케이캐시대부] 신용조회 없이 당일 승인, 최대 300만원. 문의 070-6413-2603","미등록 대부업체의 저금리 대출 광고, 개인정보 수집 후 고금리 편취 위험",기존 스팸 유형 패턴을 참고해 새로 생성한 예시(합성)
2940,1,스팸_사기,사기_보이스피싱,소액결제사칭,SMS,"790,000원 결제 승인 문자입니다. 본인이 아니시면 070-2792-5840로 신고해주세요","실제 결제하지 않은 내역을 안내해 불안감을 유발, 가짜 고객센터 연결 유도",기존 스팸 유형 패턴을 참고해 새로 생성한 예시(합성)
2941,1,스팸_사기,광고성스팸,불법도박광고,SMS,"[머니킹] 첫충 90% 이벤트! 신규가입시 최대 50만원 지급, 지금 가입: hxxp://슈퍼토토-446.top/6383",불법 온라인 도박 사이트 가입 유도 광고,기존 스팸 유형 패턴을 참고해 새로 생성한 예시(합성)
2942,1,스팸_사기,악성_해킹시도,청첩장_부고장사칭_스미싱,SMS,[초대장 도착] 돌잔치 청첩장를 보내드립니다. hxxp://mcard-invite-943.com/1329에서 열어보세요,모바일 청첩장/부고장을 가장한 악성 링크로 스미싱 유도,기존 스팸 유형 패턴을 참고해 새로 생성한 예시(합성)
2943,1,스팸_사기,사기_보이스피싱,검찰_금감원사칭,SMS,여기는 금융감독원입니다. 귀하 명의 계좌가 범죄에 연루되어 수사가 진행 중입니다. 자산보호를 위해 대출받은 70만원을 안전계좌로 즉시 이체하셔야 합니다.,수사기관 사칭으로 공포심을 조성해 금전 이체를 유도하는 전형적 보이스피싱 수법,기존 스팸 유형 패턴을 참고해 새로 생성한 예시(합성)
2946,1,스팸_사기,광고성스팸,불법도박광고,SMS,"[프리미엄카지노] 첫충 90% 이벤트! 신규가입시 최대 10000만원 지급, 지금 가입: hxxp://슈퍼토토-228.com/4805",불법 온라인 도박 사이트 가입 유도 광고,기존 스팸 유형 패턴을 참고해 새로 생성한 예시(합성)
2947,1,스팸_사기,사기_보이스피싱,검찰_금감원사칭,SMS,여기는 금융결제원(사칭)입니다. 귀하 명의 계좌가 범죄에 연루되어 수사가 진행 중입니다. 자산보호를 위해 대출받은 50만원을 안전계좌로 즉시 이체하셔야 합니다.,수사기관 사칭으로 공포심을 조성해 금전 이체를 유도하는 전형적 보이스피싱 수법,기존 스팸 유형 패턴을 참고해 새로 생성한 예시(합성)
2948,1,스팸_사기,가짜채용,재택부업_리뷰알바사기,SMS,"📋 재택으로 상품 리뷰만 작성하면 건당 9,53000원! 하루 12분 투자로 월 5000만원 가능합니다. 카톡 문의 @job259",고수익을 미끼로 선입금이나 개인정보를 요구하는 재택부업 사기,기존 스팸 유형 패턴을 참고해 새로 생성한 예시(합성)
2949,1,스팸_사기,사기_보이스피싱,검찰_금감원사칭,SMS,여기는 관할 경찰서입니다. 귀하 명의 계좌가 범죄에 연루되어 수사가 진행 중입니다. 자산보호를 위해 대출받은 3000만원을 안전계좌로 즉시 이체하셔야 합니다.,수사기관 사칭으로 공포심을 조성해 금전 이체를 유도하는 전형적 보이스피싱 수법,기존 스팸 유형 패턴을 참고해 새로 생성한 예시(합성)
2950,1,스팸_사기,사기_보이스피싱,가족지인사칭_메신저피싱,SMS,언니 나 기기변경 중이라 임시폰이야. 확인할 결제내역이 있는데 대신 좀 해줄 수 있어? 신분증이랑 계좌번호도 같이 보내줘,"지인/가족을 사칭해 긴급 상황을 연출, 개인정보와 금전을 요구",기존 스팸 유형 패턴을 참고해 새로 생성한 예시(합성)
2951,1,스팸_사기,가짜채용,현금수거책_고액알바,SMS,단순 심부름 업무로 일당 20만원 드립니다. 수원 인근 지정 장소에서 현금이 든 쇼핑백을 수거해 전달만 하시면 됩니다. 경력/면접 없이 바로 시작 가능,현금 수거/전달책으로 이용해 보이스피싱 자금 인출책(대포통장 및 현금 전달) 가담 유도,기존 스팸 유형 패턴을 참고해 새로 생성한 예시(합성)
2952,1,스팸_사기,악성_해킹시도,공공기관사칭_스미싱,SMS,[환경부과태료59] 2026년 8월 위반사실 통지서가 발송되었습니다. 조회: hxxp://gov-check-753.net/9243,공공기관을 사칭한 허위 고지서로 악성 링크 클릭 유도,기존 스팸 유형 패턴을 참고해 새로 생성한 예시(합성)
2953,1,스팸_사기,악성_해킹시도,택배사칭_스미싱,SMS,[11번가물류센터] 송장번호(7663504280) 결제 정보 확인이 필요합니다. 확인: hxxp://11번가물류센터-286.top/8644,가짜 배송 조회 링크로 악성 앱 설치 또는 개인정보 입력 유도,기존 스팸 유형 패턴을 참고해 새로 생성한 예시(합성)
2954,1,스팸_사기,악성_해킹시도,청첩장_부고장사칭_스미싱,SMS,OOO님으로부터 돌잔치 청첩장가 도착했습니다. 확인: hxxp://mcard-invite-106.com/2886,모바일 청첩장/부고장을 가장한 악성 링크로 스미싱 유도,기존 스팸 유형 패턴을 참고해 새로 생성한 예시(합성)
2955,1,스팸_사기,가짜채용,재택부업_리뷰알바사기,SMS,"📋 재택으로 상품 리뷰만 작성하면 건당 1,38800원! 하루 58분 투자로 월 30만원 가능합니다. 카톡 문의 @job825",고수익을 미끼로 선입금이나 개인정보를 요구하는 재택부업 사기,기존 스팸 유형 패턴을 참고해 새로 생성한 예시(합성)
2956,1,스팸_사기,광고성스팸,로또번호_추천광고,SMS,"[황금열쇠] 이번 주 2등 당첨번호 무료공개! 3회 연속 적중 기록, 확인은 hxxp://로또신-614.site/4809","확인 불가능한 당첨 이력 주장, 개인정보 입력 후 유료 결제로 유도하는 경우 많음",기존 스팸 유형 패턴을 참고해 새로 생성한 예시(합성)
2957,1,스팸_사기,악성_해킹시도,청첩장_부고장사칭_스미싱,SMS,OOO님의 돌잔치에 초대합니다. 모바일 청첩장 확인하기 hxxp://mcard-invite-625.site/5959,모바일 청첩장/부고장을 가장한 악성 링크로 스미싱 유도,기존 스팸 유형 패턴을 참고해 새로 생성한 예시(합성)
2958,1,스팸_사기,사기_투자로맨스,투자리딩방,SMS,"[마스터리딩방] 한국투자리딩(사칭) 마스터 리딩방입니다. 전문가 실시간 매수/매도 신호 제공, 이번 주 수익률 60% 인증 종목 공개! 무료 입장: hxxp://leading-room-789.site/9843","검증되지 않은 수익률 인증, 무료를 미끼로 유료 리딩방 유입 유도",기존 스팸 유형 패턴을 참고해 새로 생성한 예시(합성)
2960,1,스팸_사기,사기_보이스피싱,가족지인사칭_메신저피싱,SMS,언니 나 폰 액정이 깨져서 임시폰이야. 확인할 결제내역이 있는데 대신 좀 해줄 수 있어? 신분증이랑 계좌번호도 같이 보내줘,"지인/가족을 사칭해 긴급 상황을 연출, 개인정보와 금전을 요구",기존 스팸 유형 패턴을 참고해 새로 생성한 예시(합성)
2961,1,스팸_사기,사기_투자로맨스,투자리딩방,SMS,"[마스터리딩방] 블록체인마스터스 마스터 리딩방입니다. 전문가 실시간 매수/매도 신호 제공, 이번 주 수익률 30% 인증 종목 공개! 무료 입장: hxxp://leading-room-735.net/6163","검증되지 않은 수익률 인증, 무료를 미끼로 유료 리딩방 유입 유도",기존 스팸 유형 패턴을 참고해 새로 생성한 예시(합성)
2962,1,스팸_사기,악성_해킹시도,카드발급사칭_스미싱,SMS,고객님 명의로 우리은행 카드가 신규 발급 신청되었습니다. 본인이 아니라면 즉시 확인 hxxp://card-verify-kr-390.top/9696,"신청한 적 없는 카드 발급 안내, 확인을 명목으로 악성 링크 클릭 유도",기존 스팸 유형 패턴을 참고해 새로 생성한 예시(합성)
2964,1,스팸_사기,가짜채용,통장대여_이체알바,SMS,"[단기알바] 명의 계좌 대여, 심부름 1건당 20만원. 텔레그램 @job522","본인 명의 계좌를 대여받아 대포통장으로 악용, 이체 심부름은 자금세탁에 이용될 위험",기존 스팸 유형 패턴을 참고해 새로 생성한 예시(합성)
2965,1,스팸_사기,악성_해킹시도,카드발급사칭_스미싱,SMS,고객님 명의로 우리은행 카드가 신규 발급 신청되었습니다. 본인이 아니라면 즉시 확인 hxxp://card-verify-kr-237.net/1217,"신청한 적 없는 카드 발급 안내, 확인을 명목으로 악성 링크 클릭 유도",기존 스팸 유형 패턴을 참고해 새로 생성한 예시(합성)
2966,1,스팸_사기,가짜채용,현금수거책_고액알바,SMS,단순 심부름 업무로 일당 2000만원 드립니다. 대전 인근 지정 장소에서 현금이 든 쇼핑백을 수거해 전달만 하시면 됩니다. 경력/면접 없이 바로 시작 가능,현금 수거/전달책으로 이용해 보이스피싱 자금 인출책(대포통장 및 현금 전달) 가담 유도,기존 스팸 유형 패턴을 참고해 새로 생성한 예시(합성)
2967,1,스팸_사기,사기_보이스피싱,소액결제사칭,SMS,"[승인] 200,000원 사용내역 확인, 본인 결제가 아닐 경우 1544-7476-6366 연락바랍니다","실제 결제하지 않은 내역을 안내해 불안감을 유발, 가짜 고객센터 연결 유도",기존 스팸 유형 패턴을 참고해 새로 생성한 예시(합성)
2968,1,스팸_사기,사기_투자로맨스,가짜투자앱유도,SMS,[전문가리딩] 저희 한국투자리딩(사칭) 전용 앱으로 7000만원부터 시작하세요. 오늘 수익률 90% 인증! 앱 설치: hxxp://profit-lead-app-307.com/2901,"공식 앱스토어가 아닌 링크로 앱 설치 유도, 초기 소액 출금으로 신뢰 형성 후 거액 유도",기존 스팸 유형 패턴을 참고해 새로 생성한 예시(합성)
2969,1,스팸_사기,가짜채용,허위구인_체크카드요구,SMS,[채용안내] 지원하신 포장검수 자리 안내드립니다. 업무 전 본인확인 위해 체크카드 사진과 비밀번호를 먼저 보내주세요.,"채용을 빙자해 체크카드 정보를 요구, 금융사기에 이용될 위험",기존 스팸 유형 패턴을 참고해 새로 생성한 예시(합성)
2970,1,스팸_사기,사기_보이스피싱,소액결제사칭,SMS,"[승인] 100,000원 사용내역 확인, 본인 결제가 아닐 경우 1588-8710-2242 연락바랍니다","실제 결제하지 않은 내역을 안내해 불안감을 유발, 가짜 고객센터 연결 유도",기존 스팸 유형 패턴을 참고해 새로 생성한 예시(합성)
2971,1,스팸_사기,사기_보이스피싱,검찰_금감원사칭,SMS,여기는 금융결제원(사칭)입니다. 귀하 명의 계좌가 범죄에 연루되어 수사가 진행 중입니다. 자산보호를 위해 대출받은 1000만원을 안전계좌로 즉시 이체하셔야 합니다.,수사기관 사칭으로 공포심을 조성해 금전 이체를 유도하는 전형적 보이스피싱 수법,기존 스팸 유형 패턴을 참고해 새로 생성한 예시(합성)
2972,1,스팸_사기,광고성스팸,로또번호_추천광고,SMS,"[당첨왕] 이번 주 2등 당첨번호 무료공개! 7회 연속 적중 기록, 확인은 hxxp://당첨왕-758.top/7147","확인 불가능한 당첨 이력 주장, 개인정보 입력 후 유료 결제로 유도하는 경우 많음",기존 스팸 유형 패턴을 참고해 새로 생성한 예시(합성)
2973,1,스팸_사기,가짜채용,허위구인_체크카드요구,SMS,[채용안내] 지원하신 콜센터상담원 자리 안내드립니다. 업무 전 본인확인 위해 체크카드 사진과 비밀번호를 먼저 보내주세요.,"채용을 빙자해 체크카드 정보를 요구, 금융사기에 이용될 위험",기존 스팸 유형 패턴을 참고해 새로 생성한 예시(합성)
2974,1,스팸_사기,광고성스팸,불법대출광고,SMS,"[케이캐시대부] 신용조회 없이 당일 승인, 최대 200만원. 문의 050-7126-3683","미등록 대부업체의 저금리 대출 광고, 개인정보 수집 후 고금리 편취 위험",기존 스팸 유형 패턴을 참고해 새로 생성한 예시(합성)
2975,1,스팸_사기,광고성스팸,불법도박광고,SMS,"[슈퍼토토] 첫충 30% 이벤트! 신규가입시 최대 10만원 지급, 지금 가입: hxxp://대박토토-161.kr/6475",불법 온라인 도박 사이트 가입 유도 광고,기존 스팸 유형 패턴을 참고해 새로 생성한 예시(합성)
2976,1,스팸_사기,악성_해킹시도,택배사칭_스미싱,SMS,[티몬물류센터] 송장번호(7511275108) 결제 정보 확인이 필요합니다. 확인: hxxp://티몬물류센터-258.kr/5101,가짜 배송 조회 링크로 악성 앱 설치 또는 개인정보 입력 유도,기존 스팸 유형 패턴을 참고해 새로 생성한 예시(합성)
2977,1,스팸_사기,사기_보이스피싱,가족지인사칭_메신저피싱,SMS,엄마 나 폰이 고장나서 AS 맡겨서 임시폰이야. 확인할 결제내역이 있는데 대신 좀 해줄 수 있어? 신분증이랑 계좌번호도 같이 보내줘,"지인/가족을 사칭해 긴급 상황을 연출, 개인정보와 금전을 요구",기존 스팸 유형 패턴을 참고해 새로 생성한 예시(합성)
2978,1,스팸_사기,사기_보이스피싱,가족지인사칭_메신저피싱,SMS,형 나 폰 액정이 깨져서 임시폰이야. 확인할 결제내역이 있는데 대신 좀 해줄 수 있어? 신분증이랑 계좌번호도 같이 보내줘,"지인/가족을 사칭해 긴급 상황을 연출, 개인정보와 금전을 요구",기존 스팸 유형 패턴을 참고해 새로 생성한 예시(합성)
2979,1,스팸_사기,광고성스팸,불법대출광고,SMS,"[국민든든대부] 신용조회 없이 당일 승인, 최대 300만원. 문의 02-9549-9321","미등록 대부업체의 저금리 대출 광고, 개인정보 수집 후 고금리 편취 위험",기존 스팸 유형 패턴을 참고해 새로 생성한 예시(합성)
2980,1,스팸_사기,가짜채용,현금수거책_고액알바,SMS,단순 심부름 업무로 일당 200만원 드립니다. 수원 인근 지정 장소에서 현금이 든 쇼핑백을 수거해 전달만 하시면 됩니다. 경력/면접 없이 바로 시작 가능,현금 수거/전달책으로 이용해 보이스피싱 자금 인출책(대포통장 및 현금 전달) 가담 유도,기존 스팸 유형 패턴을 참고해 새로 생성한 예시(합성)
2981,1,스팸_사기,사기_투자로맨스,투자리딩방,SMS,"[마스터리딩방] 한국투자리딩(사칭) 마스터 리딩방입니다. 전문가 실시간 매수/매도 신호 제공, 이번 주 수익률 50% 인증 종목 공개! 무료 입장: hxxp://leading-room-881.net/5364","검증되지 않은 수익률 인증, 무료를 미끼로 유료 리딩방 유입 유도",기존 스팸 유형 패턴을 참고해 새로 생성한 예시(합성)
2982,1,스팸_사기,가짜채용,현금수거책_고액알바,SMS,단순 심부름 업무로 일당 1000만원 드립니다. 부산 인근 지정 장소에서 현금이 든 쇼핑백을 수거해 전달만 하시면 됩니다. 경력/면접 없이 바로 시작 가능,현금 수거/전달책으로 이용해 보이스피싱 자금 인출책(대포통장 및 현금 전달) 가담 유도,기존 스팸 유형 패턴을 참고해 새로 생성한 예시(합성)
2983,1,스팸_사기,가짜채용,현금수거책_고액알바,SMS,단순 심부름 업무로 일당 70만원 드립니다. 광주 인근 지정 장소에서 현금이 든 쇼핑백을 수거해 전달만 하시면 됩니다. 경력/면접 없이 바로 시작 가능,현금 수거/전달책으로 이용해 보이스피싱 자금 인출책(대포통장 및 현금 전달) 가담 유도,기존 스팸 유형 패턴을 참고해 새로 생성한 예시(합성)
2984,1,스팸_사기,악성_해킹시도,카드발급사칭_스미싱,SMS,고객님 명의로 기업은행 카드가 신규 발급 신청되었습니다. 본인이 아니라면 즉시 확인 hxxp://card-verify-kr-169.xyz/3003,"신청한 적 없는 카드 발급 안내, 확인을 명목으로 악성 링크 클릭 유도",기존 스팸 유형 패턴을 참고해 새로 생성한 예시(합성)
2985,1,스팸_사기,악성_해킹시도,카드발급사칭_스미싱,SMS,고객님 명의로 하나은행 카드가 신규 발급 신청되었습니다. 본인이 아니라면 즉시 확인 hxxp://card-verify-kr-336.top/7694,"신청한 적 없는 카드 발급 안내, 확인을 명목으로 악성 링크 클릭 유도",기존 스팸 유형 패턴을 참고해 새로 생성한 예시(합성)
2986,1,스팸_사기,광고성스팸,로또번호_추천광고,SMS,"[황금열쇠] 이번 주 3등 당첨번호 무료공개! 7회 연속 적중 기록, 확인은 hxxp://로또신-372.site/3351","확인 불가능한 당첨 이력 주장, 개인정보 입력 후 유료 결제로 유도하는 경우 많음",기존 스팸 유형 패턴을 참고해 새로 생성한 예시(합성)
2987,1,스팸_사기,사기_투자로맨스,가짜투자앱유도,SMS,[전문가리딩] 저희 한국투자리딩(사칭) 전용 앱으로 70만원부터 시작하세요. 오늘 수익률 70% 인증! 앱 설치: hxxp://profit-lead-app-795.com/8141,"공식 앱스토어가 아닌 링크로 앱 설치 유도, 초기 소액 출금으로 신뢰 형성 후 거액 유도",기존 스팸 유형 패턴을 참고해 새로 생성한 예시(합성)
2988,1,스팸_사기,가짜채용,통장대여_이체알바,SMS,"[단기알바] 명의 계좌 대여, 심부름 1건당 100만원. 텔레그램 @job494","본인 명의 계좌를 대여받아 대포통장으로 악용, 이체 심부름은 자금세탁에 이용될 위험",기존 스팸 유형 패턴을 참고해 새로 생성한 예시(합성)
2989,1,스팸_사기,가짜채용,통장대여_이체알바,SMS,"계좌만 빌려주면 끝! 건당 3000만원 바로 지급, 문의는 @job685","본인 명의 계좌를 대여받아 대포통장으로 악용, 이체 심부름은 자금세탁에 이용될 위험",기존 스팸 유형 패턴을 참고해 새로 생성한 예시(합성)
2990,1,스팸_사기,광고성스팸,불법대출광고,SMS,"[조은대부] 신용조회 없이 당일 승인, 최대 300만원. 문의 050-4388-3409","미등록 대부업체의 저금리 대출 광고, 개인정보 수집 후 고금리 편취 위험",기존 스팸 유형 패턴을 참고해 새로 생성한 예시(합성)
2991,1,스팸_사기,악성_해킹시도,청첩장_부고장사칭_스미싱,SMS,OOO님으로부터 결혼식 청첩장가 도착했습니다. 확인: hxxp://mcard-invite-746.site/6915,모바일 청첩장/부고장을 가장한 악성 링크로 스미싱 유도,기존 스팸 유형 패턴을 참고해 새로 생성한 예시(합성)
2992,1,스팸_사기,광고성스팸,로또번호_추천광고,SMS,"[당첨왕] 이번 주 2등 당첨번호 무료공개! 2회 연속 적중 기록, 확인은 hxxp://로또신-296.com/9554","확인 불가능한 당첨 이력 주장, 개인정보 입력 후 유료 결제로 유도하는 경우 많음",기존 스팸 유형 패턴을 참고해 새로 생성한 예시(합성)
2993,1,스팸_사기,광고성스팸,불법도박광고,SMS,"[머니킹] 첫충 95% 이벤트! 신규가입시 최대 50만원 지급, 지금 가입: hxxp://황금성-719.top/8620",불법 온라인 도박 사이트 가입 유도 광고,기존 스팸 유형 패턴을 참고해 새로 생성한 예시(합성)
2994,1,스팸_사기,악성_해킹시도,택배사칭_스미싱,SMS,[티몬물류센터] 송장번호(2777539896) 통관 절차가 지연되고 있습니다. 확인: hxxp://티몬물류센터-571.site/9420,가짜 배송 조회 링크로 악성 앱 설치 또는 개인정보 입력 유도,기존 스팸 유형 패턴을 참고해 새로 생성한 예시(합성)
2995,1,스팸_사기,사기_보이스피싱,가족지인사칭_메신저피싱,SMS,엄마 나 기기변경 중이라 임시폰이야. 확인할 결제내역이 있는데 대신 좀 해줄 수 있어? 신분증이랑 계좌번호도 같이 보내줘,"지인/가족을 사칭해 긴급 상황을 연출, 개인정보와 금전을 요구",기존 스팸 유형 패턴을 참고해 새로 생성한 예시(합성)
2996,1,스팸_사기,악성_해킹시도,택배사칭_스미싱,SMS,[위메프물류센터] 송장번호(1990052294) 통관 절차가 지연되고 있습니다. 확인: hxxp://위메프물류센터-761.site/8157,가짜 배송 조회 링크로 악성 앱 설치 또는 개인정보 입력 유도,기존 스팸 유형 패턴을 참고해 새로 생성한 예시(합성)
2997,1,스팸_사기,가짜채용,현금수거책_고액알바,SMS,단순 심부름 업무로 일당 7000만원 드립니다. 대전 인근 지정 장소에서 현금이 든 쇼핑백을 수거해 전달만 하시면 됩니다. 경력/면접 없이 바로 시작 가능,현금 수거/전달책으로 이용해 보이스피싱 자금 인출책(대포통장 및 현금 전달) 가담 유도,기존 스팸 유형 패턴을 참고해 새로 생성한 예시(합성)
2998,1,스팸_사기,광고성스팸,로또번호_추천광고,SMS,"[황금열쇠] 이번 주 3등 당첨번호 무료공개! 5회 연속 적중 기록, 확인은 hxxp://당첨왕-116.xyz/4292","확인 불가능한 당첨 이력 주장, 개인정보 입력 후 유료 결제로 유도하는 경우 많음",기존 스팸 유형 패턴을 참고해 새로 생성한 예시(합성)
2999,1,스팸_사기,악성_해킹시도,공공기관사칭_스미싱,SMS,[법원출석통지64] 2026년 2월 위반사실 통지서가 발송되었습니다. 조회: hxxp://gov-check-249.top/7859,공공기관을 사칭한 허위 고지서로 악성 링크 클릭 유도,기존 스팸 유형 패턴을 참고해 새로 생성한 예시(합성)
3000,1,스팸_사기,악성_해킹시도,공공기관사칭_스미싱,SMS,[국세청체납74] 2026년 6월 위반사실 통지서가 발송되었습니다. 조회: hxxp://gov-check-902.kr/3511,공공기관을 사칭한 허위 고지서로 악성 링크 클릭 유도,기존 스팸 유형 패턴을 참고해 새로 생성한 예시(합성)
3001,1,스팸_사기,악성_해킹시도,카드발급사칭_스미싱,SMS,고객님 명의로 신한은행 카드가 신규 발급 신청되었습니다. 본인이 아니라면 즉시 확인 hxxp://card-verify-kr-653.site/1525,"신청한 적 없는 카드 발급 안내, 확인을 명목으로 악성 링크 클릭 유도",기존 스팸 유형 패턴을 참고해 새로 생성한 예시(합성)
3002,1,스팸_사기,악성_해킹시도,택배사칭_스미싱,SMS,[G마켓물류센터] 송장번호(5654811471) 부재중으로 반송 예정입니다. 확인: hxxp://G마켓물류센터-254.xyz/6249,가짜 배송 조회 링크로 악성 앱 설치 또는 개인정보 입력 유도,기존 스팸 유형 패턴을 참고해 새로 생성한 예시(합성)
3003,1,스팸_사기,악성_해킹시도,공공기관사칭_스미싱,SMS,[국세청체납94] 2026년 6월 위반사실 통지서가 발송되었습니다. 조회: hxxp://gov-check-603.com/8219,공공기관을 사칭한 허위 고지서로 악성 링크 클릭 유도,기존 스팸 유형 패턴을 참고해 새로 생성한 예시(합성)
3004,1,스팸_사기,사기_투자로맨스,투자리딩방,SMS,"[마스터리딩방] 삼성자산운용(사칭) 마스터 리딩방입니다. 전문가 실시간 매수/매도 신호 제공, 이번 주 수익률 90% 인증 종목 공개! 무료 입장: hxxp://leading-room-391.com/4339","검증되지 않은 수익률 인증, 무료를 미끼로 유료 리딩방 유입 유도",기존 스팸 유형 패턴을 참고해 새로 생성한 예시(합성)
3006,1,스팸_사기,악성_해킹시도,택배사칭_스미싱,SMS,[11번가물류센터] 송장번호(5734842364) 결제 정보 확인이 필요합니다. 확인: hxxp://11번가물류센터-842.kr/4807,가짜 배송 조회 링크로 악성 앱 설치 또는 개인정보 입력 유도,기존 스팸 유형 패턴을 참고해 새로 생성한 예시(합성)
3007,1,스팸_사기,가짜채용,허위구인_체크카드요구,SMS,[채용안내] 지원하신 전화상담 자리 안내드립니다. 업무 전 본인확인 위해 체크카드 사진과 비밀번호를 먼저 보내주세요.,"채용을 빙자해 체크카드 정보를 요구, 금융사기에 이용될 위험",기존 스팸 유형 패턴을 참고해 새로 생성한 예시(합성)
3008,1,스팸_사기,악성_해킹시도,카드발급사칭_스미싱,SMS,고객님 명의로 케이뱅크 카드가 신규 발급 신청되었습니다. 본인이 아니라면 즉시 확인 hxxp://card-verify-kr-305.kr/5996,"신청한 적 없는 카드 발급 안내, 확인을 명목으로 악성 링크 클릭 유도",기존 스팸 유형 패턴을 참고해 새로 생성한 예시(합성)
3009,1,스팸_사기,사기_보이스피싱,가족지인사칭_메신저피싱,SMS,오빠 나 기기변경 중이라 임시폰이야. 확인할 결제내역이 있는데 대신 좀 해줄 수 있어? 신분증이랑 계좌번호도 같이 보내줘,"지인/가족을 사칭해 긴급 상황을 연출, 개인정보와 금전을 요구",기존 스팸 유형 패턴을 참고해 새로 생성한 예시(합성)
3010,1,스팸_사기,사기_투자로맨스,가짜투자앱유도,SMS,[리딩방] 저희 한국투자리딩(사칭) 전용 앱으로 7000만원부터 시작하세요. 오늘 수익률 95% 인증! 앱 설치: hxxp://stock-genius-app-425.top/9873,"공식 앱스토어가 아닌 링크로 앱 설치 유도, 초기 소액 출금으로 신뢰 형성 후 거액 유도",기존 스팸 유형 패턴을 참고해 새로 생성한 예시(합성)
3011,1,스팸_사기,악성_해킹시도,카드발급사칭_스미싱,SMS,고객님 명의로 케이뱅크 카드가 신규 발급 신청되었습니다. 본인이 아니라면 즉시 확인 hxxp://card-verify-kr-252.kr/5707,"신청한 적 없는 카드 발급 안내, 확인을 명목으로 악성 링크 클릭 유도",기존 스팸 유형 패턴을 참고해 새로 생성한 예시(합성)
3012,1,스팸_사기,광고성스팸,불법대출광고,SMS,"[희망캐피탈] 신용조회 없이 당일 승인, 최대 100만원. 문의 070-6060-9654","미등록 대부업체의 저금리 대출 광고, 개인정보 수집 후 고금리 편취 위험",기존 스팸 유형 패턴을 참고해 새로 생성한 예시(합성)
3013,1,스팸_사기,사기_보이스피싱,소액결제사칭,SMS,"550,000원 결제 승인 문자입니다. 본인이 아니시면 070-5898-4528로 신고해주세요","실제 결제하지 않은 내역을 안내해 불안감을 유발, 가짜 고객센터 연결 유도",기존 스팸 유형 패턴을 참고해 새로 생성한 예시(합성)
3014,1,스팸_사기,광고성스팸,불법도박광고,SMS,"[코리아벳] 첫충 40% 이벤트! 신규가입시 최대 100만원 지급, 지금 가입: hxxp://슈퍼토토-958.kr/5913",불법 온라인 도박 사이트 가입 유도 광고,기존 스팸 유형 패턴을 참고해 새로 생성한 예시(합성)
3015,1,스팸_사기,광고성스팸,불법대출광고,SMS,"[조은대부] 신용조회 없이 당일 승인, 최대 200만원. 문의 1588-5675-7904","미등록 대부업체의 저금리 대출 광고, 개인정보 수집 후 고금리 편취 위험",기존 스팸 유형 패턴을 참고해 새로 생성한 예시(합성)
3016,1,스팸_사기,악성_해킹시도,카드발급사칭_스미싱,SMS,고객님 명의로 국민은행 카드가 신규 발급 신청되었습니다. 본인이 아니라면 즉시 확인 hxxp://card-verify-kr-761.kr/5486,"신청한 적 없는 카드 발급 안내, 확인을 명목으로 악성 링크 클릭 유도",기존 스팸 유형 패턴을 참고해 새로 생성한 예시(합성)
3017,1,스팸_사기,악성_해킹시도,카드발급사칭_스미싱,SMS,고객님 명의로 기업은행 카드가 신규 발급 신청되었습니다. 본인이 아니라면 즉시 확인 hxxp://card-verify-kr-557.xyz/4567,"신청한 적 없는 카드 발급 안내, 확인을 명목으로 악성 링크 클릭 유도",기존 스팸 유형 패턴을 참고해 새로 생성한 예시(합성)
3018,1,스팸_사기,사기_투자로맨스,가짜투자앱유도,SMS,[전문가리딩] 저희 글로벌인베스트 전용 앱으로 30만원부터 시작하세요. 오늘 수익률 99% 인증! 앱 설치: hxxp://trade-master-app-604.net/8905,"공식 앱스토어가 아닌 링크로 앱 설치 유도, 초기 소액 출금으로 신뢰 형성 후 거액 유도",기존 스팸 유형 패턴을 참고해 새로 생성한 예시(합성)
3019,1,스팸_사기,가짜채용,허위구인_체크카드요구,SMS,[채용안내] 지원하신 재고관리 자리 안내드립니다. 업무 전 본인확인 위해 체크카드 사진과 비밀번호를 먼저 보내주세요.,"채용을 빙자해 체크카드 정보를 요구, 금융사기에 이용될 위험",기존 스팸 유형 패턴을 참고해 새로 생성한 예시(합성)
3020,1,스팸_사기,사기_투자로맨스,투자리딩방,SMS,"[마스터리딩방] 코스피마스터 마스터 리딩방입니다. 전문가 실시간 매수/매도 신호 제공, 이번 주 수익률 30% 인증 종목 공개! 무료 입장: hxxp://leading-room-561.site/7727","검증되지 않은 수익률 인증, 무료를 미끼로 유료 리딩방 유입 유도",기존 스팸 유형 패턴을 참고해 새로 생성한 예시(합성)
3021,1,스팸_사기,악성_해킹시도,청첩장_부고장사칭_스미싱,SMS,OOO님으로부터 장례식 청첩장가 도착했습니다. 확인: hxxp://mcard-invite-503.kr/2321,모바일 청첩장/부고장을 가장한 악성 링크로 스미싱 유도,기존 스팸 유형 패턴을 참고해 새로 생성한 예시(합성)
3022,1,스팸_사기,악성_해킹시도,택배사칭_스미싱,SMS,[SSG닷컴물류센터] 송장번호(7713615850) 결제 정보 확인이 필요합니다. 확인: hxxp://SSG닷컴물류센터-938.site/2617,가짜 배송 조회 링크로 악성 앱 설치 또는 개인정보 입력 유도,기존 스팸 유형 패턴을 참고해 새로 생성한 예시(합성)
3023,1,스팸_사기,사기_투자로맨스,가짜투자앱유도,SMS,[VIP투자방] 저희 한국투자리딩(사칭) 전용 앱으로 100만원부터 시작하세요. 오늘 수익률 90% 인증! 앱 설치: hxxp://stock-genius-app-241.kr/7298,"공식 앱스토어가 아닌 링크로 앱 설치 유도, 초기 소액 출금으로 신뢰 형성 후 거액 유도",기존 스팸 유형 패턴을 참고해 새로 생성한 예시(합성)
3024,1,스팸_사기,악성_해킹시도,택배사칭_스미싱,SMS,[SSG닷컴물류센터] 송장번호(5148227254) 결제 정보 확인이 필요합니다. 확인: hxxp://SSG닷컴물류센터-342.site/5536,가짜 배송 조회 링크로 악성 앱 설치 또는 개인정보 입력 유도,기존 스팸 유형 패턴을 참고해 새로 생성한 예시(합성)
3025,1,스팸_사기,광고성스팸,불법도박광고,SMS,"[대박토토] 첫충 30% 이벤트! 신규가입시 최대 5000만원 지급, 지금 가입: hxxp://대박토토-545.top/6856",불법 온라인 도박 사이트 가입 유도 광고,기존 스팸 유형 패턴을 참고해 새로 생성한 예시(합성)
3026,1,스팸_사기,사기_투자로맨스,투자리딩방,SMS,"[마스터리딩방] 삼성자산운용(사칭) 마스터 리딩방입니다. 전문가 실시간 매수/매도 신호 제공, 이번 주 수익률 70% 인증 종목 공개! 무료 입장: hxxp://leading-room-142.top/1890","검증되지 않은 수익률 인증, 무료를 미끼로 유료 리딩방 유입 유도",기존 스팸 유형 패턴을 참고해 새로 생성한 예시(합성)
3027,1,스팸_사기,악성_해킹시도,카드발급사칭_스미싱,SMS,고객님 명의로 토스뱅크 카드가 신규 발급 신청되었습니다. 본인이 아니라면 즉시 확인 hxxp://card-verify-kr-293.xyz/4943,"신청한 적 없는 카드 발급 안내, 확인을 명목으로 악성 링크 클릭 유도",기존 스팸 유형 패턴을 참고해 새로 생성한 예시(합성)
3028,1,스팸_사기,악성_해킹시도,택배사칭_스미싱,SMS,[마켓컬리물류센터] 송장번호(4841725399) 통관 절차가 지연되고 있습니다. 확인: hxxp://마켓컬리물류센터-971.kr/2600,가짜 배송 조회 링크로 악성 앱 설치 또는 개인정보 입력 유도,기존 스팸 유형 패턴을 참고해 새로 생성한 예시(합성)
3029,1,스팸_사기,사기_투자로맨스,가짜투자앱유도,SMS,[리딩방] 저희 프리미엄에셋(사칭) 전용 앱으로 20만원부터 시작하세요. 오늘 수익률 70% 인증! 앱 설치: hxxp://stock-genius-app-923.top/1973,"공식 앱스토어가 아닌 링크로 앱 설치 유도, 초기 소액 출금으로 신뢰 형성 후 거액 유도",기존 스팸 유형 패턴을 참고해 새로 생성한 예시(합성)
3030,1,스팸_사기,가짜채용,허위구인_체크카드요구,SMS,[채용안내] 지원하신 사무보조 자리 안내드립니다. 업무 전 본인확인 위해 체크카드 사진과 비밀번호를 먼저 보내주세요.,"채용을 빙자해 체크카드 정보를 요구, 금융사기에 이용될 위험",기존 스팸 유형 패턴을 참고해 새로 생성한 예시(합성)
3031,1,스팸_사기,광고성스팸,로또번호_추천광고,SMS,"[당첨왕] 이번 주 1등 당첨번호 무료공개! 2회 연속 적중 기록, 확인은 hxxp://복권천재-536.net/2304","확인 불가능한 당첨 이력 주장, 개인정보 입력 후 유료 결제로 유도하는 경우 많음",기존 스팸 유형 패턴을 참고해 새로 생성한 예시(합성)
3032,1,스팸_사기,광고성스팸,불법대출광고,SMS,"[희망캐피탈] 신용조회 없이 당일 승인, 최대 2000만원. 문의 050-9995-1716","미등록 대부업체의 저금리 대출 광고, 개인정보 수집 후 고금리 편취 위험",기존 스팸 유형 패턴을 참고해 새로 생성한 예시(합성)
3033,1,스팸_사기,가짜채용,현금수거책_고액알바,SMS,단순 심부름 업무로 일당 1500만원 드립니다. 광주 인근 지정 장소에서 현금이 든 쇼핑백을 수거해 전달만 하시면 됩니다. 경력/면접 없이 바로 시작 가능,현금 수거/전달책으로 이용해 보이스피싱 자금 인출책(대포통장 및 현금 전달) 가담 유도,기존 스팸 유형 패턴을 참고해 새로 생성한 예시(합성)
3034,1,스팸_사기,가짜채용,통장대여_이체알바,SMS,"계좌만 빌려주면 끝! 건당 7000만원 바로 지급, 문의는 @job244","본인 명의 계좌를 대여받아 대포통장으로 악용, 이체 심부름은 자금세탁에 이용될 위험",기존 스팸 유형 패턴을 참고해 새로 생성한 예시(합성)
3035,1,스팸_사기,악성_해킹시도,카드발급사칭_스미싱,SMS,고객님 명의로 카카오뱅크 카드가 신규 발급 신청되었습니다. 본인이 아니라면 즉시 확인 hxxp://card-verify-kr-280.top/3452,"신청한 적 없는 카드 발급 안내, 확인을 명목으로 악성 링크 클릭 유도",기존 스팸 유형 패턴을 참고해 새로 생성한 예시(합성)
3036,1,스팸_사기,악성_해킹시도,카드발급사칭_스미싱,SMS,고객님 명의로 하나은행 카드가 신규 발급 신청되었습니다. 본인이 아니라면 즉시 확인 hxxp://card-verify-kr-148.net/9195,"신청한 적 없는 카드 발급 안내, 확인을 명목으로 악성 링크 클릭 유도",기존 스팸 유형 패턴을 참고해 새로 생성한 예시(합성)
3037,1,스팸_사기,악성_해킹시도,공공기관사칭_스미싱,SMS,[법원출석통지12] 2025년 6월 위반사실 통지서가 발송되었습니다. 조회: hxxp://gov-check-856.kr/9094,공공기관을 사칭한 허위 고지서로 악성 링크 클릭 유도,기존 스팸 유형 패턴을 참고해 새로 생성한 예시(합성)
3038,1,스팸_사기,사기_투자로맨스,투자리딩방,SMS,"[마스터리딩방] 삼성자산운용(사칭) 마스터 리딩방입니다. 전문가 실시간 매수/매도 신호 제공, 이번 주 수익률 70% 인증 종목 공개! 무료 입장: hxxp://leading-room-431.com/6995","검증되지 않은 수익률 인증, 무료를 미끼로 유료 리딩방 유입 유도",기존 스팸 유형 패턴을 참고해 새로 생성한 예시(합성)
3039,1,스팸_사기,악성_해킹시도,카드발급사칭_스미싱,SMS,고객님 명의로 케이뱅크 카드가 신규 발급 신청되었습니다. 본인이 아니라면 즉시 확인 hxxp://card-verify-kr-131.com/5901,"신청한 적 없는 카드 발급 안내, 확인을 명목으로 악성 링크 클릭 유도",기존 스팸 유형 패턴을 참고해 새로 생성한 예시(합성)
3040,1,스팸_사기,가짜채용,통장대여_이체알바,SMS,"계좌만 빌려주면 끝! 건당 300만원 바로 지급, 문의는 @job321","본인 명의 계좌를 대여받아 대포통장으로 악용, 이체 심부름은 자금세탁에 이용될 위험",기존 스팸 유형 패턴을 참고해 새로 생성한 예시(합성)
3041,1,스팸_사기,가짜채용,현금수거책_고액알바,SMS,단순 심부름 업무로 일당 200만원 드립니다. 부산 인근 지정 장소에서 현금이 든 쇼핑백을 수거해 전달만 하시면 됩니다. 경력/면접 없이 바로 시작 가능,현금 수거/전달책으로 이용해 보이스피싱 자금 인출책(대포통장 및 현금 전달) 가담 유도,기존 스팸 유형 패턴을 참고해 새로 생성한 예시(합성)
3042,1,스팸_사기,사기_투자로맨스,가짜투자앱유도,SMS,[리딩방] 저희 프리미엄에셋(사칭) 전용 앱으로 20만원부터 시작하세요. 오늘 수익률 30% 인증! 앱 설치: hxxp://profit-lead-app-347.com/5181,"공식 앱스토어가 아닌 링크로 앱 설치 유도, 초기 소액 출금으로 신뢰 형성 후 거액 유도",기존 스팸 유형 패턴을 참고해 새로 생성한 예시(합성)
3043,1,스팸_사기,가짜채용,현금수거책_고액알바,SMS,단순 심부름 업무로 일당 100만원 드립니다. 광주 인근 지정 장소에서 현금이 든 쇼핑백을 수거해 전달만 하시면 됩니다. 경력/면접 없이 바로 시작 가능,현금 수거/전달책으로 이용해 보이스피싱 자금 인출책(대포통장 및 현금 전달) 가담 유도,기존 스팸 유형 패턴을 참고해 새로 생성한 예시(합성)
3045,1,스팸_사기,악성_해킹시도,카드발급사칭_스미싱,SMS,고객님 명의로 우리은행 카드가 신규 발급 신청되었습니다. 본인이 아니라면 즉시 확인 hxxp://card-verify-kr-137.site/7449,"신청한 적 없는 카드 발급 안내, 확인을 명목으로 악성 링크 클릭 유도",기존 스팸 유형 패턴을 참고해 새로 생성한 예시(합성)
3046,1,스팸_사기,가짜채용,재택부업_리뷰알바사기,SMS,"📋 재택으로 상품 리뷰만 작성하면 건당 5,51000원! 하루 60분 투자로 월 50만원 가능합니다. 카톡 문의 @job876",고수익을 미끼로 선입금이나 개인정보를 요구하는 재택부업 사기,기존 스팸 유형 패턴을 참고해 새로 생성한 예시(합성)
3047,1,스팸_사기,악성_해킹시도,공공기관사칭_스미싱,SMS,[법원출석통지18] 2025년 12월 위반사실 통지서가 발송되었습니다. 조회: hxxp://gov-check-534.top/2511,공공기관을 사칭한 허위 고지서로 악성 링크 클릭 유도,기존 스팸 유형 패턴을 참고해 새로 생성한 예시(합성)
3048,1,스팸_사기,악성_해킹시도,공공기관사칭_스미싱,SMS,[법원출석통지54] 2025년 1월 위반사실 통지서가 발송되었습니다. 조회: hxxp://gov-check-188.kr/8401,공공기관을 사칭한 허위 고지서로 악성 링크 클릭 유도,기존 스팸 유형 패턴을 참고해 새로 생성한 예시(합성)
3049,1,스팸_사기,사기_보이스피싱,가족지인사칭_메신저피싱,SMS,오빠 나 폰 액정이 깨져서 임시폰이야. 확인할 결제내역이 있는데 대신 좀 해줄 수 있어? 신분증이랑 계좌번호도 같이 보내줘,"지인/가족을 사칭해 긴급 상황을 연출, 개인정보와 금전을 요구",기존 스팸 유형 패턴을 참고해 새로 생성한 예시(합성)
3050,1,스팸_사기,사기_투자로맨스,가짜투자앱유도,SMS,[리딩방] 저희 삼성자산운용(사칭) 전용 앱으로 30만원부터 시작하세요. 오늘 수익률 30% 인증! 앱 설치: hxxp://stock-genius-app-829.site/6497,"공식 앱스토어가 아닌 링크로 앱 설치 유도, 초기 소액 출금으로 신뢰 형성 후 거액 유도",기존 스팸 유형 패턴을 참고해 새로 생성한 예시(합성)
3051,1,스팸_사기,광고성스팸,불법대출광고,SMS,"[케이캐시대부] 신용조회 없이 당일 승인, 최대 10만원. 문의 02-1276-2754","미등록 대부업체의 저금리 대출 광고, 개인정보 수집 후 고금리 편취 위험",기존 스팸 유형 패턴을 참고해 새로 생성한 예시(합성)
3052,1,스팸_사기,사기_투자로맨스,투자리딩방,SMS,"[마스터리딩방] 글로벌인베스트 마스터 리딩방입니다. 전문가 실시간 매수/매도 신호 제공, 이번 주 수익률 70% 인증 종목 공개! 무료 입장: hxxp://leading-room-974.net/1251","검증되지 않은 수익률 인증, 무료를 미끼로 유료 리딩방 유입 유도",기존 스팸 유형 패턴을 참고해 새로 생성한 예시(합성)
3054,1,스팸_사기,광고성스팸,불법대출광고,SMS,"[직장인우대론] 신용조회 없이 당일 승인, 최대 10만원. 문의 070-3106-3955","미등록 대부업체의 저금리 대출 광고, 개인정보 수집 후 고금리 편취 위험",기존 스팸 유형 패턴을 참고해 새로 생성한 예시(합성)
3055,1,스팸_사기,악성_해킹시도,택배사칭_스미싱,SMS,[티몬물류센터] 송장번호(5640106477) 결제 정보 확인이 필요합니다. 확인: hxxp://티몬물류센터-338.site/7247,가짜 배송 조회 링크로 악성 앱 설치 또는 개인정보 입력 유도,기존 스팸 유형 패턴을 참고해 새로 생성한 예시(합성)
3056,1,스팸_사기,사기_투자로맨스,가짜투자앱유도,SMS,[전문가리딩] 저희 삼성자산운용(사칭) 전용 앱으로 3000만원부터 시작하세요. 오늘 수익률 30% 인증! 앱 설치: hxxp://profit-lead-app-158.net/6990,"공식 앱스토어가 아닌 링크로 앱 설치 유도, 초기 소액 출금으로 신뢰 형성 후 거액 유도",기존 스팸 유형 패턴을 참고해 새로 생성한 예시(합성)
3057,1,스팸_사기,가짜채용,재택부업_리뷰알바사기,SMS,"📋 재택으로 상품 리뷰만 작성하면 건당 5,48000원! 하루 54분 투자로 월 150만원 가능합니다. 카톡 문의 @job596",고수익을 미끼로 선입금이나 개인정보를 요구하는 재택부업 사기,기존 스팸 유형 패턴을 참고해 새로 생성한 예시(합성)
3058,1,스팸_사기,가짜채용,재택부업_리뷰알바사기,SMS,"📋 재택으로 상품 리뷰만 작성하면 건당 3,11200원! 하루 57분 투자로 월 70만원 가능합니다. 카톡 문의 @job717",고수익을 미끼로 선입금이나 개인정보를 요구하는 재택부업 사기,기존 스팸 유형 패턴을 참고해 새로 생성한 예시(합성)
3059,1,스팸_사기,악성_해킹시도,공공기관사칭_스미싱,SMS,[국세청체납57] 2025년 12월 위반사실 통지서가 발송되었습니다. 조회: hxxp://gov-check-829.xyz/7756,공공기관을 사칭한 허위 고지서로 악성 링크 클릭 유도,기존 스팸 유형 패턴을 참고해 새로 생성한 예시(합성)
3060,1,스팸_사기,광고성스팸,로또번호_추천광고,SMS,"[복권천재] 이번 주 2등 당첨번호 무료공개! 7회 연속 적중 기록, 확인은 hxxp://복권천재-747.top/7263","확인 불가능한 당첨 이력 주장, 개인정보 입력 후 유료 결제로 유도하는 경우 많음",기존 스팸 유형 패턴을 참고해 새로 생성한 예시(합성)
3061,1,스팸_사기,악성_해킹시도,청첩장_부고장사칭_스미싱,SMS,[모바일초대장] OOO님이 결혼식 초대장을 보냈습니다. 아래에서 확인해주세요 hxxp://mcard-invite-216.net/2543,모바일 청첩장/부고장을 가장한 악성 링크로 스미싱 유도,기존 스팸 유형 패턴을 참고해 새로 생성한 예시(합성)
3062,1,스팸_사기,악성_해킹시도,청첩장_부고장사칭_스미싱,SMS,[초대장 도착] 장례식 청첩장를 보내드립니다. hxxp://mcard-invite-546.com/6903에서 열어보세요,모바일 청첩장/부고장을 가장한 악성 링크로 스미싱 유도,기존 스팸 유형 패턴을 참고해 새로 생성한 예시(합성)
3063,1,스팸_사기,광고성스팸,불법대출광고,SMS,"[조은대부] 신용조회 없이 당일 승인, 최대 2000만원. 문의 070-5877-4095","미등록 대부업체의 저금리 대출 광고, 개인정보 수집 후 고금리 편취 위험",기존 스팸 유형 패턴을 참고해 새로 생성한 예시(합성)
3064,1,스팸_사기,악성_해킹시도,택배사칭_스미싱,SMS,[무신사물류센터] 송장번호(6284942284) 부재중으로 반송 예정입니다. 확인: hxxp://무신사물류센터-252.site/1166,가짜 배송 조회 링크로 악성 앱 설치 또는 개인정보 입력 유도,기존 스팸 유형 패턴을 참고해 새로 생성한 예시(합성)
3065,1,스팸_사기,가짜채용,현금수거책_고액알바,SMS,단순 심부름 업무로 일당 10만원 드립니다. 부산 인근 지정 장소에서 현금이 든 쇼핑백을 수거해 전달만 하시면 됩니다. 경력/면접 없이 바로 시작 가능,현금 수거/전달책으로 이용해 보이스피싱 자금 인출책(대포통장 및 현금 전달) 가담 유도,기존 스팸 유형 패턴을 참고해 새로 생성한 예시(합성)
3066,1,스팸_사기,사기_보이스피싱,가족지인사칭_메신저피싱,SMS,아빠 나 폰 액정이 깨져서 임시폰이야. 확인할 결제내역이 있는데 대신 좀 해줄 수 있어? 신분증이랑 계좌번호도 같이 보내줘,"지인/가족을 사칭해 긴급 상황을 연출, 개인정보와 금전을 요구",기존 스팸 유형 패턴을 참고해 새로 생성한 예시(합성)
3067,1,스팸_사기,악성_해킹시도,택배사칭_스미싱,SMS,[위메프물류센터] 송장번호(9820883091) 부재중으로 반송 예정입니다. 확인: hxxp://위메프물류센터-987.site/5809,가짜 배송 조회 링크로 악성 앱 설치 또는 개인정보 입력 유도,기존 스팸 유형 패턴을 참고해 새로 생성한 예시(합성)
3068,1,스팸_사기,사기_보이스피싱,검찰_금감원사칭,SMS,여기는 서울중앙지검입니다. 귀하 명의 계좌가 범죄에 연루되어 수사가 진행 중입니다. 자산보호를 위해 대출받은 100만원을 안전계좌로 즉시 이체하셔야 합니다.,수사기관 사칭으로 공포심을 조성해 금전 이체를 유도하는 전형적 보이스피싱 수법,기존 스팸 유형 패턴을 참고해 새로 생성한 예시(합성)
3069,1,스팸_사기,악성_해킹시도,청첩장_부고장사칭_스미싱,SMS,[모바일초대장] OOO님이 장례식 초대장을 보냈습니다. 아래에서 확인해주세요 hxxp://mcard-invite-753.com/3607,모바일 청첩장/부고장을 가장한 악성 링크로 스미싱 유도,기존 스팸 유형 패턴을 참고해 새로 생성한 예시(합성)
3070,1,스팸_사기,광고성스팸,로또번호_추천광고,SMS,"[로또신] 이번 주 1등 당첨번호 무료공개! 2회 연속 적중 기록, 확인은 hxxp://복권천재-471.site/6480","확인 불가능한 당첨 이력 주장, 개인정보 입력 후 유료 결제로 유도하는 경우 많음",기존 스팸 유형 패턴을 참고해 새로 생성한 예시(합성)
3071,1,스팸_사기,가짜채용,현금수거책_고액알바,SMS,단순 심부름 업무로 일당 3000만원 드립니다. 대구 인근 지정 장소에서 현금이 든 쇼핑백을 수거해 전달만 하시면 됩니다. 경력/면접 없이 바로 시작 가능,현금 수거/전달책으로 이용해 보이스피싱 자금 인출책(대포통장 및 현금 전달) 가담 유도,기존 스팸 유형 패턴을 참고해 새로 생성한 예시(합성)
3072,1,스팸_사기,광고성스팸,불법대출광고,SMS,"[국민든든대부] 신용조회 없이 당일 승인, 최대 500만원. 문의 070-7241-8141","미등록 대부업체의 저금리 대출 광고, 개인정보 수집 후 고금리 편취 위험",기존 스팸 유형 패턴을 참고해 새로 생성한 예시(합성)
3073,1,스팸_사기,사기_투자로맨스,투자리딩방,SMS,"[마스터리딩방] 글로벌인베스트 마스터 리딩방입니다. 전문가 실시간 매수/매도 신호 제공, 이번 주 수익률 99% 인증 종목 공개! 무료 입장: hxxp://leading-room-733.xyz/2287","검증되지 않은 수익률 인증, 무료를 미끼로 유료 리딩방 유입 유도",기존 스팸 유형 패턴을 참고해 새로 생성한 예시(합성)
3074,1,스팸_사기,악성_해킹시도,청첩장_부고장사칭_스미싱,SMS,소중한 분의 돌잔치 소식을 전해드립니다. 모바일 청첩장 링크: hxxp://mcard-invite-668.net/1404,모바일 청첩장/부고장을 가장한 악성 링크로 스미싱 유도,기존 스팸 유형 패턴을 참고해 새로 생성한 예시(합성)
3075,1,스팸_사기,악성_해킹시도,카드발급사칭_스미싱,SMS,고객님 명의로 우리은행 카드가 신규 발급 신청되었습니다. 본인이 아니라면 즉시 확인 hxxp://card-verify-kr-781.kr/2534,"신청한 적 없는 카드 발급 안내, 확인을 명목으로 악성 링크 클릭 유도",기존 스팸 유형 패턴을 참고해 새로 생성한 예시(합성)
3076,1,스팸_사기,악성_해킹시도,택배사칭_스미싱,SMS,[옥션물류센터] 송장번호(4855362690) 결제 정보 확인이 필요합니다. 확인: hxxp://옥션물류센터-390.kr/4915,가짜 배송 조회 링크로 악성 앱 설치 또는 개인정보 입력 유도,기존 스팸 유형 패턴을 참고해 새로 생성한 예시(합성)
3077,1,스팸_사기,악성_해킹시도,청첩장_부고장사칭_스미싱,SMS,소중한 분의 돌잔치 소식을 전해드립니다. 모바일 청첩장 링크: hxxp://mcard-invite-837.net/2223,모바일 청첩장/부고장을 가장한 악성 링크로 스미싱 유도,기존 스팸 유형 패턴을 참고해 새로 생성한 예시(합성)
3078,1,스팸_사기,사기_투자로맨스,투자리딩방,SMS,"[마스터리딩방] 삼성자산운용(사칭) 마스터 리딩방입니다. 전문가 실시간 매수/매도 신호 제공, 이번 주 수익률 40% 인증 종목 공개! 무료 입장: hxxp://leading-room-815.site/1708","검증되지 않은 수익률 인증, 무료를 미끼로 유료 리딩방 유입 유도",기존 스팸 유형 패턴을 참고해 새로 생성한 예시(합성)
3079,1,스팸_사기,악성_해킹시도,공공기관사칭_스미싱,SMS,[경찰청교통민원26] 2024년 9월 위반사실 통지서가 발송되었습니다. 조회: hxxp://gov-check-607.xyz/8811,공공기관을 사칭한 허위 고지서로 악성 링크 클릭 유도,기존 스팸 유형 패턴을 참고해 새로 생성한 예시(합성)
3080,1,스팸_사기,악성_해킹시도,카드발급사칭_스미싱,SMS,고객님 명의로 토스뱅크 카드가 신규 발급 신청되었습니다. 본인이 아니라면 즉시 확인 hxxp://card-verify-kr-200.net/1162,"신청한 적 없는 카드 발급 안내, 확인을 명목으로 악성 링크 클릭 유도",기존 스팸 유형 패턴을 참고해 새로 생성한 예시(합성)
3081,1,스팸_사기,사기_보이스피싱,소액결제사칭,SMS,"[승인알림] 240,000원 결제가 완료되었습니다. 본인이 아니라면 고객센터로 문의하세요 1544-1188-2733","실제 결제하지 않은 내역을 안내해 불안감을 유발, 가짜 고객센터 연결 유도",기존 스팸 유형 패턴을 참고해 새로 생성한 예시(합성)
3083,1,스팸_사기,광고성스팸,로또번호_추천광고,SMS,"[로또신] 이번 주 1등 당첨번호 무료공개! 5회 연속 적중 기록, 확인은 hxxp://로또마스터-796.kr/5784","확인 불가능한 당첨 이력 주장, 개인정보 입력 후 유료 결제로 유도하는 경우 많음",기존 스팸 유형 패턴을 참고해 새로 생성한 예시(합성)
3084,1,스팸_사기,가짜채용,현금수거책_고액알바,SMS,단순 심부름 업무로 일당 7000만원 드립니다. 광주 인근 지정 장소에서 현금이 든 쇼핑백을 수거해 전달만 하시면 됩니다. 경력/면접 없이 바로 시작 가능,현금 수거/전달책으로 이용해 보이스피싱 자금 인출책(대포통장 및 현금 전달) 가담 유도,기존 스팸 유형 패턴을 참고해 새로 생성한 예시(합성)
3085,1,스팸_사기,광고성스팸,불법도박광고,SMS,"[프리미엄카지노] 첫충 99% 이벤트! 신규가입시 최대 20만원 지급, 지금 가입: hxxp://코리아벳-140.top/5327",불법 온라인 도박 사이트 가입 유도 광고,기존 스팸 유형 패턴을 참고해 새로 생성한 예시(합성)
3086,1,스팸_사기,사기_투자로맨스,투자리딩방,SMS,"[마스터리딩방] 코스피마스터 마스터 리딩방입니다. 전문가 실시간 매수/매도 신호 제공, 이번 주 수익률 50% 인증 종목 공개! 무료 입장: hxxp://leading-room-413.site/1311","검증되지 않은 수익률 인증, 무료를 미끼로 유료 리딩방 유입 유도",기존 스팸 유형 패턴을 참고해 새로 생성한 예시(합성)
3087,1,스팸_사기,광고성스팸,불법도박광고,SMS,"[코리아벳] 첫충 95% 이벤트! 신규가입시 최대 3000만원 지급, 지금 가입: hxxp://황금성-671.top/3389",불법 온라인 도박 사이트 가입 유도 광고,기존 스팸 유형 패턴을 참고해 새로 생성한 예시(합성)
3088,1,스팸_사기,악성_해킹시도,청첩장_부고장사칭_스미싱,SMS,장례식 안내드립니다. 참석 여부와 함께 청첩장를 확인해주세요: hxxp://mcard-invite-936.kr/4362,모바일 청첩장/부고장을 가장한 악성 링크로 스미싱 유도,기존 스팸 유형 패턴을 참고해 새로 생성한 예시(합성)
3089,1,스팸_사기,악성_해킹시도,카드발급사칭_스미싱,SMS,고객님 명의로 카카오뱅크 카드가 신규 발급 신청되었습니다. 본인이 아니라면 즉시 확인 hxxp://card-verify-kr-746.net/7464,"신청한 적 없는 카드 발급 안내, 확인을 명목으로 악성 링크 클릭 유도",기존 스팸 유형 패턴을 참고해 새로 생성한 예시(합성)
3090,1,스팸_사기,사기_투자로맨스,가짜투자앱유도,SMS,[리딩방] 저희 한국투자리딩(사칭) 전용 앱으로 50만원부터 시작하세요. 오늘 수익률 90% 인증! 앱 설치: hxxp://stock-genius-app-455.top/3437,"공식 앱스토어가 아닌 링크로 앱 설치 유도, 초기 소액 출금으로 신뢰 형성 후 거액 유도",기존 스팸 유형 패턴을 참고해 새로 생성한 예시(합성)
3091,1,스팸_사기,사기_투자로맨스,가짜투자앱유도,SMS,[VIP투자방] 저희 한국투자리딩(사칭) 전용 앱으로 70만원부터 시작하세요. 오늘 수익률 40% 인증! 앱 설치: hxxp://trade-master-app-879.kr/9332,"공식 앱스토어가 아닌 링크로 앱 설치 유도, 초기 소액 출금으로 신뢰 형성 후 거액 유도",기존 스팸 유형 패턴을 참고해 새로 생성한 예시(합성)
3092,1,스팸_사기,악성_해킹시도,택배사칭_스미싱,SMS,[티몬물류센터] 송장번호(2626600761) 통관 절차가 지연되고 있습니다. 확인: hxxp://티몬물류센터-751.net/2578,가짜 배송 조회 링크로 악성 앱 설치 또는 개인정보 입력 유도,기존 스팸 유형 패턴을 참고해 새로 생성한 예시(합성)
3093,1,스팸_사기,사기_보이스피싱,검찰_금감원사칭,SMS,여기는 금융결제원(사칭)입니다. 귀하 명의 계좌가 범죄에 연루되어 수사가 진행 중입니다. 자산보호를 위해 대출받은 700만원을 안전계좌로 즉시 이체하셔야 합니다.,수사기관 사칭으로 공포심을 조성해 금전 이체를 유도하는 전형적 보이스피싱 수법,기존 스팸 유형 패턴을 참고해 새로 생성한 예시(합성)
3094,1,스팸_사기,악성_해킹시도,카드발급사칭_스미싱,SMS,고객님 명의로 하나은행 카드가 신규 발급 신청되었습니다. 본인이 아니라면 즉시 확인 hxxp://card-verify-kr-582.top/4381,"신청한 적 없는 카드 발급 안내, 확인을 명목으로 악성 링크 클릭 유도",기존 스팸 유형 패턴을 참고해 새로 생성한 예시(합성)
3095,1,스팸_사기,악성_해킹시도,카드발급사칭_스미싱,SMS,고객님 명의로 토스뱅크 카드가 신규 발급 신청되었습니다. 본인이 아니라면 즉시 확인 hxxp://card-verify-kr-772.xyz/7043,"신청한 적 없는 카드 발급 안내, 확인을 명목으로 악성 링크 클릭 유도",기존 스팸 유형 패턴을 참고해 새로 생성한 예시(합성)
3096,1,스팸_사기,사기_보이스피싱,검찰_금감원사칭,SMS,여기는 경찰청 사이버수사대(사칭)입니다. 귀하 명의 계좌가 범죄에 연루되어 수사가 진행 중입니다. 자산보호를 위해 대출받은 20만원을 안전계좌로 즉시 이체하셔야 합니다.,수사기관 사칭으로 공포심을 조성해 금전 이체를 유도하는 전형적 보이스피싱 수법,기존 스팸 유형 패턴을 참고해 새로 생성한 예시(합성)
3097,1,스팸_사기,광고성스팸,로또번호_추천광고,SMS,"[복권천재] 이번 주 3등 당첨번호 무료공개! 7회 연속 적중 기록, 확인은 hxxp://복권천재-538.xyz/5220","확인 불가능한 당첨 이력 주장, 개인정보 입력 후 유료 결제로 유도하는 경우 많음",기존 스팸 유형 패턴을 참고해 새로 생성한 예시(합성)
3098,1,스팸_사기,악성_해킹시도,택배사칭_스미싱,SMS,[11번가물류센터] 송장번호(5017154300) 부재중으로 반송 예정입니다. 확인: hxxp://11번가물류센터-769.site/2694,가짜 배송 조회 링크로 악성 앱 설치 또는 개인정보 입력 유도,기존 스팸 유형 패턴을 참고해 새로 생성한 예시(합성)
3099,1,스팸_사기,광고성스팸,불법도박광고,SMS,"[슈퍼토토] 첫충 90% 이벤트! 신규가입시 최대 500만원 지급, 지금 가입: hxxp://슈퍼토토-439.net/2709",불법 온라인 도박 사이트 가입 유도 광고,기존 스팸 유형 패턴을 참고해 새로 생성한 예시(합성)
3100,1,스팸_사기,악성_해킹시도,청첩장_부고장사칭_스미싱,SMS,돌잔치 안내드립니다. 참석 여부와 함께 청첩장를 확인해주세요: hxxp://mcard-invite-293.net/8735,모바일 청첩장/부고장을 가장한 악성 링크로 스미싱 유도,기존 스팸 유형 패턴을 참고해 새로 생성한 예시(합성)
3101,1,스팸_사기,광고성스팸,불법도박광고,SMS,"[슈퍼토토] 첫충 90% 이벤트! 신규가입시 최대 10만원 지급, 지금 가입: hxxp://대박토토-338.net/5171",불법 온라인 도박 사이트 가입 유도 광고,기존 스팸 유형 패턴을 참고해 새로 생성한 예시(합성)
3102,1,스팸_사기,사기_투자로맨스,투자리딩방,SMS,"[마스터리딩방] 한국투자리딩(사칭) 마스터 리딩방입니다. 전문가 실시간 매수/매도 신호 제공, 이번 주 수익률 95% 인증 종목 공개! 무료 입장: hxxp://leading-room-372.com/5928","검증되지 않은 수익률 인증, 무료를 미끼로 유료 리딩방 유입 유도",기존 스팸 유형 패턴을 참고해 새로 생성한 예시(합성)
3103,1,스팸_사기,사기_투자로맨스,투자리딩방,SMS,"[마스터리딩방] 삼성자산운용(사칭) 마스터 리딩방입니다. 전문가 실시간 매수/매도 신호 제공, 이번 주 수익률 99% 인증 종목 공개! 무료 입장: hxxp://leading-room-558.com/1721","검증되지 않은 수익률 인증, 무료를 미끼로 유료 리딩방 유입 유도",기존 스팸 유형 패턴을 참고해 새로 생성한 예시(합성)
3104,1,스팸_사기,광고성스팸,불법대출광고,SMS,"[행복저축은행(사칭)] 신용조회 없이 당일 승인, 최대 100만원. 문의 02-343-3645","미등록 대부업체의 저금리 대출 광고, 개인정보 수집 후 고금리 편취 위험",기존 스팸 유형 패턴을 참고해 새로 생성한 예시(합성)
3105,1,스팸_사기,사기_보이스피싱,가족지인사칭_메신저피싱,SMS,언니 나 폰이 고장나서 AS 맡겨서 임시폰이야. 확인할 결제내역이 있는데 대신 좀 해줄 수 있어? 신분증이랑 계좌번호도 같이 보내줘,"지인/가족을 사칭해 긴급 상황을 연출, 개인정보와 금전을 요구",기존 스팸 유형 패턴을 참고해 새로 생성한 예시(합성)
3106,1,스팸_사기,광고성스팸,로또번호_추천광고,SMS,"[로또신] 이번 주 3등 당첨번호 무료공개! 2회 연속 적중 기록, 확인은 hxxp://당첨왕-788.kr/8165","확인 불가능한 당첨 이력 주장, 개인정보 입력 후 유료 결제로 유도하는 경우 많음",기존 스팸 유형 패턴을 참고해 새로 생성한 예시(합성)
3107,1,스팸_사기,광고성스팸,불법대출광고,SMS,"[직장인우대론] 신용조회 없이 당일 승인, 최대 100만원. 문의 050-8995-8823","미등록 대부업체의 저금리 대출 광고, 개인정보 수집 후 고금리 편취 위험",기존 스팸 유형 패턴을 참고해 새로 생성한 예시(합성)
3108,1,스팸_사기,가짜채용,현금수거책_고액알바,SMS,단순 심부름 업무로 일당 10만원 드립니다. 인천 인근 지정 장소에서 현금이 든 쇼핑백을 수거해 전달만 하시면 됩니다. 경력/면접 없이 바로 시작 가능,현금 수거/전달책으로 이용해 보이스피싱 자금 인출책(대포통장 및 현금 전달) 가담 유도,기존 스팸 유형 패턴을 참고해 새로 생성한 예시(합성)
3109,1,스팸_사기,광고성스팸,불법대출광고,SMS,"[행복저축은행(사칭)] 신용조회 없이 당일 승인, 최대 70만원. 문의 070-8825-1286","미등록 대부업체의 저금리 대출 광고, 개인정보 수집 후 고금리 편취 위험",기존 스팸 유형 패턴을 참고해 새로 생성한 예시(합성)
3110,1,스팸_사기,사기_투자로맨스,투자리딩방,SMS,"[마스터리딩방] 프리미엄에셋(사칭) 마스터 리딩방입니다. 전문가 실시간 매수/매도 신호 제공, 이번 주 수익률 40% 인증 종목 공개! 무료 입장: hxxp://leading-room-247.top/1438","검증되지 않은 수익률 인증, 무료를 미끼로 유료 리딩방 유입 유도",기존 스팸 유형 패턴을 참고해 새로 생성한 예시(합성)
3111,1,스팸_사기,악성_해킹시도,택배사칭_스미싱,SMS,[SSG닷컴물류센터] 송장번호(3077254400) 결제 정보 확인이 필요합니다. 확인: hxxp://SSG닷컴물류센터-709.com/9964,가짜 배송 조회 링크로 악성 앱 설치 또는 개인정보 입력 유도,기존 스팸 유형 패턴을 참고해 새로 생성한 예시(합성)
3112,1,스팸_사기,광고성스팸,불법대출광고,SMS,"[행복저축은행(사칭)] 신용조회 없이 당일 승인, 최대 70만원. 문의 02-283-8775","미등록 대부업체의 저금리 대출 광고, 개인정보 수집 후 고금리 편취 위험",기존 스팸 유형 패턴을 참고해 새로 생성한 예시(합성)
3113,1,스팸_사기,가짜채용,현금수거책_고액알바,SMS,단순 심부름 업무로 일당 1500만원 드립니다. 대전 인근 지정 장소에서 현금이 든 쇼핑백을 수거해 전달만 하시면 됩니다. 경력/면접 없이 바로 시작 가능,현금 수거/전달책으로 이용해 보이스피싱 자금 인출책(대포통장 및 현금 전달) 가담 유도,기존 스팸 유형 패턴을 참고해 새로 생성한 예시(합성)
3114,1,스팸_사기,악성_해킹시도,공공기관사칭_스미싱,SMS,[경찰청교통민원58] 2026년 9월 위반사실 통지서가 발송되었습니다. 조회: hxxp://gov-check-650.top/2575,공공기관을 사칭한 허위 고지서로 악성 링크 클릭 유도,기존 스팸 유형 패턴을 참고해 새로 생성한 예시(합성)
3115,1,스팸_사기,사기_보이스피싱,소액결제사칭,SMS,"[승인] 690,000원 사용내역 확인, 본인 결제가 아닐 경우 1544-2345-7193 연락바랍니다","실제 결제하지 않은 내역을 안내해 불안감을 유발, 가짜 고객센터 연결 유도",기존 스팸 유형 패턴을 참고해 새로 생성한 예시(합성)
3116,1,스팸_사기,광고성스팸,불법대출광고,SMS,"[스피드머니] 신용조회 없이 당일 승인, 최대 500만원. 문의 050-9410-1503","미등록 대부업체의 저금리 대출 광고, 개인정보 수집 후 고금리 편취 위험",기존 스팸 유형 패턴을 참고해 새로 생성한 예시(합성)
3117,1,스팸_사기,악성_해킹시도,카드발급사칭_스미싱,SMS,고객님 명의로 토스뱅크 카드가 신규 발급 신청되었습니다. 본인이 아니라면 즉시 확인 hxxp://card-verify-kr-148.top/2813,"신청한 적 없는 카드 발급 안내, 확인을 명목으로 악성 링크 클릭 유도",기존 스팸 유형 패턴을 참고해 새로 생성한 예시(합성)
3118,1,스팸_사기,광고성스팸,불법대출광고,SMS,"[희망캐피탈] 신용조회 없이 당일 승인, 최대 50만원. 문의 050-3198-1419","미등록 대부업체의 저금리 대출 광고, 개인정보 수집 후 고금리 편취 위험",기존 스팸 유형 패턴을 참고해 새로 생성한 예시(합성)
3119,1,스팸_사기,악성_해킹시도,택배사칭_스미싱,SMS,[위메프물류센터] 송장번호(6528472103) 결제 정보 확인이 필요합니다. 확인: hxxp://위메프물류센터-389.site/6856,가짜 배송 조회 링크로 악성 앱 설치 또는 개인정보 입력 유도,기존 스팸 유형 패턴을 참고해 새로 생성한 예시(합성)
3120,1,스팸_사기,가짜채용,통장대여_이체알바,SMS,"계좌만 빌려주면 끝! 건당 2000만원 바로 지급, 문의는 @job319","본인 명의 계좌를 대여받아 대포통장으로 악용, 이체 심부름은 자금세탁에 이용될 위험",기존 스팸 유형 패턴을 참고해 새로 생성한 예시(합성)
3121,1,스팸_사기,악성_해킹시도,택배사칭_스미싱,SMS,[11번가물류센터] 송장번호(5262988515) 부재중으로 반송 예정입니다. 확인: hxxp://11번가물류센터-767.kr/3116,가짜 배송 조회 링크로 악성 앱 설치 또는 개인정보 입력 유도,기존 스팸 유형 패턴을 참고해 새로 생성한 예시(합성)
3122,1,스팸_사기,가짜채용,현금수거책_고액알바,SMS,단순 심부름 업무로 일당 150만원 드립니다. 대전 인근 지정 장소에서 현금이 든 쇼핑백을 수거해 전달만 하시면 됩니다. 경력/면접 없이 바로 시작 가능,현금 수거/전달책으로 이용해 보이스피싱 자금 인출책(대포통장 및 현금 전달) 가담 유도,기존 스팸 유형 패턴을 참고해 새로 생성한 예시(합성)
3123,1,스팸_사기,악성_해킹시도,공공기관사칭_스미싱,SMS,[경찰청교통민원77] 2026년 12월 위반사실 통지서가 발송되었습니다. 조회: hxxp://gov-check-688.kr/6564,공공기관을 사칭한 허위 고지서로 악성 링크 클릭 유도,기존 스팸 유형 패턴을 참고해 새로 생성한 예시(합성)
3124,1,스팸_사기,사기_투자로맨스,가짜투자앱유도,SMS,[전문가리딩] 저희 프리미엄에셋(사칭) 전용 앱으로 100만원부터 시작하세요. 오늘 수익률 95% 인증! 앱 설치: hxxp://stock-genius-app-882.kr/7800,"공식 앱스토어가 아닌 링크로 앱 설치 유도, 초기 소액 출금으로 신뢰 형성 후 거액 유도",기존 스팸 유형 패턴을 참고해 새로 생성한 예시(합성)
3125,1,스팸_사기,악성_해킹시도,공공기관사칭_스미싱,SMS,[경찰청교통민원86] 2024년 12월 위반사실 통지서가 발송되었습니다. 조회: hxxp://gov-check-635.top/8590,공공기관을 사칭한 허위 고지서로 악성 링크 클릭 유도,기존 스팸 유형 패턴을 참고해 새로 생성한 예시(합성)
3126,1,스팸_사기,악성_해킹시도,택배사칭_스미싱,SMS,[위메프물류센터] 송장번호(9441954431) 결제 정보 확인이 필요합니다. 확인: hxxp://위메프물류센터-806.site/8519,가짜 배송 조회 링크로 악성 앱 설치 또는 개인정보 입력 유도,기존 스팸 유형 패턴을 참고해 새로 생성한 예시(합성)
3127,1,스팸_사기,악성_해킹시도,택배사칭_스미싱,SMS,[티몬물류센터] 송장번호(8391908913) 통관 절차가 지연되고 있습니다. 확인: hxxp://티몬물류센터-202.com/1849,가짜 배송 조회 링크로 악성 앱 설치 또는 개인정보 입력 유도,기존 스팸 유형 패턴을 참고해 새로 생성한 예시(합성)
3128,1,스팸_사기,악성_해킹시도,택배사칭_스미싱,SMS,[SSG닷컴물류센터] 송장번호(6735485627) 결제 정보 확인이 필요합니다. 확인: hxxp://SSG닷컴물류센터-188.site/8903,가짜 배송 조회 링크로 악성 앱 설치 또는 개인정보 입력 유도,기존 스팸 유형 패턴을 참고해 새로 생성한 예시(합성)
3129,1,스팸_사기,사기_투자로맨스,가짜투자앱유도,SMS,[전문가리딩] 저희 코스피마스터 전용 앱으로 500만원부터 시작하세요. 오늘 수익률 60% 인증! 앱 설치: hxxp://invest-vip-app-354.top/1774,"공식 앱스토어가 아닌 링크로 앱 설치 유도, 초기 소액 출금으로 신뢰 형성 후 거액 유도",기존 스팸 유형 패턴을 참고해 새로 생성한 예시(합성)
3130,1,스팸_사기,악성_해킹시도,청첩장_부고장사칭_스미싱,SMS,결혼식 안내드립니다. 참석 여부와 함께 청첩장를 확인해주세요: hxxp://mcard-invite-295.xyz/4038,모바일 청첩장/부고장을 가장한 악성 링크로 스미싱 유도,기존 스팸 유형 패턴을 참고해 새로 생성한 예시(합성)
3131,1,스팸_사기,광고성스팸,로또번호_추천광고,SMS,"[복권천재] 이번 주 3등 당첨번호 무료공개! 7회 연속 적중 기록, 확인은 hxxp://복권천재-771.net/3624","확인 불가능한 당첨 이력 주장, 개인정보 입력 후 유료 결제로 유도하는 경우 많음",기존 스팸 유형 패턴을 참고해 새로 생성한 예시(합성)
3132,1,스팸_사기,사기_투자로맨스,가짜투자앱유도,SMS,[전문가리딩] 저희 블록체인마스터스 전용 앱으로 2000만원부터 시작하세요. 오늘 수익률 40% 인증! 앱 설치: hxxp://invest-vip-app-540.xyz/6216,"공식 앱스토어가 아닌 링크로 앱 설치 유도, 초기 소액 출금으로 신뢰 형성 후 거액 유도",기존 스팸 유형 패턴을 참고해 새로 생성한 예시(합성)
3133,1,스팸_사기,악성_해킹시도,공공기관사칭_스미싱,SMS,[환경부과태료76] 2025년 12월 위반사실 통지서가 발송되었습니다. 조회: hxxp://gov-check-665.xyz/7590,공공기관을 사칭한 허위 고지서로 악성 링크 클릭 유도,기존 스팸 유형 패턴을 참고해 새로 생성한 예시(합성)
3134,1,스팸_사기,광고성스팸,불법대출광고,SMS,"[직장인우대론] 신용조회 없이 당일 승인, 최대 200만원. 문의 1588-1718-3445","미등록 대부업체의 저금리 대출 광고, 개인정보 수집 후 고금리 편취 위험",기존 스팸 유형 패턴을 참고해 새로 생성한 예시(합성)
3135,1,스팸_사기,사기_보이스피싱,검찰_금감원사칭,SMS,여기는 경찰청 사이버수사대(사칭)입니다. 귀하 명의 계좌가 범죄에 연루되어 수사가 진행 중입니다. 자산보호를 위해 대출받은 150만원을 안전계좌로 즉시 이체하셔야 합니다.,수사기관 사칭으로 공포심을 조성해 금전 이체를 유도하는 전형적 보이스피싱 수법,기존 스팸 유형 패턴을 참고해 새로 생성한 예시(합성)
3136,1,스팸_사기,악성_해킹시도,공공기관사칭_스미싱,SMS,[경찰청교통민원26] 2026년 11월 위반사실 통지서가 발송되었습니다. 조회: hxxp://gov-check-630.xyz/3110,공공기관을 사칭한 허위 고지서로 악성 링크 클릭 유도,기존 스팸 유형 패턴을 참고해 새로 생성한 예시(합성)
3137,1,스팸_사기,사기_투자로맨스,가짜투자앱유도,SMS,[전문가리딩] 저희 글로벌인베스트 전용 앱으로 100만원부터 시작하세요. 오늘 수익률 70% 인증! 앱 설치: hxxp://profit-lead-app-535.com/8936,"공식 앱스토어가 아닌 링크로 앱 설치 유도, 초기 소액 출금으로 신뢰 형성 후 거액 유도",기존 스팸 유형 패턴을 참고해 새로 생성한 예시(합성)
3138,1,스팸_사기,사기_투자로맨스,투자리딩방,SMS,"[마스터리딩방] 삼성자산운용(사칭) 마스터 리딩방입니다. 전문가 실시간 매수/매도 신호 제공, 이번 주 수익률 80% 인증 종목 공개! 무료 입장: hxxp://leading-room-744.kr/6174","검증되지 않은 수익률 인증, 무료를 미끼로 유료 리딩방 유입 유도",기존 스팸 유형 패턴을 참고해 새로 생성한 예시(합성)
3139,1,스팸_사기,악성_해킹시도,카드발급사칭_스미싱,SMS,고객님 명의로 국민은행 카드가 신규 발급 신청되었습니다. 본인이 아니라면 즉시 확인 hxxp://card-verify-kr-743.top/7758,"신청한 적 없는 카드 발급 안내, 확인을 명목으로 악성 링크 클릭 유도",기존 스팸 유형 패턴을 참고해 새로 생성한 예시(합성)
3140,1,스팸_사기,사기_투자로맨스,가짜투자앱유도,SMS,[리딩방] 저희 삼성자산운용(사칭) 전용 앱으로 1000만원부터 시작하세요. 오늘 수익률 60% 인증! 앱 설치: hxxp://stock-genius-app-629.top/6481,"공식 앱스토어가 아닌 링크로 앱 설치 유도, 초기 소액 출금으로 신뢰 형성 후 거액 유도",기존 스팸 유형 패턴을 참고해 새로 생성한 예시(합성)
3141,1,스팸_사기,광고성스팸,불법대출광고,SMS,"[조은대부] 신용조회 없이 당일 승인, 최대 5000만원. 문의 070-3724-8979","미등록 대부업체의 저금리 대출 광고, 개인정보 수집 후 고금리 편취 위험",기존 스팸 유형 패턴을 참고해 새로 생성한 예시(합성)
3142,1,스팸_사기,사기_투자로맨스,가짜투자앱유도,SMS,[전문가리딩] 저희 프리미엄에셋(사칭) 전용 앱으로 50만원부터 시작하세요. 오늘 수익률 50% 인증! 앱 설치: hxxp://smart-invest-app-263.xyz/3743,"공식 앱스토어가 아닌 링크로 앱 설치 유도, 초기 소액 출금으로 신뢰 형성 후 거액 유도",기존 스팸 유형 패턴을 참고해 새로 생성한 예시(합성)
3143,1,스팸_사기,광고성스팸,불법도박광고,SMS,"[코리아벳] 첫충 30% 이벤트! 신규가입시 최대 20만원 지급, 지금 가입: hxxp://슈퍼토토-815.net/5010",불법 온라인 도박 사이트 가입 유도 광고,기존 스팸 유형 패턴을 참고해 새로 생성한 예시(합성)
3144,1,스팸_사기,사기_보이스피싱,가족지인사칭_메신저피싱,SMS,누나 나 폰이 고장나서 AS 맡겨서 임시폰이야. 확인할 결제내역이 있는데 대신 좀 해줄 수 있어? 신분증이랑 계좌번호도 같이 보내줘,"지인/가족을 사칭해 긴급 상황을 연출, 개인정보와 금전을 요구",기존 스팸 유형 패턴을 참고해 새로 생성한 예시(합성)
3145,1,스팸_사기,광고성스팸,불법대출광고,SMS,"[국민든든대부] 신용조회 없이 당일 승인, 최대 5000만원. 문의 1588-8805-9038","미등록 대부업체의 저금리 대출 광고, 개인정보 수집 후 고금리 편취 위험",기존 스팸 유형 패턴을 참고해 새로 생성한 예시(합성)
3146,1,스팸_사기,가짜채용,현금수거책_고액알바,SMS,단순 심부름 업무로 일당 20만원 드립니다. 부산 인근 지정 장소에서 현금이 든 쇼핑백을 수거해 전달만 하시면 됩니다. 경력/면접 없이 바로 시작 가능,현금 수거/전달책으로 이용해 보이스피싱 자금 인출책(대포통장 및 현금 전달) 가담 유도,기존 스팸 유형 패턴을 참고해 새로 생성한 예시(합성)
3147,1,스팸_사기,광고성스팸,불법도박광고,SMS,"[황금성] 첫충 70% 이벤트! 신규가입시 최대 10000만원 지급, 지금 가입: hxxp://프리미엄카지노-911.net/7689",불법 온라인 도박 사이트 가입 유도 광고,기존 스팸 유형 패턴을 참고해 새로 생성한 예시(합성)
3148,1,스팸_사기,악성_해킹시도,카드발급사칭_스미싱,SMS,고객님 명의로 토스뱅크 카드가 신규 발급 신청되었습니다. 본인이 아니라면 즉시 확인 hxxp://card-verify-kr-857.xyz/1153,"신청한 적 없는 카드 발급 안내, 확인을 명목으로 악성 링크 클릭 유도",기존 스팸 유형 패턴을 참고해 새로 생성한 예시(합성)
3149,1,스팸_사기,가짜채용,재택부업_리뷰알바사기,SMS,"📋 재택으로 상품 리뷰만 작성하면 건당 1,95700원! 하루 26분 투자로 월 20만원 가능합니다. 카톡 문의 @job821",고수익을 미끼로 선입금이나 개인정보를 요구하는 재택부업 사기,기존 스팸 유형 패턴을 참고해 새로 생성한 예시(합성)
3150,1,스팸_사기,가짜채용,통장대여_이체알바,SMS,"[단기알바] 명의 계좌 대여, 심부름 1건당 10000만원. 텔레그램 @job237","본인 명의 계좌를 대여받아 대포통장으로 악용, 이체 심부름은 자금세탁에 이용될 위험",기존 스팸 유형 패턴을 참고해 새로 생성한 예시(합성)
3151,1,스팸_사기,사기_투자로맨스,투자리딩방,SMS,"[마스터리딩방] 삼성자산운용(사칭) 마스터 리딩방입니다. 전문가 실시간 매수/매도 신호 제공, 이번 주 수익률 99% 인증 종목 공개! 무료 입장: hxxp://leading-room-649.kr/1968","검증되지 않은 수익률 인증, 무료를 미끼로 유료 리딩방 유입 유도",기존 스팸 유형 패턴을 참고해 새로 생성한 예시(합성)
3152,1,스팸_사기,사기_투자로맨스,투자리딩방,SMS,"[마스터리딩방] 블록체인마스터스 마스터 리딩방입니다. 전문가 실시간 매수/매도 신호 제공, 이번 주 수익률 80% 인증 종목 공개! 무료 입장: hxxp://leading-room-346.kr/2033","검증되지 않은 수익률 인증, 무료를 미끼로 유료 리딩방 유입 유도",기존 스팸 유형 패턴을 참고해 새로 생성한 예시(합성)
3153,1,스팸_사기,사기_투자로맨스,가짜투자앱유도,SMS,[전문가리딩] 저희 프리미엄에셋(사칭) 전용 앱으로 1500만원부터 시작하세요. 오늘 수익률 40% 인증! 앱 설치: hxxp://profit-lead-app-358.site/3347,"공식 앱스토어가 아닌 링크로 앱 설치 유도, 초기 소액 출금으로 신뢰 형성 후 거액 유도",기존 스팸 유형 패턴을 참고해 새로 생성한 예시(합성)
3154,1,스팸_사기,사기_보이스피싱,소액결제사칭,SMS,"[결제알림] 140,000원 승인 완료. 본인 사용이 아니면 아래 번호로 즉시 연락주세요 1588-8920-6288","실제 결제하지 않은 내역을 안내해 불안감을 유발, 가짜 고객센터 연결 유도",기존 스팸 유형 패턴을 참고해 새로 생성한 예시(합성)
3155,1,스팸_사기,가짜채용,현금수거책_고액알바,SMS,단순 심부름 업무로 일당 1500만원 드립니다. 대구 인근 지정 장소에서 현금이 든 쇼핑백을 수거해 전달만 하시면 됩니다. 경력/면접 없이 바로 시작 가능,현금 수거/전달책으로 이용해 보이스피싱 자금 인출책(대포통장 및 현금 전달) 가담 유도,기존 스팸 유형 패턴을 참고해 새로 생성한 예시(합성)
3156,1,스팸_사기,광고성스팸,불법대출광고,SMS,"[케이캐시대부] 신용조회 없이 당일 승인, 최대 300만원. 문의 02-7668-6327","미등록 대부업체의 저금리 대출 광고, 개인정보 수집 후 고금리 편취 위험",기존 스팸 유형 패턴을 참고해 새로 생성한 예시(합성)
3157,1,스팸_사기,가짜채용,현금수거책_고액알바,SMS,단순 심부름 업무로 일당 100만원 드립니다. 수원 인근 지정 장소에서 현금이 든 쇼핑백을 수거해 전달만 하시면 됩니다. 경력/면접 없이 바로 시작 가능,현금 수거/전달책으로 이용해 보이스피싱 자금 인출책(대포통장 및 현금 전달) 가담 유도,기존 스팸 유형 패턴을 참고해 새로 생성한 예시(합성)
3158,1,스팸_사기,악성_해킹시도,택배사칭_스미싱,SMS,[11번가물류센터] 송장번호(6589463205) 통관 절차가 지연되고 있습니다. 확인: hxxp://11번가물류센터-172.xyz/5417,가짜 배송 조회 링크로 악성 앱 설치 또는 개인정보 입력 유도,기존 스팸 유형 패턴을 참고해 새로 생성한 예시(합성)
3159,1,스팸_사기,악성_해킹시도,택배사칭_스미싱,SMS,[G마켓물류센터] 송장번호(2686827566) 결제 정보 확인이 필요합니다. 확인: hxxp://G마켓물류센터-784.top/2622,가짜 배송 조회 링크로 악성 앱 설치 또는 개인정보 입력 유도,기존 스팸 유형 패턴을 참고해 새로 생성한 예시(합성)
3160,1,스팸_사기,악성_해킹시도,청첩장_부고장사칭_스미싱,SMS,[모바일초대장] OOO님이 돌잔치 초대장을 보냈습니다. 아래에서 확인해주세요 hxxp://mcard-invite-368.site/5606,모바일 청첩장/부고장을 가장한 악성 링크로 스미싱 유도,기존 스팸 유형 패턴을 참고해 새로 생성한 예시(합성)
3161,1,스팸_사기,광고성스팸,불법대출광고,SMS,"[행복저축은행(사칭)] 신용조회 없이 당일 승인, 최대 30만원. 문의 1588-540-9858","미등록 대부업체의 저금리 대출 광고, 개인정보 수집 후 고금리 편취 위험",기존 스팸 유형 패턴을 참고해 새로 생성한 예시(합성)
3162,1,스팸_사기,가짜채용,통장대여_이체알바,SMS,"본인 계좌만 있으면 하루 몇 건으로 50만원 벌 수 있어요, 텔레그램 @job369로 문의주세요","본인 명의 계좌를 대여받아 대포통장으로 악용, 이체 심부름은 자금세탁에 이용될 위험",기존 스팸 유형 패턴을 참고해 새로 생성한 예시(합성)
3163,1,스팸_사기,가짜채용,현금수거책_고액알바,SMS,단순 심부름 업무로 일당 3000만원 드립니다. 대전 인근 지정 장소에서 현금이 든 쇼핑백을 수거해 전달만 하시면 됩니다. 경력/면접 없이 바로 시작 가능,현금 수거/전달책으로 이용해 보이스피싱 자금 인출책(대포통장 및 현금 전달) 가담 유도,기존 스팸 유형 패턴을 참고해 새로 생성한 예시(합성)
3164,1,스팸_사기,광고성스팸,불법도박광고,SMS,"[슈퍼토토] 첫충 90% 이벤트! 신규가입시 최대 150만원 지급, 지금 가입: hxxp://머니킹-733.xyz/9104",불법 온라인 도박 사이트 가입 유도 광고,기존 스팸 유형 패턴을 참고해 새로 생성한 예시(합성)
3165,1,스팸_사기,사기_보이스피싱,소액결제사칭,SMS,"[Web발신] 790,000원 결제승인 알림, 부정사용 의심시 070-466-9513 문의","실제 결제하지 않은 내역을 안내해 불안감을 유발, 가짜 고객센터 연결 유도",기존 스팸 유형 패턴을 참고해 새로 생성한 예시(합성)
3166,1,스팸_사기,광고성스팸,로또번호_추천광고,SMS,"[황금열쇠] 이번 주 3등 당첨번호 무료공개! 2회 연속 적중 기록, 확인은 hxxp://황금열쇠-921.site/8073","확인 불가능한 당첨 이력 주장, 개인정보 입력 후 유료 결제로 유도하는 경우 많음",기존 스팸 유형 패턴을 참고해 새로 생성한 예시(합성)
3167,1,스팸_사기,가짜채용,현금수거책_고액알바,SMS,단순 심부름 업무로 일당 10000만원 드립니다. 수원 인근 지정 장소에서 현금이 든 쇼핑백을 수거해 전달만 하시면 됩니다. 경력/면접 없이 바로 시작 가능,현금 수거/전달책으로 이용해 보이스피싱 자금 인출책(대포통장 및 현금 전달) 가담 유도,기존 스팸 유형 패턴을 참고해 새로 생성한 예시(합성)
3168,1,스팸_사기,광고성스팸,로또번호_추천광고,SMS,"[당첨왕] 이번 주 1등 당첨번호 무료공개! 7회 연속 적중 기록, 확인은 hxxp://복권천재-646.net/2115","확인 불가능한 당첨 이력 주장, 개인정보 입력 후 유료 결제로 유도하는 경우 많음",기존 스팸 유형 패턴을 참고해 새로 생성한 예시(합성)
3169,1,스팸_사기,광고성스팸,로또번호_추천광고,SMS,"[황금열쇠] 이번 주 1등 당첨번호 무료공개! 2회 연속 적중 기록, 확인은 hxxp://당첨왕-227.top/7610","확인 불가능한 당첨 이력 주장, 개인정보 입력 후 유료 결제로 유도하는 경우 많음",기존 스팸 유형 패턴을 참고해 새로 생성한 예시(합성)
3170,1,스팸_사기,가짜채용,통장대여_이체알바,SMS,"간단한 이체 대행 알바 모집중, 건당 150만원! 텔레그램 @job592로 연락주세요","본인 명의 계좌를 대여받아 대포통장으로 악용, 이체 심부름은 자금세탁에 이용될 위험",기존 스팸 유형 패턴을 참고해 새로 생성한 예시(합성)
3171,1,스팸_사기,사기_투자로맨스,가짜투자앱유도,SMS,[전문가리딩] 저희 블록체인마스터스 전용 앱으로 1500만원부터 시작하세요. 오늘 수익률 40% 인증! 앱 설치: hxxp://profit-lead-app-243.top/3892,"공식 앱스토어가 아닌 링크로 앱 설치 유도, 초기 소액 출금으로 신뢰 형성 후 거액 유도",기존 스팸 유형 패턴을 참고해 새로 생성한 예시(합성)
3172,1,스팸_사기,가짜채용,통장대여_이체알바,SMS,"[단기알바] 명의 계좌 대여, 심부름 1건당 7000만원. 텔레그램 @job459","본인 명의 계좌를 대여받아 대포통장으로 악용, 이체 심부름은 자금세탁에 이용될 위험",기존 스팸 유형 패턴을 참고해 새로 생성한 예시(합성)
3173,1,스팸_사기,사기_투자로맨스,가짜투자앱유도,SMS,[전문가리딩] 저희 코스피마스터 전용 앱으로 150만원부터 시작하세요. 오늘 수익률 95% 인증! 앱 설치: hxxp://trade-master-app-622.com/7109,"공식 앱스토어가 아닌 링크로 앱 설치 유도, 초기 소액 출금으로 신뢰 형성 후 거액 유도",기존 스팸 유형 패턴을 참고해 새로 생성한 예시(합성)
3174,1,스팸_사기,악성_해킹시도,청첩장_부고장사칭_스미싱,SMS,OOO님의 돌잔치에 초대합니다. 모바일 청첩장 확인하기 hxxp://mcard-invite-106.kr/3296,모바일 청첩장/부고장을 가장한 악성 링크로 스미싱 유도,기존 스팸 유형 패턴을 참고해 새로 생성한 예시(합성)
3175,1,스팸_사기,사기_투자로맨스,투자리딩방,SMS,"[마스터리딩방] 프리미엄에셋(사칭) 마스터 리딩방입니다. 전문가 실시간 매수/매도 신호 제공, 이번 주 수익률 80% 인증 종목 공개! 무료 입장: hxxp://leading-room-382.kr/8585","검증되지 않은 수익률 인증, 무료를 미끼로 유료 리딩방 유입 유도",기존 스팸 유형 패턴을 참고해 새로 생성한 예시(합성)
3176,1,스팸_사기,악성_해킹시도,택배사칭_스미싱,SMS,[마켓컬리물류센터] 송장번호(4025618104) 부재중으로 반송 예정입니다. 확인: hxxp://마켓컬리물류센터-987.kr/4799,가짜 배송 조회 링크로 악성 앱 설치 또는 개인정보 입력 유도,기존 스팸 유형 패턴을 참고해 새로 생성한 예시(합성)
3177,1,스팸_사기,광고성스팸,불법도박광고,SMS,"[황금성] 첫충 40% 이벤트! 신규가입시 최대 10만원 지급, 지금 가입: hxxp://슈퍼토토-204.net/6029",불법 온라인 도박 사이트 가입 유도 광고,기존 스팸 유형 패턴을 참고해 새로 생성한 예시(합성)
3178,1,스팸_사기,사기_보이스피싱,소액결제사칭,SMS,"[Web발신] 980,000원 결제승인 알림, 부정사용 의심시 070-4283-9532 문의","실제 결제하지 않은 내역을 안내해 불안감을 유발, 가짜 고객센터 연결 유도",기존 스팸 유형 패턴을 참고해 새로 생성한 예시(합성)
3179,1,스팸_사기,사기_보이스피싱,검찰_금감원사칭,SMS,여기는 서울중앙지검입니다. 귀하 명의 계좌가 범죄에 연루되어 수사가 진행 중입니다. 자산보호를 위해 대출받은 70만원을 안전계좌로 즉시 이체하셔야 합니다.,수사기관 사칭으로 공포심을 조성해 금전 이체를 유도하는 전형적 보이스피싱 수법,기존 스팸 유형 패턴을 참고해 새로 생성한 예시(합성)
3181,1,스팸_사기,악성_해킹시도,공공기관사칭_스미싱,SMS,[국세청체납73] 2024년 8월 위반사실 통지서가 발송되었습니다. 조회: hxxp://gov-check-849.xyz/8616,공공기관을 사칭한 허위 고지서로 악성 링크 클릭 유도,기존 스팸 유형 패턴을 참고해 새로 생성한 예시(합성)
3182,1,스팸_사기,악성_해킹시도,청첩장_부고장사칭_스미싱,SMS,소중한 분의 결혼식 소식을 전해드립니다. 모바일 청첩장 링크: hxxp://mcard-invite-146.site/4960,모바일 청첩장/부고장을 가장한 악성 링크로 스미싱 유도,기존 스팸 유형 패턴을 참고해 새로 생성한 예시(합성)
3183,1,스팸_사기,악성_해킹시도,공공기관사칭_스미싱,SMS,[법원출석통지33] 2024년 10월 위반사실 통지서가 발송되었습니다. 조회: hxxp://gov-check-584.com/9533,공공기관을 사칭한 허위 고지서로 악성 링크 클릭 유도,기존 스팸 유형 패턴을 참고해 새로 생성한 예시(합성)
3184,1,스팸_사기,가짜채용,현금수거책_고액알바,SMS,단순 심부름 업무로 일당 300만원 드립니다. 광주 인근 지정 장소에서 현금이 든 쇼핑백을 수거해 전달만 하시면 됩니다. 경력/면접 없이 바로 시작 가능,현금 수거/전달책으로 이용해 보이스피싱 자금 인출책(대포통장 및 현금 전달) 가담 유도,기존 스팸 유형 패턴을 참고해 새로 생성한 예시(합성)
3185,1,스팸_사기,사기_투자로맨스,가짜투자앱유도,SMS,[리딩방] 저희 글로벌인베스트 전용 앱으로 1500만원부터 시작하세요. 오늘 수익률 60% 인증! 앱 설치: hxxp://smart-invest-app-638.top/7064,"공식 앱스토어가 아닌 링크로 앱 설치 유도, 초기 소액 출금으로 신뢰 형성 후 거액 유도",기존 스팸 유형 패턴을 참고해 새로 생성한 예시(합성)
3186,1,스팸_사기,사기_투자로맨스,가짜투자앱유도,SMS,[VIP투자방] 저희 블록체인마스터스 전용 앱으로 30만원부터 시작하세요. 오늘 수익률 50% 인증! 앱 설치: hxxp://invest-vip-app-766.xyz/4423,"공식 앱스토어가 아닌 링크로 앱 설치 유도, 초기 소액 출금으로 신뢰 형성 후 거액 유도",기존 스팸 유형 패턴을 참고해 새로 생성한 예시(합성)
3187,1,스팸_사기,악성_해킹시도,청첩장_부고장사칭_스미싱,SMS,OOO님으로부터 결혼식 청첩장가 도착했습니다. 확인: hxxp://mcard-invite-247.net/8269,모바일 청첩장/부고장을 가장한 악성 링크로 스미싱 유도,기존 스팸 유형 패턴을 참고해 새로 생성한 예시(합성)
3188,1,스팸_사기,악성_해킹시도,공공기관사칭_스미싱,SMS,[환경부과태료40] 2025년 12월 위반사실 통지서가 발송되었습니다. 조회: hxxp://gov-check-868.top/6192,공공기관을 사칭한 허위 고지서로 악성 링크 클릭 유도,기존 스팸 유형 패턴을 참고해 새로 생성한 예시(합성)
3189,1,스팸_사기,사기_투자로맨스,투자리딩방,SMS,"[마스터리딩방] 글로벌인베스트 마스터 리딩방입니다. 전문가 실시간 매수/매도 신호 제공, 이번 주 수익률 80% 인증 종목 공개! 무료 입장: hxxp://leading-room-136.com/6563","검증되지 않은 수익률 인증, 무료를 미끼로 유료 리딩방 유입 유도",기존 스팸 유형 패턴을 참고해 새로 생성한 예시(합성)
3190,1,스팸_사기,가짜채용,통장대여_이체알바,SMS,"본인 계좌만 있으면 하루 몇 건으로 700만원 벌 수 있어요, 텔레그램 @job283로 문의주세요","본인 명의 계좌를 대여받아 대포통장으로 악용, 이체 심부름은 자금세탁에 이용될 위험",기존 스팸 유형 패턴을 참고해 새로 생성한 예시(합성)
3191,1,스팸_사기,가짜채용,현금수거책_고액알바,SMS,단순 심부름 업무로 일당 30만원 드립니다. 수원 인근 지정 장소에서 현금이 든 쇼핑백을 수거해 전달만 하시면 됩니다. 경력/면접 없이 바로 시작 가능,현금 수거/전달책으로 이용해 보이스피싱 자금 인출책(대포통장 및 현금 전달) 가담 유도,기존 스팸 유형 패턴을 참고해 새로 생성한 예시(합성)
3192,1,스팸_사기,악성_해킹시도,카드발급사칭_스미싱,SMS,고객님 명의로 하나은행 카드가 신규 발급 신청되었습니다. 본인이 아니라면 즉시 확인 hxxp://card-verify-kr-603.top/5001,"신청한 적 없는 카드 발급 안내, 확인을 명목으로 악성 링크 클릭 유도",기존 스팸 유형 패턴을 참고해 새로 생성한 예시(합성)
3193,1,스팸_사기,사기_보이스피싱,가족지인사칭_메신저피싱,SMS,누나 나 폰 액정이 깨져서 임시폰이야. 확인할 결제내역이 있는데 대신 좀 해줄 수 있어? 신분증이랑 계좌번호도 같이 보내줘,"지인/가족을 사칭해 긴급 상황을 연출, 개인정보와 금전을 요구",기존 스팸 유형 패턴을 참고해 새로 생성한 예시(합성)
3194,1,스팸_사기,광고성스팸,불법도박광고,SMS,"[로얄카지노] 첫충 95% 이벤트! 신규가입시 최대 2000만원 지급, 지금 가입: hxxp://프리미엄카지노-307.kr/8295",불법 온라인 도박 사이트 가입 유도 광고,기존 스팸 유형 패턴을 참고해 새로 생성한 예시(합성)
3195,1,스팸_사기,사기_보이스피싱,가족지인사칭_메신저피싱,SMS,형 나 기기변경 중이라 임시폰이야. 확인할 결제내역이 있는데 대신 좀 해줄 수 있어? 신분증이랑 계좌번호도 같이 보내줘,"지인/가족을 사칭해 긴급 상황을 연출, 개인정보와 금전을 요구",기존 스팸 유형 패턴을 참고해 새로 생성한 예시(합성)
3196,1,스팸_사기,악성_해킹시도,택배사칭_스미싱,SMS,[티몬물류센터] 송장번호(1148250627) 통관 절차가 지연되고 있습니다. 확인: hxxp://티몬물류센터-311.kr/1113,가짜 배송 조회 링크로 악성 앱 설치 또는 개인정보 입력 유도,기존 스팸 유형 패턴을 참고해 새로 생성한 예시(합성)
3197,1,스팸_사기,악성_해킹시도,택배사칭_스미싱,SMS,[11번가물류센터] 송장번호(1344903399) 부재중으로 반송 예정입니다. 확인: hxxp://11번가물류센터-331.com/7828,가짜 배송 조회 링크로 악성 앱 설치 또는 개인정보 입력 유도,기존 스팸 유형 패턴을 참고해 새로 생성한 예시(합성)
3198,1,스팸_사기,광고성스팸,불법대출광고,SMS,"[희망캐피탈] 신용조회 없이 당일 승인, 최대 5000만원. 문의 02-9833-9077","미등록 대부업체의 저금리 대출 광고, 개인정보 수집 후 고금리 편취 위험",기존 스팸 유형 패턴을 참고해 새로 생성한 예시(합성)
3199,1,스팸_사기,광고성스팸,불법도박광고,SMS,"[머니킹] 첫충 99% 이벤트! 신규가입시 최대 100만원 지급, 지금 가입: hxxp://대박토토-344.com/3978",불법 온라인 도박 사이트 가입 유도 광고,기존 스팸 유형 패턴을 참고해 새로 생성한 예시(합성)
3200,1,스팸_사기,가짜채용,통장대여_이체알바,SMS,"계좌만 빌려주면 끝! 건당 100만원 바로 지급, 문의는 @job795","본인 명의 계좌를 대여받아 대포통장으로 악용, 이체 심부름은 자금세탁에 이용될 위험",기존 스팸 유형 패턴을 참고해 새로 생성한 예시(합성)
3201,1,스팸_사기,악성_해킹시도,공공기관사칭_스미싱,SMS,[경찰청교통민원44] 2024년 8월 위반사실 통지서가 발송되었습니다. 조회: hxxp://gov-check-881.com/4918,공공기관을 사칭한 허위 고지서로 악성 링크 클릭 유도,기존 스팸 유형 패턴을 참고해 새로 생성한 예시(합성)
3202,1,스팸_사기,사기_투자로맨스,가짜투자앱유도,SMS,[리딩방] 저희 한국투자리딩(사칭) 전용 앱으로 150만원부터 시작하세요. 오늘 수익률 60% 인증! 앱 설치: hxxp://invest-vip-app-115.com/4858,"공식 앱스토어가 아닌 링크로 앱 설치 유도, 초기 소액 출금으로 신뢰 형성 후 거액 유도",기존 스팸 유형 패턴을 참고해 새로 생성한 예시(합성)
3203,1,스팸_사기,악성_해킹시도,택배사칭_스미싱,SMS,[쿠팡물류센터] 송장번호(3235919375) 통관 절차가 지연되고 있습니다. 확인: hxxp://쿠팡물류센터-296.net/4878,가짜 배송 조회 링크로 악성 앱 설치 또는 개인정보 입력 유도,기존 스팸 유형 패턴을 참고해 새로 생성한 예시(합성)
3204,1,스팸_사기,악성_해킹시도,청첩장_부고장사칭_스미싱,SMS,OOO님의 결혼식에 초대합니다. 모바일 청첩장 확인하기 hxxp://mcard-invite-681.kr/4490,모바일 청첩장/부고장을 가장한 악성 링크로 스미싱 유도,기존 스팸 유형 패턴을 참고해 새로 생성한 예시(합성)
3205,1,스팸_사기,가짜채용,통장대여_이체알바,SMS,"간단한 이체 대행 알바 모집중, 건당 700만원! 텔레그램 @job539로 연락주세요","본인 명의 계좌를 대여받아 대포통장으로 악용, 이체 심부름은 자금세탁에 이용될 위험",기존 스팸 유형 패턴을 참고해 새로 생성한 예시(합성)
3206,1,스팸_사기,사기_투자로맨스,투자리딩방,SMS,"[마스터리딩방] 글로벌인베스트 마스터 리딩방입니다. 전문가 실시간 매수/매도 신호 제공, 이번 주 수익률 60% 인증 종목 공개! 무료 입장: hxxp://leading-room-798.xyz/4134","검증되지 않은 수익률 인증, 무료를 미끼로 유료 리딩방 유입 유도",기존 스팸 유형 패턴을 참고해 새로 생성한 예시(합성)
3208,1,스팸_사기,악성_해킹시도,공공기관사칭_스미싱,SMS,[경찰청교통민원69] 2026년 6월 위반사실 통지서가 발송되었습니다. 조회: hxxp://gov-check-988.site/4099,공공기관을 사칭한 허위 고지서로 악성 링크 클릭 유도,기존 스팸 유형 패턴을 참고해 새로 생성한 예시(합성)
3209,1,스팸_사기,광고성스팸,불법대출광고,SMS,"[행복저축은행(사칭)] 신용조회 없이 당일 승인, 최대 1000만원. 문의 02-6132-2972","미등록 대부업체의 저금리 대출 광고, 개인정보 수집 후 고금리 편취 위험",기존 스팸 유형 패턴을 참고해 새로 생성한 예시(합성)
3210,1,스팸_사기,사기_투자로맨스,가짜투자앱유도,SMS,[전문가리딩] 저희 블록체인마스터스 전용 앱으로 1500만원부터 시작하세요. 오늘 수익률 90% 인증! 앱 설치: hxxp://invest-vip-app-375.net/3420,"공식 앱스토어가 아닌 링크로 앱 설치 유도, 초기 소액 출금으로 신뢰 형성 후 거액 유도",기존 스팸 유형 패턴을 참고해 새로 생성한 예시(합성)
3211,1,스팸_사기,광고성스팸,불법대출광고,SMS,"[희망캐피탈] 신용조회 없이 당일 승인, 최대 200만원. 문의 1544-3229-2542","미등록 대부업체의 저금리 대출 광고, 개인정보 수집 후 고금리 편취 위험",기존 스팸 유형 패턴을 참고해 새로 생성한 예시(합성)
3212,1,스팸_사기,광고성스팸,불법도박광고,SMS,"[코리아벳] 첫충 50% 이벤트! 신규가입시 최대 10000만원 지급, 지금 가입: hxxp://프리미엄카지노-547.xyz/5763",불법 온라인 도박 사이트 가입 유도 광고,기존 스팸 유형 패턴을 참고해 새로 생성한 예시(합성)
3213,1,스팸_사기,악성_해킹시도,택배사칭_스미싱,SMS,[마켓컬리물류센터] 송장번호(3898101469) 부재중으로 반송 예정입니다. 확인: hxxp://마켓컬리물류센터-648.xyz/3327,가짜 배송 조회 링크로 악성 앱 설치 또는 개인정보 입력 유도,기존 스팸 유형 패턴을 참고해 새로 생성한 예시(합성)
3214,1,스팸_사기,가짜채용,현금수거책_고액알바,SMS,단순 심부름 업무로 일당 1000만원 드립니다. 광주 인근 지정 장소에서 현금이 든 쇼핑백을 수거해 전달만 하시면 됩니다. 경력/면접 없이 바로 시작 가능,현금 수거/전달책으로 이용해 보이스피싱 자금 인출책(대포통장 및 현금 전달) 가담 유도,기존 스팸 유형 패턴을 참고해 새로 생성한 예시(합성)
3215,1,스팸_사기,사기_투자로맨스,투자리딩방,SMS,"[마스터리딩방] 블록체인마스터스 마스터 리딩방입니다. 전문가 실시간 매수/매도 신호 제공, 이번 주 수익률 95% 인증 종목 공개! 무료 입장: hxxp://leading-room-995.top/3838","검증되지 않은 수익률 인증, 무료를 미끼로 유료 리딩방 유입 유도",기존 스팸 유형 패턴을 참고해 새로 생성한 예시(합성)
3216,1,스팸_사기,사기_보이스피싱,가족지인사칭_메신저피싱,SMS,아빠 나 폰이 고장나서 AS 맡겨서 임시폰이야. 확인할 결제내역이 있는데 대신 좀 해줄 수 있어? 신분증이랑 계좌번호도 같이 보내줘,"지인/가족을 사칭해 긴급 상황을 연출, 개인정보와 금전을 요구",기존 스팸 유형 패턴을 참고해 새로 생성한 예시(합성)
3217,1,스팸_사기,광고성스팸,불법도박광고,SMS,"[슈퍼토토] 첫충 60% 이벤트! 신규가입시 최대 30만원 지급, 지금 가입: hxxp://로얄카지노-826.net/7906",불법 온라인 도박 사이트 가입 유도 광고,기존 스팸 유형 패턴을 참고해 새로 생성한 예시(합성)
3218,1,스팸_사기,사기_보이스피싱,소액결제사칭,SMS,"[결제알림] 950,000원 승인 완료. 본인 사용이 아니면 아래 번호로 즉시 연락주세요 050-5669-9752","실제 결제하지 않은 내역을 안내해 불안감을 유발, 가짜 고객센터 연결 유도",기존 스팸 유형 패턴을 참고해 새로 생성한 예시(합성)
3219,1,스팸_사기,사기_투자로맨스,가짜투자앱유도,SMS,[리딩방] 저희 글로벌인베스트 전용 앱으로 20만원부터 시작하세요. 오늘 수익률 40% 인증! 앱 설치: hxxp://smart-invest-app-418.top/6413,"공식 앱스토어가 아닌 링크로 앱 설치 유도, 초기 소액 출금으로 신뢰 형성 후 거액 유도",기존 스팸 유형 패턴을 참고해 새로 생성한 예시(합성)
3220,1,스팸_사기,광고성스팸,불법도박광고,SMS,"[황금성] 첫충 40% 이벤트! 신규가입시 최대 20만원 지급, 지금 가입: hxxp://코리아벳-240.com/2266",불법 온라인 도박 사이트 가입 유도 광고,기존 스팸 유형 패턴을 참고해 새로 생성한 예시(합성)
3221,1,스팸_사기,광고성스팸,불법대출광고,SMS,"[희망캐피탈] 신용조회 없이 당일 승인, 최대 500만원. 문의 1588-2195-7705","미등록 대부업체의 저금리 대출 광고, 개인정보 수집 후 고금리 편취 위험",기존 스팸 유형 패턴을 참고해 새로 생성한 예시(합성)
3222,1,스팸_사기,광고성스팸,불법대출광고,SMS,"[국민든든대부] 신용조회 없이 당일 승인, 최대 70만원. 문의 050-7038-5578","미등록 대부업체의 저금리 대출 광고, 개인정보 수집 후 고금리 편취 위험",기존 스팸 유형 패턴을 참고해 새로 생성한 예시(합성)
3223,1,스팸_사기,사기_보이스피싱,검찰_금감원사칭,SMS,여기는 관할 경찰서입니다. 귀하 명의 계좌가 범죄에 연루되어 수사가 진행 중입니다. 자산보호를 위해 대출받은 7000만원을 안전계좌로 즉시 이체하셔야 합니다.,수사기관 사칭으로 공포심을 조성해 금전 이체를 유도하는 전형적 보이스피싱 수법,기존 스팸 유형 패턴을 참고해 새로 생성한 예시(합성)
3224,1,스팸_사기,광고성스팸,불법대출광고,SMS,"[조은대부] 신용조회 없이 당일 승인, 최대 300만원. 문의 070-8927-8085","미등록 대부업체의 저금리 대출 광고, 개인정보 수집 후 고금리 편취 위험",기존 스팸 유형 패턴을 참고해 새로 생성한 예시(합성)
3225,1,스팸_사기,악성_해킹시도,청첩장_부고장사칭_스미싱,SMS,[초대장 도착] 장례식 청첩장를 보내드립니다. hxxp://mcard-invite-169.xyz/4466에서 열어보세요,모바일 청첩장/부고장을 가장한 악성 링크로 스미싱 유도,기존 스팸 유형 패턴을 참고해 새로 생성한 예시(합성)
3226,1,스팸_사기,가짜채용,허위구인_체크카드요구,SMS,[채용안내] 지원하신 단순노무 자리 안내드립니다. 업무 전 본인확인 위해 체크카드 사진과 비밀번호를 먼저 보내주세요.,"채용을 빙자해 체크카드 정보를 요구, 금융사기에 이용될 위험",기존 스팸 유형 패턴을 참고해 새로 생성한 예시(합성)
3227,1,스팸_사기,악성_해킹시도,공공기관사칭_스미싱,SMS,[환경부과태료75] 2024년 5월 위반사실 통지서가 발송되었습니다. 조회: hxxp://gov-check-418.top/4624,공공기관을 사칭한 허위 고지서로 악성 링크 클릭 유도,기존 스팸 유형 패턴을 참고해 새로 생성한 예시(합성)
3228,1,스팸_사기,광고성스팸,불법도박광고,SMS,"[슈퍼토토] 첫충 40% 이벤트! 신규가입시 최대 200만원 지급, 지금 가입: hxxp://슈퍼토토-143.site/3203",불법 온라인 도박 사이트 가입 유도 광고,기존 스팸 유형 패턴을 참고해 새로 생성한 예시(합성)
3229,1,스팸_사기,사기_보이스피싱,검찰_금감원사칭,SMS,여기는 관할 경찰서입니다. 귀하 명의 계좌가 범죄에 연루되어 수사가 진행 중입니다. 자산보호를 위해 대출받은 10만원을 안전계좌로 즉시 이체하셔야 합니다.,수사기관 사칭으로 공포심을 조성해 금전 이체를 유도하는 전형적 보이스피싱 수법,기존 스팸 유형 패턴을 참고해 새로 생성한 예시(합성)
3230,1,스팸_사기,가짜채용,통장대여_이체알바,SMS,"[단기알바] 명의 계좌 대여, 심부름 1건당 500만원. 텔레그램 @job280","본인 명의 계좌를 대여받아 대포통장으로 악용, 이체 심부름은 자금세탁에 이용될 위험",기존 스팸 유형 패턴을 참고해 새로 생성한 예시(합성)
3231,1,스팸_사기,악성_해킹시도,카드발급사칭_스미싱,SMS,고객님 명의로 카카오뱅크 카드가 신규 발급 신청되었습니다. 본인이 아니라면 즉시 확인 hxxp://card-verify-kr-155.site/2325,"신청한 적 없는 카드 발급 안내, 확인을 명목으로 악성 링크 클릭 유도",기존 스팸 유형 패턴을 참고해 새로 생성한 예시(합성)
3232,1,스팸_사기,악성_해킹시도,카드발급사칭_스미싱,SMS,고객님 명의로 국민은행 카드가 신규 발급 신청되었습니다. 본인이 아니라면 즉시 확인 hxxp://card-verify-kr-702.xyz/9328,"신청한 적 없는 카드 발급 안내, 확인을 명목으로 악성 링크 클릭 유도",기존 스팸 유형 패턴을 참고해 새로 생성한 예시(합성)
3233,1,스팸_사기,악성_해킹시도,공공기관사칭_스미싱,SMS,[국세청체납21] 2026년 9월 위반사실 통지서가 발송되었습니다. 조회: hxxp://gov-check-430.site/3501,공공기관을 사칭한 허위 고지서로 악성 링크 클릭 유도,기존 스팸 유형 패턴을 참고해 새로 생성한 예시(합성)
3234,1,스팸_사기,광고성스팸,불법도박광고,SMS,"[황금성] 첫충 95% 이벤트! 신규가입시 최대 100만원 지급, 지금 가입: hxxp://슈퍼토토-760.site/1759",불법 온라인 도박 사이트 가입 유도 광고,기존 스팸 유형 패턴을 참고해 새로 생성한 예시(합성)
3235,1,스팸_사기,악성_해킹시도,청첩장_부고장사칭_스미싱,SMS,[초대장 도착] 돌잔치 청첩장를 보내드립니다. hxxp://mcard-invite-707.com/5262에서 열어보세요,모바일 청첩장/부고장을 가장한 악성 링크로 스미싱 유도,기존 스팸 유형 패턴을 참고해 새로 생성한 예시(합성)
3236,1,스팸_사기,악성_해킹시도,공공기관사칭_스미싱,SMS,[국세청체납55] 2024년 1월 위반사실 통지서가 발송되었습니다. 조회: hxxp://gov-check-413.xyz/4243,공공기관을 사칭한 허위 고지서로 악성 링크 클릭 유도,기존 스팸 유형 패턴을 참고해 새로 생성한 예시(합성)
3237,1,스팸_사기,사기_투자로맨스,투자리딩방,SMS,"[마스터리딩방] 삼성자산운용(사칭) 마스터 리딩방입니다. 전문가 실시간 매수/매도 신호 제공, 이번 주 수익률 50% 인증 종목 공개! 무료 입장: hxxp://leading-room-465.net/6351","검증되지 않은 수익률 인증, 무료를 미끼로 유료 리딩방 유입 유도",기존 스팸 유형 패턴을 참고해 새로 생성한 예시(합성)
3238,1,스팸_사기,가짜채용,현금수거책_고액알바,SMS,단순 심부름 업무로 일당 5000만원 드립니다. 인천 인근 지정 장소에서 현금이 든 쇼핑백을 수거해 전달만 하시면 됩니다. 경력/면접 없이 바로 시작 가능,현금 수거/전달책으로 이용해 보이스피싱 자금 인출책(대포통장 및 현금 전달) 가담 유도,기존 스팸 유형 패턴을 참고해 새로 생성한 예시(합성)
3239,1,스팸_사기,사기_투자로맨스,투자리딩방,SMS,"[마스터리딩방] 한국투자리딩(사칭) 마스터 리딩방입니다. 전문가 실시간 매수/매도 신호 제공, 이번 주 수익률 40% 인증 종목 공개! 무료 입장: hxxp://leading-room-767.com/9170","검증되지 않은 수익률 인증, 무료를 미끼로 유료 리딩방 유입 유도",기존 스팸 유형 패턴을 참고해 새로 생성한 예시(합성)
3240,1,스팸_사기,악성_해킹시도,카드발급사칭_스미싱,SMS,고객님 명의로 케이뱅크 카드가 신규 발급 신청되었습니다. 본인이 아니라면 즉시 확인 hxxp://card-verify-kr-963.com/9930,"신청한 적 없는 카드 발급 안내, 확인을 명목으로 악성 링크 클릭 유도",기존 스팸 유형 패턴을 참고해 새로 생성한 예시(합성)
3241,1,스팸_사기,광고성스팸,불법도박광고,SMS,"[슈퍼토토] 첫충 30% 이벤트! 신규가입시 최대 700만원 지급, 지금 가입: hxxp://로얄카지노-206.com/2638",불법 온라인 도박 사이트 가입 유도 광고,기존 스팸 유형 패턴을 참고해 새로 생성한 예시(합성)
3242,1,스팸_사기,가짜채용,재택부업_리뷰알바사기,SMS,"📋 재택으로 상품 리뷰만 작성하면 건당 6,85100원! 하루 43분 투자로 월 20만원 가능합니다. 카톡 문의 @job690",고수익을 미끼로 선입금이나 개인정보를 요구하는 재택부업 사기,기존 스팸 유형 패턴을 참고해 새로 생성한 예시(합성)
3243,1,스팸_사기,사기_투자로맨스,가짜투자앱유도,SMS,[리딩방] 저희 한국투자리딩(사칭) 전용 앱으로 150만원부터 시작하세요. 오늘 수익률 80% 인증! 앱 설치: hxxp://stock-genius-app-631.net/1064,"공식 앱스토어가 아닌 링크로 앱 설치 유도, 초기 소액 출금으로 신뢰 형성 후 거액 유도",기존 스팸 유형 패턴을 참고해 새로 생성한 예시(합성)
3244,1,스팸_사기,광고성스팸,불법대출광고,SMS,"[국민든든대부] 신용조회 없이 당일 승인, 최대 7000만원. 문의 050-1705-9226","미등록 대부업체의 저금리 대출 광고, 개인정보 수집 후 고금리 편취 위험",기존 스팸 유형 패턴을 참고해 새로 생성한 예시(합성)
3245,1,스팸_사기,사기_투자로맨스,가짜투자앱유도,SMS,[전문가리딩] 저희 코스피마스터 전용 앱으로 10만원부터 시작하세요. 오늘 수익률 95% 인증! 앱 설치: hxxp://profit-lead-app-288.xyz/9871,"공식 앱스토어가 아닌 링크로 앱 설치 유도, 초기 소액 출금으로 신뢰 형성 후 거액 유도",기존 스팸 유형 패턴을 참고해 새로 생성한 예시(합성)
3246,1,스팸_사기,사기_투자로맨스,투자리딩방,SMS,"[마스터리딩방] 한국투자리딩(사칭) 마스터 리딩방입니다. 전문가 실시간 매수/매도 신호 제공, 이번 주 수익률 40% 인증 종목 공개! 무료 입장: hxxp://leading-room-426.site/5964","검증되지 않은 수익률 인증, 무료를 미끼로 유료 리딩방 유입 유도",기존 스팸 유형 패턴을 참고해 새로 생성한 예시(합성)
3247,1,스팸_사기,광고성스팸,로또번호_추천광고,SMS,"[로또신] 이번 주 2등 당첨번호 무료공개! 7회 연속 적중 기록, 확인은 hxxp://로또마스터-726.xyz/1465","확인 불가능한 당첨 이력 주장, 개인정보 입력 후 유료 결제로 유도하는 경우 많음",기존 스팸 유형 패턴을 참고해 새로 생성한 예시(합성)
3248,1,스팸_사기,광고성스팸,불법대출광고,SMS,"[직장인우대론] 신용조회 없이 당일 승인, 최대 10만원. 문의 1544-6888-7795","미등록 대부업체의 저금리 대출 광고, 개인정보 수집 후 고금리 편취 위험",기존 스팸 유형 패턴을 참고해 새로 생성한 예시(합성)
3249,1,스팸_사기,광고성스팸,불법도박광고,SMS,"[코리아벳] 첫충 50% 이벤트! 신규가입시 최대 50만원 지급, 지금 가입: hxxp://머니킹-170.kr/2505",불법 온라인 도박 사이트 가입 유도 광고,기존 스팸 유형 패턴을 참고해 새로 생성한 예시(합성)
3250,1,스팸_사기,악성_해킹시도,택배사칭_스미싱,SMS,[마켓컬리물류센터] 송장번호(2718326619) 부재중으로 반송 예정입니다. 확인: hxxp://마켓컬리물류센터-461.net/2429,가짜 배송 조회 링크로 악성 앱 설치 또는 개인정보 입력 유도,기존 스팸 유형 패턴을 참고해 새로 생성한 예시(합성)
3251,1,스팸_사기,악성_해킹시도,공공기관사칭_스미싱,SMS,[국세청체납39] 2024년 3월 위반사실 통지서가 발송되었습니다. 조회: hxxp://gov-check-343.site/9492,공공기관을 사칭한 허위 고지서로 악성 링크 클릭 유도,기존 스팸 유형 패턴을 참고해 새로 생성한 예시(합성)
3252,1,스팸_사기,사기_투자로맨스,가짜투자앱유도,SMS,[리딩방] 저희 코스피마스터 전용 앱으로 300만원부터 시작하세요. 오늘 수익률 95% 인증! 앱 설치: hxxp://trade-master-app-947.com/8355,"공식 앱스토어가 아닌 링크로 앱 설치 유도, 초기 소액 출금으로 신뢰 형성 후 거액 유도",기존 스팸 유형 패턴을 참고해 새로 생성한 예시(합성)
3253,1,스팸_사기,악성_해킹시도,공공기관사칭_스미싱,SMS,[경찰청교통민원36] 2025년 11월 위반사실 통지서가 발송되었습니다. 조회: hxxp://gov-check-969.net/7692,공공기관을 사칭한 허위 고지서로 악성 링크 클릭 유도,기존 스팸 유형 패턴을 참고해 새로 생성한 예시(합성)
3254,1,스팸_사기,사기_투자로맨스,투자리딩방,SMS,"[마스터리딩방] 블록체인마스터스 마스터 리딩방입니다. 전문가 실시간 매수/매도 신호 제공, 이번 주 수익률 40% 인증 종목 공개! 무료 입장: hxxp://leading-room-398.xyz/2840","검증되지 않은 수익률 인증, 무료를 미끼로 유료 리딩방 유입 유도",기존 스팸 유형 패턴을 참고해 새로 생성한 예시(합성)
3255,1,스팸_사기,사기_투자로맨스,가짜투자앱유도,SMS,[전문가리딩] 저희 글로벌인베스트 전용 앱으로 7000만원부터 시작하세요. 오늘 수익률 90% 인증! 앱 설치: hxxp://trade-master-app-891.top/2304,"공식 앱스토어가 아닌 링크로 앱 설치 유도, 초기 소액 출금으로 신뢰 형성 후 거액 유도",기존 스팸 유형 패턴을 참고해 새로 생성한 예시(합성)
3256,1,스팸_사기,광고성스팸,로또번호_추천광고,SMS,"[황금열쇠] 이번 주 3등 당첨번호 무료공개! 2회 연속 적중 기록, 확인은 hxxp://당첨왕-254.top/3141","확인 불가능한 당첨 이력 주장, 개인정보 입력 후 유료 결제로 유도하는 경우 많음",기존 스팸 유형 패턴을 참고해 새로 생성한 예시(합성)
3257,1,스팸_사기,사기_투자로맨스,투자리딩방,SMS,"[마스터리딩방] 글로벌인베스트 마스터 리딩방입니다. 전문가 실시간 매수/매도 신호 제공, 이번 주 수익률 80% 인증 종목 공개! 무료 입장: hxxp://leading-room-425.kr/9535","검증되지 않은 수익률 인증, 무료를 미끼로 유료 리딩방 유입 유도",기존 스팸 유형 패턴을 참고해 새로 생성한 예시(합성)
3258,1,스팸_사기,가짜채용,재택부업_리뷰알바사기,SMS,"📋 재택으로 상품 리뷰만 작성하면 건당 1,24200원! 하루 31분 투자로 월 700만원 가능합니다. 카톡 문의 @job733",고수익을 미끼로 선입금이나 개인정보를 요구하는 재택부업 사기,기존 스팸 유형 패턴을 참고해 새로 생성한 예시(합성)
3259,1,스팸_사기,사기_투자로맨스,투자리딩방,SMS,"[마스터리딩방] 글로벌인베스트 마스터 리딩방입니다. 전문가 실시간 매수/매도 신호 제공, 이번 주 수익률 40% 인증 종목 공개! 무료 입장: hxxp://leading-room-734.kr/3802","검증되지 않은 수익률 인증, 무료를 미끼로 유료 리딩방 유입 유도",기존 스팸 유형 패턴을 참고해 새로 생성한 예시(합성)
3260,1,스팸_사기,사기_투자로맨스,가짜투자앱유도,SMS,[리딩방] 저희 블록체인마스터스 전용 앱으로 30만원부터 시작하세요. 오늘 수익률 50% 인증! 앱 설치: hxxp://stock-genius-app-187.com/7584,"공식 앱스토어가 아닌 링크로 앱 설치 유도, 초기 소액 출금으로 신뢰 형성 후 거액 유도",기존 스팸 유형 패턴을 참고해 새로 생성한 예시(합성)
3261,1,스팸_사기,사기_보이스피싱,검찰_금감원사칭,SMS,여기는 서울중앙지검입니다. 귀하 명의 계좌가 범죄에 연루되어 수사가 진행 중입니다. 자산보호를 위해 대출받은 2000만원을 안전계좌로 즉시 이체하셔야 합니다.,수사기관 사칭으로 공포심을 조성해 금전 이체를 유도하는 전형적 보이스피싱 수법,기존 스팸 유형 패턴을 참고해 새로 생성한 예시(합성)
3262,1,스팸_사기,사기_보이스피싱,소액결제사칭,SMS,"[Web발신] 80,000원 결제승인 알림, 부정사용 의심시 070-2885-8382 문의","실제 결제하지 않은 내역을 안내해 불안감을 유발, 가짜 고객센터 연결 유도",기존 스팸 유형 패턴을 참고해 새로 생성한 예시(합성)
3264,1,스팸_사기,악성_해킹시도,청첩장_부고장사칭_스미싱,SMS,[초대장 도착] 결혼식 청첩장를 보내드립니다. hxxp://mcard-invite-286.xyz/5308에서 열어보세요,모바일 청첩장/부고장을 가장한 악성 링크로 스미싱 유도,기존 스팸 유형 패턴을 참고해 새로 생성한 예시(합성)
3265,1,스팸_사기,광고성스팸,불법도박광고,SMS,"[대박토토] 첫충 99% 이벤트! 신규가입시 최대 150만원 지급, 지금 가입: hxxp://대박토토-147.xyz/2536",불법 온라인 도박 사이트 가입 유도 광고,기존 스팸 유형 패턴을 참고해 새로 생성한 예시(합성)
3266,1,스팸_사기,사기_보이스피싱,검찰_금감원사칭,SMS,여기는 관할 경찰서입니다. 귀하 명의 계좌가 범죄에 연루되어 수사가 진행 중입니다. 자산보호를 위해 대출받은 5000만원을 안전계좌로 즉시 이체하셔야 합니다.,수사기관 사칭으로 공포심을 조성해 금전 이체를 유도하는 전형적 보이스피싱 수법,기존 스팸 유형 패턴을 참고해 새로 생성한 예시(합성)
3267,1,스팸_사기,가짜채용,현금수거책_고액알바,SMS,단순 심부름 업무로 일당 10000만원 드립니다. 인천 인근 지정 장소에서 현금이 든 쇼핑백을 수거해 전달만 하시면 됩니다. 경력/면접 없이 바로 시작 가능,현금 수거/전달책으로 이용해 보이스피싱 자금 인출책(대포통장 및 현금 전달) 가담 유도,기존 스팸 유형 패턴을 참고해 새로 생성한 예시(합성)
3268,1,스팸_사기,사기_보이스피싱,검찰_금감원사칭,SMS,여기는 금융결제원(사칭)입니다. 귀하 명의 계좌가 범죄에 연루되어 수사가 진행 중입니다. 자산보호를 위해 대출받은 100만원을 안전계좌로 즉시 이체하셔야 합니다.,수사기관 사칭으로 공포심을 조성해 금전 이체를 유도하는 전형적 보이스피싱 수법,기존 스팸 유형 패턴을 참고해 새로 생성한 예시(합성)
3269,1,스팸_사기,사기_투자로맨스,투자리딩방,SMS,"[마스터리딩방] 한국투자리딩(사칭) 마스터 리딩방입니다. 전문가 실시간 매수/매도 신호 제공, 이번 주 수익률 99% 인증 종목 공개! 무료 입장: hxxp://leading-room-496.site/3987","검증되지 않은 수익률 인증, 무료를 미끼로 유료 리딩방 유입 유도",기존 스팸 유형 패턴을 참고해 새로 생성한 예시(합성)
3270,1,스팸_사기,악성_해킹시도,택배사칭_스미싱,SMS,[옥션물류센터] 송장번호(8528189012) 결제 정보 확인이 필요합니다. 확인: hxxp://옥션물류센터-846.site/2452,가짜 배송 조회 링크로 악성 앱 설치 또는 개인정보 입력 유도,기존 스팸 유형 패턴을 참고해 새로 생성한 예시(합성)
3271,1,스팸_사기,사기_투자로맨스,가짜투자앱유도,SMS,[리딩방] 저희 프리미엄에셋(사칭) 전용 앱으로 1000만원부터 시작하세요. 오늘 수익률 40% 인증! 앱 설치: hxxp://invest-vip-app-872.xyz/7650,"공식 앱스토어가 아닌 링크로 앱 설치 유도, 초기 소액 출금으로 신뢰 형성 후 거액 유도",기존 스팸 유형 패턴을 참고해 새로 생성한 예시(합성)
3272,1,스팸_사기,광고성스팸,불법대출광고,SMS,"[국민든든대부] 신용조회 없이 당일 승인, 최대 5000만원. 문의 070-6201-7817","미등록 대부업체의 저금리 대출 광고, 개인정보 수집 후 고금리 편취 위험",기존 스팸 유형 패턴을 참고해 새로 생성한 예시(합성)
3273,1,스팸_사기,악성_해킹시도,카드발급사칭_스미싱,SMS,고객님 명의로 케이뱅크 카드가 신규 발급 신청되었습니다. 본인이 아니라면 즉시 확인 hxxp://card-verify-kr-820.com/5451,"신청한 적 없는 카드 발급 안내, 확인을 명목으로 악성 링크 클릭 유도",기존 스팸 유형 패턴을 참고해 새로 생성한 예시(합성)
3274,1,스팸_사기,악성_해킹시도,청첩장_부고장사칭_스미싱,SMS,소중한 분의 장례식 소식을 전해드립니다. 모바일 청첩장 링크: hxxp://mcard-invite-418.site/8867,모바일 청첩장/부고장을 가장한 악성 링크로 스미싱 유도,기존 스팸 유형 패턴을 참고해 새로 생성한 예시(합성)
3275,1,스팸_사기,광고성스팸,불법대출광고,SMS,"[희망캐피탈] 신용조회 없이 당일 승인, 최대 10000만원. 문의 070-5403-9019","미등록 대부업체의 저금리 대출 광고, 개인정보 수집 후 고금리 편취 위험",기존 스팸 유형 패턴을 참고해 새로 생성한 예시(합성)
3276,1,스팸_사기,악성_해킹시도,청첩장_부고장사칭_스미싱,SMS,장례식 안내드립니다. 참석 여부와 함께 청첩장를 확인해주세요: hxxp://mcard-invite-783.site/8503,모바일 청첩장/부고장을 가장한 악성 링크로 스미싱 유도,기존 스팸 유형 패턴을 참고해 새로 생성한 예시(합성)
3277,1,스팸_사기,광고성스팸,로또번호_추천광고,SMS,"[당첨왕] 이번 주 2등 당첨번호 무료공개! 2회 연속 적중 기록, 확인은 hxxp://로또신-259.xyz/4929","확인 불가능한 당첨 이력 주장, 개인정보 입력 후 유료 결제로 유도하는 경우 많음",기존 스팸 유형 패턴을 참고해 새로 생성한 예시(합성)
3278,1,스팸_사기,광고성스팸,로또번호_추천광고,SMS,"[복권천재] 이번 주 2등 당첨번호 무료공개! 7회 연속 적중 기록, 확인은 hxxp://복권천재-332.site/6010","확인 불가능한 당첨 이력 주장, 개인정보 입력 후 유료 결제로 유도하는 경우 많음",기존 스팸 유형 패턴을 참고해 새로 생성한 예시(합성)
3279,1,스팸_사기,사기_보이스피싱,검찰_금감원사칭,SMS,여기는 경찰청 사이버수사대(사칭)입니다. 귀하 명의 계좌가 범죄에 연루되어 수사가 진행 중입니다. 자산보호를 위해 대출받은 3000만원을 안전계좌로 즉시 이체하셔야 합니다.,수사기관 사칭으로 공포심을 조성해 금전 이체를 유도하는 전형적 보이스피싱 수법,기존 스팸 유형 패턴을 참고해 새로 생성한 예시(합성)
3281,1,스팸_사기,악성_해킹시도,카드발급사칭_스미싱,SMS,고객님 명의로 케이뱅크 카드가 신규 발급 신청되었습니다. 본인이 아니라면 즉시 확인 hxxp://card-verify-kr-930.site/7388,"신청한 적 없는 카드 발급 안내, 확인을 명목으로 악성 링크 클릭 유도",기존 스팸 유형 패턴을 참고해 새로 생성한 예시(합성)
3282,1,스팸_사기,악성_해킹시도,택배사칭_스미싱,SMS,[무신사물류센터] 송장번호(2784622906) 결제 정보 확인이 필요합니다. 확인: hxxp://무신사물류센터-525.top/6359,가짜 배송 조회 링크로 악성 앱 설치 또는 개인정보 입력 유도,기존 스팸 유형 패턴을 참고해 새로 생성한 예시(합성)
3283,1,스팸_사기,악성_해킹시도,카드발급사칭_스미싱,SMS,고객님 명의로 농협은행 카드가 신규 발급 신청되었습니다. 본인이 아니라면 즉시 확인 hxxp://card-verify-kr-988.kr/5418,"신청한 적 없는 카드 발급 안내, 확인을 명목으로 악성 링크 클릭 유도",기존 스팸 유형 패턴을 참고해 새로 생성한 예시(합성)
3285,1,스팸_사기,악성_해킹시도,카드발급사칭_스미싱,SMS,고객님 명의로 우리은행 카드가 신규 발급 신청되었습니다. 본인이 아니라면 즉시 확인 hxxp://card-verify-kr-693.site/9678,"신청한 적 없는 카드 발급 안내, 확인을 명목으로 악성 링크 클릭 유도",기존 스팸 유형 패턴을 참고해 새로 생성한 예시(합성)
3286,1,스팸_사기,악성_해킹시도,카드발급사칭_스미싱,SMS,고객님 명의로 기업은행 카드가 신규 발급 신청되었습니다. 본인이 아니라면 즉시 확인 hxxp://card-verify-kr-166.top/8966,"신청한 적 없는 카드 발급 안내, 확인을 명목으로 악성 링크 클릭 유도",기존 스팸 유형 패턴을 참고해 새로 생성한 예시(합성)
3287,1,스팸_사기,사기_투자로맨스,가짜투자앱유도,SMS,[VIP투자방] 저희 블록체인마스터스 전용 앱으로 7000만원부터 시작하세요. 오늘 수익률 60% 인증! 앱 설치: hxxp://profit-lead-app-153.site/7339,"공식 앱스토어가 아닌 링크로 앱 설치 유도, 초기 소액 출금으로 신뢰 형성 후 거액 유도",기존 스팸 유형 패턴을 참고해 새로 생성한 예시(합성)
3288,1,스팸_사기,사기_투자로맨스,가짜투자앱유도,SMS,[리딩방] 저희 글로벌인베스트 전용 앱으로 200만원부터 시작하세요. 오늘 수익률 80% 인증! 앱 설치: hxxp://smart-invest-app-790.kr/9943,"공식 앱스토어가 아닌 링크로 앱 설치 유도, 초기 소액 출금으로 신뢰 형성 후 거액 유도",기존 스팸 유형 패턴을 참고해 새로 생성한 예시(합성)
3289,1,스팸_사기,악성_해킹시도,택배사칭_스미싱,SMS,[티몬물류센터] 송장번호(3716827995) 통관 절차가 지연되고 있습니다. 확인: hxxp://티몬물류센터-318.kr/5919,가짜 배송 조회 링크로 악성 앱 설치 또는 개인정보 입력 유도,기존 스팸 유형 패턴을 참고해 새로 생성한 예시(합성)
3290,1,스팸_사기,사기_보이스피싱,검찰_금감원사칭,SMS,여기는 서울중앙지검입니다. 귀하 명의 계좌가 범죄에 연루되어 수사가 진행 중입니다. 자산보호를 위해 대출받은 50만원을 안전계좌로 즉시 이체하셔야 합니다.,수사기관 사칭으로 공포심을 조성해 금전 이체를 유도하는 전형적 보이스피싱 수법,기존 스팸 유형 패턴을 참고해 새로 생성한 예시(합성)
3291,1,스팸_사기,광고성스팸,불법대출광고,SMS,"[희망캐피탈] 신용조회 없이 당일 승인, 최대 70만원. 문의 070-2278-7441","미등록 대부업체의 저금리 대출 광고, 개인정보 수집 후 고금리 편취 위험",기존 스팸 유형 패턴을 참고해 새로 생성한 예시(합성)
3292,1,스팸_사기,광고성스팸,로또번호_추천광고,SMS,"[로또신] 이번 주 3등 당첨번호 무료공개! 2회 연속 적중 기록, 확인은 hxxp://황금열쇠-201.net/9890","확인 불가능한 당첨 이력 주장, 개인정보 입력 후 유료 결제로 유도하는 경우 많음",기존 스팸 유형 패턴을 참고해 새로 생성한 예시(합성)
3293,1,스팸_사기,사기_보이스피싱,검찰_금감원사칭,SMS,여기는 서울중앙지검입니다. 귀하 명의 계좌가 범죄에 연루되어 수사가 진행 중입니다. 자산보호를 위해 대출받은 5000만원을 안전계좌로 즉시 이체하셔야 합니다.,수사기관 사칭으로 공포심을 조성해 금전 이체를 유도하는 전형적 보이스피싱 수법,기존 스팸 유형 패턴을 참고해 새로 생성한 예시(합성)
3294,1,스팸_사기,가짜채용,통장대여_이체알바,SMS,"[재택알바] 본인 명의 계좌만 빌려주시면 건당 5000만원, 이체 심부름 알바 구합니다. 텔레그램 연락 @job529","본인 명의 계좌를 대여받아 대포통장으로 악용, 이체 심부름은 자금세탁에 이용될 위험",기존 스팸 유형 패턴을 참고해 새로 생성한 예시(합성)
3295,1,스팸_사기,악성_해킹시도,택배사칭_스미싱,SMS,[무신사물류센터] 송장번호(5610011077) 부재중으로 반송 예정입니다. 확인: hxxp://무신사물류센터-726.com/6594,가짜 배송 조회 링크로 악성 앱 설치 또는 개인정보 입력 유도,기존 스팸 유형 패턴을 참고해 새로 생성한 예시(합성)
3296,1,스팸_사기,광고성스팸,로또번호_추천광고,SMS,"[로또신] 이번 주 3등 당첨번호 무료공개! 5회 연속 적중 기록, 확인은 hxxp://로또마스터-410.net/6356","확인 불가능한 당첨 이력 주장, 개인정보 입력 후 유료 결제로 유도하는 경우 많음",기존 스팸 유형 패턴을 참고해 새로 생성한 예시(합성)
3297,1,스팸_사기,악성_해킹시도,공공기관사칭_스미싱,SMS,[환경부과태료73] 2025년 4월 위반사실 통지서가 발송되었습니다. 조회: hxxp://gov-check-775.xyz/2903,공공기관을 사칭한 허위 고지서로 악성 링크 클릭 유도,기존 스팸 유형 패턴을 참고해 새로 생성한 예시(합성)
3298,1,스팸_사기,사기_보이스피싱,소액결제사칭,SMS,"[Web발신] 930,000원 결제승인 알림, 부정사용 의심시 050-8110-6274 문의","실제 결제하지 않은 내역을 안내해 불안감을 유발, 가짜 고객센터 연결 유도",기존 스팸 유형 패턴을 참고해 새로 생성한 예시(합성)
3299,1,스팸_사기,사기_투자로맨스,투자리딩방,SMS,"[마스터리딩방] 한국투자리딩(사칭) 마스터 리딩방입니다. 전문가 실시간 매수/매도 신호 제공, 이번 주 수익률 80% 인증 종목 공개! 무료 입장: hxxp://leading-room-397.xyz/1287","검증되지 않은 수익률 인증, 무료를 미끼로 유료 리딩방 유입 유도",기존 스팸 유형 패턴을 참고해 새로 생성한 예시(합성)
3300,1,스팸_사기,악성_해킹시도,택배사칭_스미싱,SMS,[쿠팡물류센터] 송장번호(1131356072) 통관 절차가 지연되고 있습니다. 확인: hxxp://쿠팡물류센터-348.com/3222,가짜 배송 조회 링크로 악성 앱 설치 또는 개인정보 입력 유도,기존 스팸 유형 패턴을 참고해 새로 생성한 예시(합성)
3301,1,스팸_사기,사기_보이스피싱,검찰_금감원사칭,SMS,여기는 서울중앙지검입니다. 귀하 명의 계좌가 범죄에 연루되어 수사가 진행 중입니다. 자산보호를 위해 대출받은 1500만원을 안전계좌로 즉시 이체하셔야 합니다.,수사기관 사칭으로 공포심을 조성해 금전 이체를 유도하는 전형적 보이스피싱 수법,기존 스팸 유형 패턴을 참고해 새로 생성한 예시(합성)
3302,1,스팸_사기,광고성스팸,로또번호_추천광고,SMS,"[로또마스터] 이번 주 3등 당첨번호 무료공개! 7회 연속 적중 기록, 확인은 hxxp://황금열쇠-353.com/8207","확인 불가능한 당첨 이력 주장, 개인정보 입력 후 유료 결제로 유도하는 경우 많음",기존 스팸 유형 패턴을 참고해 새로 생성한 예시(합성)
3303,1,스팸_사기,광고성스팸,불법도박광고,SMS,"[황금성] 첫충 70% 이벤트! 신규가입시 최대 10000만원 지급, 지금 가입: hxxp://로얄카지노-159.com/8894",불법 온라인 도박 사이트 가입 유도 광고,기존 스팸 유형 패턴을 참고해 새로 생성한 예시(합성)
3304,1,스팸_사기,사기_투자로맨스,투자리딩방,SMS,"[마스터리딩방] 프리미엄에셋(사칭) 마스터 리딩방입니다. 전문가 실시간 매수/매도 신호 제공, 이번 주 수익률 30% 인증 종목 공개! 무료 입장: hxxp://leading-room-194.net/6623","검증되지 않은 수익률 인증, 무료를 미끼로 유료 리딩방 유입 유도",기존 스팸 유형 패턴을 참고해 새로 생성한 예시(합성)
3305,1,스팸_사기,사기_보이스피싱,가족지인사칭_메신저피싱,SMS,형 나 폰이 고장나서 AS 맡겨서 임시폰이야. 확인할 결제내역이 있는데 대신 좀 해줄 수 있어? 신분증이랑 계좌번호도 같이 보내줘,"지인/가족을 사칭해 긴급 상황을 연출, 개인정보와 금전을 요구",기존 스팸 유형 패턴을 참고해 새로 생성한 예시(합성)
3306,1,스팸_사기,악성_해킹시도,택배사칭_스미싱,SMS,[옥션물류센터] 송장번호(2611440940) 통관 절차가 지연되고 있습니다. 확인: hxxp://옥션물류센터-966.net/3398,가짜 배송 조회 링크로 악성 앱 설치 또는 개인정보 입력 유도,기존 스팸 유형 패턴을 참고해 새로 생성한 예시(합성)
3307,1,스팸_사기,광고성스팸,로또번호_추천광고,SMS,"[당첨왕] 이번 주 1등 당첨번호 무료공개! 3회 연속 적중 기록, 확인은 hxxp://로또마스터-303.top/4465","확인 불가능한 당첨 이력 주장, 개인정보 입력 후 유료 결제로 유도하는 경우 많음",기존 스팸 유형 패턴을 참고해 새로 생성한 예시(합성)
3308,1,스팸_사기,악성_해킹시도,청첩장_부고장사칭_스미싱,SMS,OOO님으로부터 결혼식 청첩장가 도착했습니다. 확인: hxxp://mcard-invite-197.top/7303,모바일 청첩장/부고장을 가장한 악성 링크로 스미싱 유도,기존 스팸 유형 패턴을 참고해 새로 생성한 예시(합성)
3309,1,스팸_사기,사기_투자로맨스,가짜투자앱유도,SMS,[리딩방] 저희 코스피마스터 전용 앱으로 50만원부터 시작하세요. 오늘 수익률 30% 인증! 앱 설치: hxxp://profit-lead-app-808.site/9010,"공식 앱스토어가 아닌 링크로 앱 설치 유도, 초기 소액 출금으로 신뢰 형성 후 거액 유도",기존 스팸 유형 패턴을 참고해 새로 생성한 예시(합성)
3310,1,스팸_사기,사기_보이스피싱,검찰_금감원사칭,SMS,여기는 금융결제원(사칭)입니다. 귀하 명의 계좌가 범죄에 연루되어 수사가 진행 중입니다. 자산보호를 위해 대출받은 500만원을 안전계좌로 즉시 이체하셔야 합니다.,수사기관 사칭으로 공포심을 조성해 금전 이체를 유도하는 전형적 보이스피싱 수법,기존 스팸 유형 패턴을 참고해 새로 생성한 예시(합성)
3311,1,스팸_사기,사기_보이스피싱,검찰_금감원사칭,SMS,여기는 서울중앙지검입니다. 귀하 명의 계좌가 범죄에 연루되어 수사가 진행 중입니다. 자산보호를 위해 대출받은 150만원을 안전계좌로 즉시 이체하셔야 합니다.,수사기관 사칭으로 공포심을 조성해 금전 이체를 유도하는 전형적 보이스피싱 수법,기존 스팸 유형 패턴을 참고해 새로 생성한 예시(합성)
3312,1,스팸_사기,광고성스팸,불법대출광고,SMS,"[조은대부] 신용조회 없이 당일 승인, 최대 1000만원. 문의 02-4648-8847","미등록 대부업체의 저금리 대출 광고, 개인정보 수집 후 고금리 편취 위험",기존 스팸 유형 패턴을 참고해 새로 생성한 예시(합성)
3313,1,스팸_사기,사기_투자로맨스,투자리딩방,SMS,"[마스터리딩방] 글로벌인베스트 마스터 리딩방입니다. 전문가 실시간 매수/매도 신호 제공, 이번 주 수익률 40% 인증 종목 공개! 무료 입장: hxxp://leading-room-388.kr/8731","검증되지 않은 수익률 인증, 무료를 미끼로 유료 리딩방 유입 유도",기존 스팸 유형 패턴을 참고해 새로 생성한 예시(합성)
3314,1,스팸_사기,광고성스팸,로또번호_추천광고,SMS,"[로또신] 이번 주 1등 당첨번호 무료공개! 7회 연속 적중 기록, 확인은 hxxp://로또마스터-924.xyz/3698","확인 불가능한 당첨 이력 주장, 개인정보 입력 후 유료 결제로 유도하는 경우 많음",기존 스팸 유형 패턴을 참고해 새로 생성한 예시(합성)
3316,1,스팸_사기,광고성스팸,불법도박광고,SMS,"[로얄카지노] 첫충 90% 이벤트! 신규가입시 최대 20만원 지급, 지금 가입: hxxp://대박토토-282.site/6400",불법 온라인 도박 사이트 가입 유도 광고,기존 스팸 유형 패턴을 참고해 새로 생성한 예시(합성)
3317,1,스팸_사기,광고성스팸,불법도박광고,SMS,"[프리미엄카지노] 첫충 99% 이벤트! 신규가입시 최대 1500만원 지급, 지금 가입: hxxp://로얄카지노-530.top/5527",불법 온라인 도박 사이트 가입 유도 광고,기존 스팸 유형 패턴을 참고해 새로 생성한 예시(합성)
3318,1,스팸_사기,악성_해킹시도,택배사칭_스미싱,SMS,[옥션물류센터] 송장번호(3374175370) 결제 정보 확인이 필요합니다. 확인: hxxp://옥션물류센터-733.top/8443,가짜 배송 조회 링크로 악성 앱 설치 또는 개인정보 입력 유도,기존 스팸 유형 패턴을 참고해 새로 생성한 예시(합성)
3319,1,스팸_사기,악성_해킹시도,택배사칭_스미싱,SMS,[SSG닷컴물류센터] 송장번호(5741824387) 통관 절차가 지연되고 있습니다. 확인: hxxp://SSG닷컴물류센터-783.site/5660,가짜 배송 조회 링크로 악성 앱 설치 또는 개인정보 입력 유도,기존 스팸 유형 패턴을 참고해 새로 생성한 예시(합성)
3320,1,스팸_사기,사기_보이스피싱,소액결제사칭,SMS,"[결제알림] 900,000원 승인 완료. 본인 사용이 아니면 아래 번호로 즉시 연락주세요 1588-3983-3222","실제 결제하지 않은 내역을 안내해 불안감을 유발, 가짜 고객센터 연결 유도",기존 스팸 유형 패턴을 참고해 새로 생성한 예시(합성)
3321,1,스팸_사기,사기_보이스피싱,검찰_금감원사칭,SMS,여기는 금융감독원입니다. 귀하 명의 계좌가 범죄에 연루되어 수사가 진행 중입니다. 자산보호를 위해 대출받은 500만원을 안전계좌로 즉시 이체하셔야 합니다.,수사기관 사칭으로 공포심을 조성해 금전 이체를 유도하는 전형적 보이스피싱 수법,기존 스팸 유형 패턴을 참고해 새로 생성한 예시(합성)
3322,1,스팸_사기,악성_해킹시도,택배사칭_스미싱,SMS,[SSG닷컴물류센터] 송장번호(1978076580) 통관 절차가 지연되고 있습니다. 확인: hxxp://SSG닷컴물류센터-429.site/9920,가짜 배송 조회 링크로 악성 앱 설치 또는 개인정보 입력 유도,기존 스팸 유형 패턴을 참고해 새로 생성한 예시(합성)
3323,1,스팸_사기,사기_투자로맨스,가짜투자앱유도,SMS,[리딩방] 저희 한국투자리딩(사칭) 전용 앱으로 100만원부터 시작하세요. 오늘 수익률 70% 인증! 앱 설치: hxxp://trade-master-app-989.site/7153,"공식 앱스토어가 아닌 링크로 앱 설치 유도, 초기 소액 출금으로 신뢰 형성 후 거액 유도",기존 스팸 유형 패턴을 참고해 새로 생성한 예시(합성)
3324,0,정상,정상,학교공지,SMS,[한빛중학교] 겨울방학 안내: 방학식은 이번 달 마지막 주 금요일입니다.,해당없음(정상 메시지),"학교공지 다양성 보강 (Claude 생성, 합성 데이터)"
3325,0,정상,정상,학교공지,SMS,[은평초등학교] 교내 방역수칙 강화 안내: 발열 시 등교를 자제해 주세요.,해당없음(정상 메시지),"학교공지 다양성 보강 (Claude 생성, 합성 데이터)"
3326,0,정상,정상,학교공지,SMS,[대성고등학교] 다음 주 월요일은 현장체험학습으로 정상 등교시간이 변경됩니다.,해당없음(정상 메시지),"학교공지 다양성 보강 (Claude 생성, 합성 데이터)"
3327,0,정상,정상,학교공지,SMS,[한빛중학교] 다음 주 월요일은 현장체험학습으로 정상 등교시간이 변경됩니다.,해당없음(정상 메시지),"학교공지 다양성 보강 (Claude 생성, 합성 데이터)"
3328,0,정상,정상,학교공지,SMS,[행복초등학교] 11월 16일 급식 메뉴가 변경되었습니다. 알림장 앱에서 확인해주세요.,해당없음(정상 메시지),"학교공지 다양성 보강 (Claude 생성, 합성 데이터)"
3329,0,정상,정상,학교공지,SMS,[대성고등학교] 5월 17일 급식 메뉴가 변경되었습니다. 알림장 앱에서 확인해주세요.,해당없음(정상 메시지),"학교공지 다양성 보강 (Claude 생성, 합성 데이터)"
3330,0,정상,정상,학교공지,SMS,[대성고등학교] 시험기간 안내: 4월 18일부터 1주일간 단축수업입니다.,해당없음(정상 메시지),"학교공지 다양성 보강 (Claude 생성, 합성 데이터)"
3331,0,정상,정상,학교공지,SMS,[행복초등학교] 7월 22일은 체육대회로 정상 수업이 진행되지 않습니다.,해당없음(정상 메시지),"학교공지 다양성 보강 (Claude 생성, 합성 데이터)"
3332,0,정상,정상,학교공지,SMS,[은평초등학교] 준비물 안내: 내일 미술 시간에 색연필을 가져와 주세요.,해당없음(정상 메시지),"학교공지 다양성 보강 (Claude 생성, 합성 데이터)"
3333,0,정상,정상,학교공지,SMS,[OO초등학교] 교내 방역수칙 강화 안내: 발열 시 등교를 자제해 주세요.,해당없음(정상 메시지),"학교공지 다양성 보강 (Claude 생성, 합성 데이터)"
3334,0,정상,정상,학교공지,SMS,[은평초등학교] 겨울방학 안내: 방학식은 이번 달 마지막 주 금요일입니다.,해당없음(정상 메시지),"학교공지 다양성 보강 (Claude 생성, 합성 데이터)"
3335,0,정상,정상,학교공지,SMS,[행복초등학교] 등하교 시간이 4월부터 30분 조정됩니다. 가정통신문을 참고해주세요.,해당없음(정상 메시지),"학교공지 다양성 보강 (Claude 생성, 합성 데이터)"
3336,0,정상,정상,학교공지,SMS,[OO초등학교] 겨울방학 안내: 방학식은 이번 달 마지막 주 금요일입니다.,해당없음(정상 메시지),"학교공지 다양성 보강 (Claude 생성, 합성 데이터)"
3337,0,정상,정상,학교공지,SMS,[OO초등학교] 졸업식은 2월 17일 오전 10시 강당에서 진행됩니다.,해당없음(정상 메시지),"학교공지 다양성 보강 (Claude 생성, 합성 데이터)"
3338,0,정상,정상,학교공지,SMS,[행복초등학교] 11월 16일은 체육대회로 정상 수업이 진행되지 않습니다.,해당없음(정상 메시지),"학교공지 다양성 보강 (Claude 생성, 합성 데이터)"
3339,0,정상,정상,학교공지,SMS,[행복초등학교] 소풍 안내: 3월 24일 인근 공원으로 현장학습을 갑니다.,해당없음(정상 메시지),"학교공지 다양성 보강 (Claude 생성, 합성 데이터)"
3340,0,정상,정상,학교공지,SMS,[대성고등학교] 등하교 시간이 8월부터 30분 조정됩니다. 가정통신문을 참고해주세요.,해당없음(정상 메시지),"학교공지 다양성 보강 (Claude 생성, 합성 데이터)"
3341,0,정상,정상,학교공지,SMS,[한빛중학교] 시험기간 안내: 4월 4일부터 1주일간 단축수업입니다.,해당없음(정상 메시지),"학교공지 다양성 보강 (Claude 생성, 합성 데이터)"
3342,0,정상,정상,학교공지,SMS,[OO초등학교] 시험기간 안내: 6월 14일부터 1주일간 단축수업입니다.,해당없음(정상 메시지),"학교공지 다양성 보강 (Claude 생성, 합성 데이터)"
3343,0,정상,정상,학교공지,SMS,[한빛중학교] 준비물 안내: 내일 미술 시간에 색연필을 가져와 주세요.,해당없음(정상 메시지),"학교공지 다양성 보강 (Claude 생성, 합성 데이터)"
3344,0,정상,정상,학교공지,SMS,[은평초등학교] 다음 주 월요일은 현장체험학습으로 정상 등교시간이 변경됩니다.,해당없음(정상 메시지),"학교공지 다양성 보강 (Claude 생성, 합성 데이터)"
3345,0,정상,정상,학교공지,SMS,[행복초등학교] 소풍 안내: 8월 5일 인근 공원으로 현장학습을 갑니다.,해당없음(정상 메시지),"학교공지 다양성 보강 (Claude 생성, 합성 데이터)"
3346,0,정상,정상,학교공지,SMS,[한빛중학교] 5월 15일 급식 메뉴가 변경되었습니다. 알림장 앱에서 확인해주세요.,해당없음(정상 메시지),"학교공지 다양성 보강 (Claude 생성, 합성 데이터)"
3347,0,정상,정상,학교공지,SMS,[행복초등학교] 다음 주 월요일은 현장체험학습으로 정상 등교시간이 변경됩니다.,해당없음(정상 메시지),"학교공지 다양성 보강 (Claude 생성, 합성 데이터)"
3348,0,정상,정상,학교공지,SMS,[대성고등학교] 겨울방학 안내: 방학식은 이번 달 마지막 주 금요일입니다.,해당없음(정상 메시지),"학교공지 다양성 보강 (Claude 생성, 합성 데이터)"
3349,0,정상,정상,학교공지,SMS,[행복초등학교] 7월 16일 급식 메뉴가 변경되었습니다. 알림장 앱에서 확인해주세요.,해당없음(정상 메시지),"학교공지 다양성 보강 (Claude 생성, 합성 데이터)"
3350,0,정상,정상,학교공지,SMS,[한빛중학교] 교내 방역수칙 강화 안내: 발열 시 등교를 자제해 주세요.,해당없음(정상 메시지),"학교공지 다양성 보강 (Claude 생성, 합성 데이터)"
3351,0,정상,정상,학교공지,SMS,[행복초등학교] 시험기간 안내: 1월 13일부터 1주일간 단축수업입니다.,해당없음(정상 메시지),"학교공지 다양성 보강 (Claude 생성, 합성 데이터)"
3352,0,정상,정상,학교공지,SMS,[대성고등학교] 준비물 안내: 내일 미술 시간에 색연필을 가져와 주세요.,해당없음(정상 메시지),"학교공지 다양성 보강 (Claude 생성, 합성 데이터)"
3353,0,정상,정상,학교공지,SMS,[대성고등학교] 소풍 안내: 3월 2일 인근 공원으로 현장학습을 갑니다.,해당없음(정상 메시지),"학교공지 다양성 보강 (Claude 생성, 합성 데이터)"
3354,0,정상,정상,학교공지,SMS,[행복초등학교] 시험기간 안내: 2월 19일부터 1주일간 단축수업입니다.,해당없음(정상 메시지),"학교공지 다양성 보강 (Claude 생성, 합성 데이터)"
3355,0,정상,정상,학교공지,SMS,[행복초등학교] 등하교 시간이 10월부터 30분 조정됩니다. 가정통신문을 참고해주세요.,해당없음(정상 메시지),"학교공지 다양성 보강 (Claude 생성, 합성 데이터)"
3356,0,정상,정상,학교공지,SMS,[대성고등학교] 등하교 시간이 9월부터 30분 조정됩니다. 가정통신문을 참고해주세요.,해당없음(정상 메시지),"학교공지 다양성 보강 (Claude 생성, 합성 데이터)"
3357,0,정상,정상,학교공지,SMS,[행복초등학교] 8월 11일은 체육대회로 정상 수업이 진행되지 않습니다.,해당없음(정상 메시지),"학교공지 다양성 보강 (Claude 생성, 합성 데이터)"
3358,0,정상,정상,학교공지,SMS,[행복초등학교] 소풍 안내: 5월 5일 인근 공원으로 현장학습을 갑니다.,해당없음(정상 메시지),"학교공지 다양성 보강 (Claude 생성, 합성 데이터)"
3359,0,정상,정상,학교공지,SMS,[은평초등학교] 8월 27일 급식 메뉴가 변경되었습니다. 알림장 앱에서 확인해주세요.,해당없음(정상 메시지),"학교공지 다양성 보강 (Claude 생성, 합성 데이터)"
3360,0,정상,정상,학교공지,SMS,[대성고등학교] 10월 26일은 체육대회로 정상 수업이 진행되지 않습니다.,해당없음(정상 메시지),"학교공지 다양성 보강 (Claude 생성, 합성 데이터)"
3361,0,정상,정상,학교공지,SMS,[대성고등학교] 11월 4일은 체육대회로 정상 수업이 진행되지 않습니다.,해당없음(정상 메시지),"학교공지 다양성 보강 (Claude 생성, 합성 데이터)"
3362,0,정상,정상,학교공지,SMS,[행복초등학교] 2월 4일은 체육대회로 정상 수업이 진행되지 않습니다.,해당없음(정상 메시지),"학교공지 다양성 보강 (Claude 생성, 합성 데이터)"
3363,0,정상,정상,학교공지,SMS,[대성고등학교] 5월 10일 급식 메뉴가 변경되었습니다. 알림장 앱에서 확인해주세요.,해당없음(정상 메시지),"학교공지 다양성 보강 (Claude 생성, 합성 데이터)"
3364,0,정상,정상,학교공지,SMS,[대성고등학교] 교내 방역수칙 강화 안내: 발열 시 등교를 자제해 주세요.,해당없음(정상 메시지),"학교공지 다양성 보강 (Claude 생성, 합성 데이터)"
3365,0,정상,정상,학교공지,SMS,[행복초등학교] 9월 16일은 체육대회로 정상 수업이 진행되지 않습니다.,해당없음(정상 메시지),"학교공지 다양성 보강 (Claude 생성, 합성 데이터)"
3366,0,정상,정상,학교공지,SMS,[한빛중학교] 1월 1일은 체육대회로 정상 수업이 진행되지 않습니다.,해당없음(정상 메시지),"학교공지 다양성 보강 (Claude 생성, 합성 데이터)"
3367,0,정상,정상,학교공지,SMS,[은평초등학교] 11월 9일 급식 메뉴가 변경되었습니다. 알림장 앱에서 확인해주세요.,해당없음(정상 메시지),"학교공지 다양성 보강 (Claude 생성, 합성 데이터)"
3368,0,정상,정상,정상택배안내,SMS,[CJ대한통운] 오늘 배송 예정입니다. 부재 시 경비실에 맡겨드립니다.,해당없음(정상 메시지),"정상택배안내 다양성 보강 (Claude 생성, 합성 데이터)"
3369,0,정상,정상,정상택배안내,SMS,[우체국택배] 교환 처리가 완료되어 새 상품을 발송했습니다. 송장번호: 354050883222,해당없음(정상 메시지),"정상택배안내 다양성 보강 (Claude 생성, 합성 데이터)"
3370,0,정상,정상,정상택배안내,SMS,[롯데택배] 오늘 배송 예정입니다. 부재 시 경비실에 맡겨드립니다.,해당없음(정상 메시지),"정상택배안내 다양성 보강 (Claude 생성, 합성 데이터)"
3371,0,정상,정상,정상택배안내,SMS,[롯데택배] 배송지 주소 확인이 필요합니다. 앱에서 주소를 재확인해주세요.,해당없음(정상 메시지),"정상택배안내 다양성 보강 (Claude 생성, 합성 데이터)"
3372,0,정상,정상,정상택배안내,SMS,[CJ대한통운] 부재중으로 재배송 예정입니다. 배송 희망 시간을 다시 선택해주세요.,해당없음(정상 메시지),"정상택배안내 다양성 보강 (Claude 생성, 합성 데이터)"
3373,0,정상,정상,정상택배안내,SMS,[CJ대한통운] 교환 처리가 완료되어 새 상품을 발송했습니다. 송장번호: 427928307068,해당없음(정상 메시지),"정상택배안내 다양성 보강 (Claude 생성, 합성 데이터)"
3374,0,정상,정상,정상택배안내,SMS,[한진택배] 배송지 주소 확인이 필요합니다. 앱에서 주소를 재확인해주세요.,해당없음(정상 메시지),"정상택배안내 다양성 보강 (Claude 생성, 합성 데이터)"
3375,0,정상,정상,정상택배안내,SMS,[CJ대한통운] 배송지 주소 확인이 필요합니다. 앱에서 주소를 재확인해주세요.,해당없음(정상 메시지),"정상택배안내 다양성 보강 (Claude 생성, 합성 데이터)"
3376,0,정상,정상,정상택배안내,SMS,[한진택배] 상품이 배송 지연되고 있습니다. 양해 부탁드립니다. 예상 도착일: 5월 13일,해당없음(정상 메시지),"정상택배안내 다양성 보강 (Claude 생성, 합성 데이터)"
3377,0,정상,정상,정상택배안내,SMS,[롯데택배] 반품 접수가 완료되었습니다. 수거 예정일은 6월 25일입니다.,해당없음(정상 메시지),"정상택배안내 다양성 보강 (Claude 생성, 합성 데이터)"
3378,0,정상,정상,정상택배안내,SMS,[우체국택배] 배송지 주소 확인이 필요합니다. 앱에서 주소를 재확인해주세요.,해당없음(정상 메시지),"정상택배안내 다양성 보강 (Claude 생성, 합성 데이터)"
3379,0,정상,정상,정상택배안내,SMS,[CJ대한통운] 교환 처리가 완료되어 새 상품을 발송했습니다. 송장번호: 620233157780,해당없음(정상 메시지),"정상택배안내 다양성 보강 (Claude 생성, 합성 데이터)"
3380,0,정상,정상,정상택배안내,SMS,[CJ대한통운] 교환 처리가 완료되어 새 상품을 발송했습니다. 송장번호: 382177053424,해당없음(정상 메시지),"정상택배안내 다양성 보강 (Claude 생성, 합성 데이터)"
3381,0,정상,정상,정상택배안내,SMS,[우체국택배] 부재중으로 재배송 예정입니다. 배송 희망 시간을 다시 선택해주세요.,해당없음(정상 메시지),"정상택배안내 다양성 보강 (Claude 생성, 합성 데이터)"
3382,0,정상,정상,정상택배안내,SMS,[우체국택배] 교환 처리가 완료되어 새 상품을 발송했습니다. 송장번호: 317819329568,해당없음(정상 메시지),"정상택배안내 다양성 보강 (Claude 생성, 합성 데이터)"
3383,0,정상,정상,정상택배안내,SMS,[CJ대한통운] 교환 처리가 완료되어 새 상품을 발송했습니다. 송장번호: 368981957930,해당없음(정상 메시지),"정상택배안내 다양성 보강 (Claude 생성, 합성 데이터)"
3384,0,정상,정상,정상택배안내,SMS,[CJ대한통운] 교환 처리가 완료되어 새 상품을 발송했습니다. 송장번호: 570439558680,해당없음(정상 메시지),"정상택배안내 다양성 보강 (Claude 생성, 합성 데이터)"
3385,0,정상,정상,정상택배안내,SMS,[우체국택배] 상품이 배송 지연되고 있습니다. 양해 부탁드립니다. 예상 도착일: 9월 21일,해당없음(정상 메시지),"정상택배안내 다양성 보강 (Claude 생성, 합성 데이터)"
3386,0,정상,정상,정상택배안내,SMS,[우체국택배] 교환 처리가 완료되어 새 상품을 발송했습니다. 송장번호: 613177714207,해당없음(정상 메시지),"정상택배안내 다양성 보강 (Claude 생성, 합성 데이터)"
3387,0,정상,정상,정상택배안내,SMS,[롯데택배] 반품 접수가 완료되었습니다. 수거 예정일은 1월 16일입니다.,해당없음(정상 메시지),"정상택배안내 다양성 보강 (Claude 생성, 합성 데이터)"
3388,0,정상,정상,정상택배안내,SMS,[우체국택배] 반품 접수가 완료되었습니다. 수거 예정일은 10월 23일입니다.,해당없음(정상 메시지),"정상택배안내 다양성 보강 (Claude 생성, 합성 데이터)"
3389,0,정상,정상,정상택배안내,SMS,[CJ대한통운] 교환 처리가 완료되어 새 상품을 발송했습니다. 송장번호: 891310598800,해당없음(정상 메시지),"정상택배안내 다양성 보강 (Claude 생성, 합성 데이터)"
3390,0,정상,정상,정상택배안내,SMS,[CJ대한통운] 상품이 배송 지연되고 있습니다. 양해 부탁드립니다. 예상 도착일: 5월 8일,해당없음(정상 메시지),"정상택배안내 다양성 보강 (Claude 생성, 합성 데이터)"
3391,0,정상,정상,정상택배안내,SMS,[한진택배] 반품 접수가 완료되었습니다. 수거 예정일은 11월 19일입니다.,해당없음(정상 메시지),"정상택배안내 다양성 보강 (Claude 생성, 합성 데이터)"
3392,1,스팸_사기,사기_보이스피싱,소액결제사칭,SMS,"[삼성카드] 게임아이템거래소에서 170,000원 정기결제 예정입니다. 취소는 1580-5961로 문의","허위 소액결제 문자로 불안감 조성 후 사기범이 안내하는 번호로 유도, 실제 결제 내역 없음","소액결제사칭 다양성 보강 (Claude 생성, 합성 데이터)"
3393,1,스팸_사기,사기_보이스피싱,소액결제사칭,SMS,"[승인알림] 해외직구사이트 90,000원 결제가 완료되었습니다. 본인이 아니라면 고객센터로 문의하세요 1591-8498","허위 소액결제 문자로 불안감 조성 후 사기범이 안내하는 번호로 유도, 실제 결제 내역 없음","소액결제사칭 다양성 보강 (Claude 생성, 합성 데이터)"
3394,1,스팸_사기,사기_보이스피싱,소액결제사칭,SMS,"[하나카드] 게임아이템거래소에서 140,000원 정기결제 예정입니다. 취소는 1510-6372로 문의","허위 소액결제 문자로 불안감 조성 후 사기범이 안내하는 번호로 유도, 실제 결제 내역 없음","소액결제사칭 다양성 보강 (Claude 생성, 합성 데이터)"
3395,1,스팸_사기,사기_보이스피싱,소액결제사칭,SMS,"[우리카드] OTT플랫폼에서 50,000원 정기결제 예정입니다. 취소는 1577-3513로 문의","허위 소액결제 문자로 불안감 조성 후 사기범이 안내하는 번호로 유도, 실제 결제 내역 없음","소액결제사칭 다양성 보강 (Claude 생성, 합성 데이터)"
3396,1,스팸_사기,사기_보이스피싱,소액결제사칭,SMS,"[하나카드] 해외 승인 510,000원. 본인 사용이 아니라면 즉시 신고하세요 1569-8756","허위 소액결제 문자로 불안감 조성 후 사기범이 안내하는 번호로 유도, 실제 결제 내역 없음","소액결제사칭 다양성 보강 (Claude 생성, 합성 데이터)"
3397,1,스팸_사기,사기_보이스피싱,소액결제사칭,SMS,"[승인알림] 해외직구사이트 470,000원 결제가 완료되었습니다. 본인이 아니라면 고객센터로 문의하세요 1565-4673","허위 소액결제 문자로 불안감 조성 후 사기범이 안내하는 번호로 유도, 실제 결제 내역 없음","소액결제사칭 다양성 보강 (Claude 생성, 합성 데이터)"
3398,1,스팸_사기,사기_보이스피싱,소액결제사칭,SMS,"[승인알림] OTT플랫폼 80,000원 결제가 완료되었습니다. 본인이 아니라면 고객센터로 문의하세요 1515-9488","허위 소액결제 문자로 불안감 조성 후 사기범이 안내하는 번호로 유도, 실제 결제 내역 없음","소액결제사칭 다양성 보강 (Claude 생성, 합성 데이터)"
3399,1,스팸_사기,사기_보이스피싱,소액결제사칭,SMS,"[하나카드] 해외 승인 150,000원. 본인 사용이 아니라면 즉시 신고하세요 1503-4048","허위 소액결제 문자로 불안감 조성 후 사기범이 안내하는 번호로 유도, 실제 결제 내역 없음","소액결제사칭 다양성 보강 (Claude 생성, 합성 데이터)"
3400,1,스팸_사기,사기_보이스피싱,소액결제사칭,SMS,"[우리카드] 게임아이템거래소에서 480,000원 정기결제 예정입니다. 취소는 1556-2259로 문의","허위 소액결제 문자로 불안감 조성 후 사기범이 안내하는 번호로 유도, 실제 결제 내역 없음","소액결제사칭 다양성 보강 (Claude 생성, 합성 데이터)"
3401,1,스팸_사기,사기_보이스피싱,소액결제사칭,SMS,"[우리카드] 해외 승인 160,000원. 본인 사용이 아니라면 즉시 신고하세요 1517-2213","허위 소액결제 문자로 불안감 조성 후 사기범이 안내하는 번호로 유도, 실제 결제 내역 없음","소액결제사칭 다양성 보강 (Claude 생성, 합성 데이터)"
3402,1,스팸_사기,사기_보이스피싱,소액결제사칭,SMS,"[국민은행] 온라인쇼핑몰에서 400,000원 정기결제 예정입니다. 취소는 1550-8842로 문의","허위 소액결제 문자로 불안감 조성 후 사기범이 안내하는 번호로 유도, 실제 결제 내역 없음","소액결제사칭 다양성 보강 (Claude 생성, 합성 데이터)"
3403,1,스팸_사기,사기_보이스피싱,소액결제사칭,SMS,"[승인알림] 구독서비스 480,000원 결제가 완료되었습니다. 본인이 아니라면 고객센터로 문의하세요 1566-5369","허위 소액결제 문자로 불안감 조성 후 사기범이 안내하는 번호로 유도, 실제 결제 내역 없음","소액결제사칭 다양성 보강 (Claude 생성, 합성 데이터)"
3404,1,스팸_사기,사기_보이스피싱,소액결제사칭,SMS,"[삼성카드] 해외 승인 720,000원. 본인 사용이 아니라면 즉시 신고하세요 1515-5288","허위 소액결제 문자로 불안감 조성 후 사기범이 안내하는 번호로 유도, 실제 결제 내역 없음","소액결제사칭 다양성 보강 (Claude 생성, 합성 데이터)"
3405,1,스팸_사기,사기_보이스피싱,소액결제사칭,SMS,"[삼성카드] 온라인쇼핑몰에서 650,000원 정기결제 예정입니다. 취소는 1582-3762로 문의","허위 소액결제 문자로 불안감 조성 후 사기범이 안내하는 번호로 유도, 실제 결제 내역 없음","소액결제사칭 다양성 보강 (Claude 생성, 합성 데이터)"
3406,1,스팸_사기,사기_보이스피싱,소액결제사칭,SMS,"[승인알림] 구독서비스 470,000원 결제가 완료되었습니다. 본인이 아니라면 고객센터로 문의하세요 1565-3621","허위 소액결제 문자로 불안감 조성 후 사기범이 안내하는 번호로 유도, 실제 결제 내역 없음","소액결제사칭 다양성 보강 (Claude 생성, 합성 데이터)"
3407,1,스팸_사기,사기_보이스피싱,소액결제사칭,SMS,"[롯데카드] 구독서비스에서 280,000원 정기결제 예정입니다. 취소는 1578-5678로 문의","허위 소액결제 문자로 불안감 조성 후 사기범이 안내하는 번호로 유도, 실제 결제 내역 없음","소액결제사칭 다양성 보강 (Claude 생성, 합성 데이터)"
3408,1,스팸_사기,사기_보이스피싱,소액결제사칭,SMS,"[롯데카드] 해외 승인 500,000원. 본인 사용이 아니라면 즉시 신고하세요 1543-4060","허위 소액결제 문자로 불안감 조성 후 사기범이 안내하는 번호로 유도, 실제 결제 내역 없음","소액결제사칭 다양성 보강 (Claude 생성, 합성 데이터)"
3409,1,스팸_사기,사기_보이스피싱,소액결제사칭,SMS,"[우리카드] 해외 승인 740,000원. 본인 사용이 아니라면 즉시 신고하세요 1509-3053","허위 소액결제 문자로 불안감 조성 후 사기범이 안내하는 번호로 유도, 실제 결제 내역 없음","소액결제사칭 다양성 보강 (Claude 생성, 합성 데이터)"
3410,1,스팸_사기,사기_보이스피싱,소액결제사칭,SMS,"[하나카드] 해외 승인 210,000원. 본인 사용이 아니라면 즉시 신고하세요 1541-4694","허위 소액결제 문자로 불안감 조성 후 사기범이 안내하는 번호로 유도, 실제 결제 내역 없음","소액결제사칭 다양성 보강 (Claude 생성, 합성 데이터)"
3411,1,스팸_사기,사기_보이스피싱,소액결제사칭,SMS,"[신한카드] OTT플랫폼에서 470,000원 정기결제 예정입니다. 취소는 1550-6150로 문의","허위 소액결제 문자로 불안감 조성 후 사기범이 안내하는 번호로 유도, 실제 결제 내역 없음","소액결제사칭 다양성 보강 (Claude 생성, 합성 데이터)"
3412,1,스팸_사기,사기_보이스피싱,소액결제사칭,SMS,"[롯데카드] 해외 승인 580,000원. 본인 사용이 아니라면 즉시 신고하세요 1559-9476","허위 소액결제 문자로 불안감 조성 후 사기범이 안내하는 번호로 유도, 실제 결제 내역 없음","소액결제사칭 다양성 보강 (Claude 생성, 합성 데이터)"
3413,1,스팸_사기,사기_보이스피싱,소액결제사칭,SMS,"[하나카드] 해외 승인 60,000원. 본인 사용이 아니라면 즉시 신고하세요 1525-1686","허위 소액결제 문자로 불안감 조성 후 사기범이 안내하는 번호로 유도, 실제 결제 내역 없음","소액결제사칭 다양성 보강 (Claude 생성, 합성 데이터)"
3414,1,스팸_사기,사기_보이스피싱,소액결제사칭,SMS,"[롯데카드] 구독서비스에서 110,000원 정기결제 예정입니다. 취소는 1555-3956로 문의","허위 소액결제 문자로 불안감 조성 후 사기범이 안내하는 번호로 유도, 실제 결제 내역 없음","소액결제사칭 다양성 보강 (Claude 생성, 합성 데이터)"
3415,1,스팸_사기,사기_보이스피싱,소액결제사칭,SMS,"[승인알림] OTT플랫폼 560,000원 결제가 완료되었습니다. 본인이 아니라면 고객센터로 문의하세요 1535-1939","허위 소액결제 문자로 불안감 조성 후 사기범이 안내하는 번호로 유도, 실제 결제 내역 없음","소액결제사칭 다양성 보강 (Claude 생성, 합성 데이터)"
3416,1,스팸_사기,사기_보이스피싱,소액결제사칭,SMS,"[삼성카드] 게임아이템거래소에서 110,000원 정기결제 예정입니다. 취소는 1532-4216로 문의","허위 소액결제 문자로 불안감 조성 후 사기범이 안내하는 번호로 유도, 실제 결제 내역 없음","소액결제사칭 다양성 보강 (Claude 생성, 합성 데이터)"
3417,1,스팸_사기,사기_보이스피싱,소액결제사칭,SMS,"[승인알림] OTT플랫폼 820,000원 결제가 완료되었습니다. 본인이 아니라면 고객센터로 문의하세요 1575-3981","허위 소액결제 문자로 불안감 조성 후 사기범이 안내하는 번호로 유도, 실제 결제 내역 없음","소액결제사칭 다양성 보강 (Claude 생성, 합성 데이터)"
3418,1,스팸_사기,사기_보이스피싱,소액결제사칭,SMS,"[하나카드] 해외 승인 710,000원. 본인 사용이 아니라면 즉시 신고하세요 1569-5757","허위 소액결제 문자로 불안감 조성 후 사기범이 안내하는 번호로 유도, 실제 결제 내역 없음","소액결제사칭 다양성 보강 (Claude 생성, 합성 데이터)"
3419,1,스팸_사기,사기_보이스피싱,소액결제사칭,SMS,"[신한카드] 해외 승인 310,000원. 본인 사용이 아니라면 즉시 신고하세요 1563-1430","허위 소액결제 문자로 불안감 조성 후 사기범이 안내하는 번호로 유도, 실제 결제 내역 없음","소액결제사칭 다양성 보강 (Claude 생성, 합성 데이터)"
3420,1,스팸_사기,사기_보이스피싱,소액결제사칭,SMS,"[롯데카드] 구독서비스에서 450,000원 정기결제 예정입니다. 취소는 1557-1693로 문의","허위 소액결제 문자로 불안감 조성 후 사기범이 안내하는 번호로 유도, 실제 결제 내역 없음","소액결제사칭 다양성 보강 (Claude 생성, 합성 데이터)"
3421,1,스팸_사기,사기_보이스피싱,소액결제사칭,SMS,"[신한카드] 구독서비스에서 120,000원 정기결제 예정입니다. 취소는 1587-6236로 문의","허위 소액결제 문자로 불안감 조성 후 사기범이 안내하는 번호로 유도, 실제 결제 내역 없음","소액결제사칭 다양성 보강 (Claude 생성, 합성 데이터)"
3422,1,스팸_사기,사기_보이스피싱,소액결제사칭,SMS,"[국민은행] 해외직구사이트에서 370,000원 정기결제 예정입니다. 취소는 1545-1783로 문의","허위 소액결제 문자로 불안감 조성 후 사기범이 안내하는 번호로 유도, 실제 결제 내역 없음","소액결제사칭 다양성 보강 (Claude 생성, 합성 데이터)"
3423,1,스팸_사기,사기_보이스피싱,소액결제사칭,SMS,"[하나카드] 해외 승인 160,000원. 본인 사용이 아니라면 즉시 신고하세요 1547-8159","허위 소액결제 문자로 불안감 조성 후 사기범이 안내하는 번호로 유도, 실제 결제 내역 없음","소액결제사칭 다양성 보강 (Claude 생성, 합성 데이터)"
3424,1,스팸_사기,사기_보이스피싱,소액결제사칭,SMS,"[승인알림] 게임아이템거래소 580,000원 결제가 완료되었습니다. 본인이 아니라면 고객센터로 문의하세요 1577-7981","허위 소액결제 문자로 불안감 조성 후 사기범이 안내하는 번호로 유도, 실제 결제 내역 없음","소액결제사칭 다양성 보강 (Claude 생성, 합성 데이터)"
3425,1,스팸_사기,사기_보이스피싱,소액결제사칭,SMS,"[신한카드] 해외 승인 310,000원. 본인 사용이 아니라면 즉시 신고하세요 1599-7001","허위 소액결제 문자로 불안감 조성 후 사기범이 안내하는 번호로 유도, 실제 결제 내역 없음","소액결제사칭 다양성 보강 (Claude 생성, 합성 데이터)"
3426,1,스팸_사기,사기_보이스피싱,소액결제사칭,SMS,"[삼성카드] 해외직구사이트에서 220,000원 정기결제 예정입니다. 취소는 1584-6531로 문의","허위 소액결제 문자로 불안감 조성 후 사기범이 안내하는 번호로 유도, 실제 결제 내역 없음","소액결제사칭 다양성 보강 (Claude 생성, 합성 데이터)"
3427,1,스팸_사기,사기_보이스피싱,소액결제사칭,SMS,"[삼성카드] OTT플랫폼에서 480,000원 정기결제 예정입니다. 취소는 1559-3126로 문의","허위 소액결제 문자로 불안감 조성 후 사기범이 안내하는 번호로 유도, 실제 결제 내역 없음","소액결제사칭 다양성 보강 (Claude 생성, 합성 데이터)"
3428,1,스팸_사기,사기_보이스피싱,소액결제사칭,SMS,"[하나카드] 해외직구사이트에서 940,000원 정기결제 예정입니다. 취소는 1584-2698로 문의","허위 소액결제 문자로 불안감 조성 후 사기범이 안내하는 번호로 유도, 실제 결제 내역 없음","소액결제사칭 다양성 보강 (Claude 생성, 합성 데이터)"
3429,1,스팸_사기,사기_보이스피싱,소액결제사칭,SMS,"[하나카드] 해외직구사이트에서 880,000원 정기결제 예정입니다. 취소는 1559-8840로 문의","허위 소액결제 문자로 불안감 조성 후 사기범이 안내하는 번호로 유도, 실제 결제 내역 없음","소액결제사칭 다양성 보강 (Claude 생성, 합성 데이터)"
3430,1,스팸_사기,사기_보이스피싱,소액결제사칭,SMS,"[롯데카드] 게임아이템거래소에서 180,000원 정기결제 예정입니다. 취소는 1505-6772로 문의","허위 소액결제 문자로 불안감 조성 후 사기범이 안내하는 번호로 유도, 실제 결제 내역 없음","소액결제사칭 다양성 보강 (Claude 생성, 합성 데이터)"
3431,1,스팸_사기,사기_보이스피싱,소액결제사칭,SMS,"[승인알림] OTT플랫폼 870,000원 결제가 완료되었습니다. 본인이 아니라면 고객센터로 문의하세요 1600-8179","허위 소액결제 문자로 불안감 조성 후 사기범이 안내하는 번호로 유도, 실제 결제 내역 없음","소액결제사칭 다양성 보강 (Claude 생성, 합성 데이터)"
3432,1,스팸_사기,가짜채용,통장대여_이체알바,SMS,통장만 빌려주시면 건당 42만원 드립니다. 카카오톡로 연락주세요 @quickcash,"통장 대여는 전자금융거래법 위반, 텔레그램 등 익명 메신저로만 소통, 실제로는 보이스피싱 자금 세탁에 이용","통장대여_이체알바 다양성 보강 (Claude 생성, 합성 데이터)"
3433,1,스팸_사기,가짜채용,통장대여_이체알바,SMS,"명의 계좌 필요합니다. 이체만 도와주시면 일당 30만원, 텔레그램 문의 @parttime_kr","통장 대여는 전자금융거래법 위반, 텔레그램 등 익명 메신저로만 소통, 실제로는 보이스피싱 자금 세탁에 이용","통장대여_이체알바 다양성 보강 (Claude 생성, 합성 데이터)"
3434,1,스팸_사기,가짜채용,통장대여_이체알바,SMS,"명의 계좌 필요합니다. 이체만 도와주시면 일당 42만원, 카카오톡 문의 @sidejob99","통장 대여는 전자금융거래법 위반, 텔레그램 등 익명 메신저로만 소통, 실제로는 보이스피싱 자금 세탁에 이용","통장대여_이체알바 다양성 보강 (Claude 생성, 합성 데이터)"
3435,1,스팸_사기,가짜채용,통장대여_이체알바,SMS,"명의 계좌 필요합니다. 이체만 도와주시면 일당 28만원, 카카오톡 문의 @quickcash","통장 대여는 전자금융거래법 위반, 텔레그램 등 익명 메신저로만 소통, 실제로는 보이스피싱 자금 세탁에 이용","통장대여_이체알바 다양성 보강 (Claude 생성, 합성 데이터)"
3436,1,스팸_사기,가짜채용,통장대여_이체알바,SMS,"명의 계좌 필요합니다. 이체만 도와주시면 일당 14만원, 텔레그램 문의 @parttime_kr","통장 대여는 전자금융거래법 위반, 텔레그램 등 익명 메신저로만 소통, 실제로는 보이스피싱 자금 세탁에 이용","통장대여_이체알바 다양성 보강 (Claude 생성, 합성 데이터)"
3437,1,스팸_사기,가짜채용,통장대여_이체알바,SMS,"명의 계좌 필요합니다. 이체만 도와주시면 일당 44만원, 카카오톡 문의 @easyalba","통장 대여는 전자금융거래법 위반, 텔레그램 등 익명 메신저로만 소통, 실제로는 보이스피싱 자금 세탁에 이용","통장대여_이체알바 다양성 보강 (Claude 생성, 합성 데이터)"
3438,1,스팸_사기,가짜채용,통장대여_이체알바,SMS,"단순 입출금 알바 구합니다. 통장 대여 시 건당 19만원 지급, 텔레그램 @easyalba","통장 대여는 전자금융거래법 위반, 텔레그램 등 익명 메신저로만 소통, 실제로는 보이스피싱 자금 세탁에 이용","통장대여_이체알바 다양성 보강 (Claude 생성, 합성 데이터)"
3439,1,스팸_사기,가짜채용,통장대여_이체알바,SMS,"명의 계좌 필요합니다. 이체만 도와주시면 일당 22만원, 카카오톡 문의 @quickcash","통장 대여는 전자금융거래법 위반, 텔레그램 등 익명 메신저로만 소통, 실제로는 보이스피싱 자금 세탁에 이용","통장대여_이체알바 다양성 보강 (Claude 생성, 합성 데이터)"
3440,1,스팸_사기,가짜채용,통장대여_이체알바,SMS,"명의 계좌 필요합니다. 이체만 도와주시면 일당 14만원, 카카오톡 문의 @quickcash","통장 대여는 전자금융거래법 위반, 텔레그램 등 익명 메신저로만 소통, 실제로는 보이스피싱 자금 세탁에 이용","통장대여_이체알바 다양성 보강 (Claude 생성, 합성 데이터)"
3441,1,스팸_사기,가짜채용,통장대여_이체알바,SMS,"단순 입출금 알바 구합니다. 통장 대여 시 건당 29만원 지급, 카카오톡 @quickcash","통장 대여는 전자금융거래법 위반, 텔레그램 등 익명 메신저로만 소통, 실제로는 보이스피싱 자금 세탁에 이용","통장대여_이체알바 다양성 보강 (Claude 생성, 합성 데이터)"
3442,1,스팸_사기,가짜채용,통장대여_이체알바,SMS,통장만 빌려주시면 건당 25만원 드립니다. 텔레그램로 연락주세요 @moneyjob1,"통장 대여는 전자금융거래법 위반, 텔레그램 등 익명 메신저로만 소통, 실제로는 보이스피싱 자금 세탁에 이용","통장대여_이체알바 다양성 보강 (Claude 생성, 합성 데이터)"
3443,1,스팸_사기,가짜채용,통장대여_이체알바,SMS,"명의 계좌 필요합니다. 이체만 도와주시면 일당 40만원, 텔레그램 문의 @easyalba","통장 대여는 전자금융거래법 위반, 텔레그램 등 익명 메신저로만 소통, 실제로는 보이스피싱 자금 세탁에 이용","통장대여_이체알바 다양성 보강 (Claude 생성, 합성 데이터)"
3444,1,스팸_사기,가짜채용,통장대여_이체알바,SMS,통장만 빌려주시면 건당 30만원 드립니다. 카카오톡로 연락주세요 @sidejob99,"통장 대여는 전자금융거래법 위반, 텔레그램 등 익명 메신저로만 소통, 실제로는 보이스피싱 자금 세탁에 이용","통장대여_이체알바 다양성 보강 (Claude 생성, 합성 데이터)"
3445,1,스팸_사기,가짜채용,통장대여_이체알바,SMS,"단순 입출금 알바 구합니다. 통장 대여 시 건당 35만원 지급, 카카오톡 @easyalba","통장 대여는 전자금융거래법 위반, 텔레그램 등 익명 메신저로만 소통, 실제로는 보이스피싱 자금 세탁에 이용","통장대여_이체알바 다양성 보강 (Claude 생성, 합성 데이터)"
3446,1,스팸_사기,가짜채용,통장대여_이체알바,SMS,"단순 입출금 알바 구합니다. 통장 대여 시 건당 46만원 지급, 카카오톡 @parttime_kr","통장 대여는 전자금융거래법 위반, 텔레그램 등 익명 메신저로만 소통, 실제로는 보이스피싱 자금 세탁에 이용","통장대여_이체알바 다양성 보강 (Claude 생성, 합성 데이터)"
3447,1,스팸_사기,가짜채용,통장대여_이체알바,SMS,통장만 빌려주시면 건당 12만원 드립니다. 텔레그램로 연락주세요 @moneyjob1,"통장 대여는 전자금융거래법 위반, 텔레그램 등 익명 메신저로만 소통, 실제로는 보이스피싱 자금 세탁에 이용","통장대여_이체알바 다양성 보강 (Claude 생성, 합성 데이터)"
3448,1,스팸_사기,가짜채용,통장대여_이체알바,SMS,"단순 입출금 알바 구합니다. 통장 대여 시 건당 33만원 지급, 텔레그램 @parttime_kr","통장 대여는 전자금융거래법 위반, 텔레그램 등 익명 메신저로만 소통, 실제로는 보이스피싱 자금 세탁에 이용","통장대여_이체알바 다양성 보강 (Claude 생성, 합성 데이터)"
3449,1,스팸_사기,가짜채용,통장대여_이체알바,SMS,"명의 계좌 필요합니다. 이체만 도와주시면 일당 17만원, 카카오톡 문의 @quickcash","통장 대여는 전자금융거래법 위반, 텔레그램 등 익명 메신저로만 소통, 실제로는 보이스피싱 자금 세탁에 이용","통장대여_이체알바 다양성 보강 (Claude 생성, 합성 데이터)"
3450,1,스팸_사기,가짜채용,통장대여_이체알바,SMS,"명의 계좌 필요합니다. 이체만 도와주시면 일당 50만원, 텔레그램 문의 @quickcash","통장 대여는 전자금융거래법 위반, 텔레그램 등 익명 메신저로만 소통, 실제로는 보이스피싱 자금 세탁에 이용","통장대여_이체알바 다양성 보강 (Claude 생성, 합성 데이터)"
3451,1,스팸_사기,가짜채용,통장대여_이체알바,SMS,통장만 빌려주시면 건당 40만원 드립니다. 카카오톡로 연락주세요 @quickcash,"통장 대여는 전자금융거래법 위반, 텔레그램 등 익명 메신저로만 소통, 실제로는 보이스피싱 자금 세탁에 이용","통장대여_이체알바 다양성 보강 (Claude 생성, 합성 데이터)"
3452,1,스팸_사기,가짜채용,통장대여_이체알바,SMS,통장만 빌려주시면 건당 47만원 드립니다. 카카오톡로 연락주세요 @moneyjob1,"통장 대여는 전자금융거래법 위반, 텔레그램 등 익명 메신저로만 소통, 실제로는 보이스피싱 자금 세탁에 이용","통장대여_이체알바 다양성 보강 (Claude 생성, 합성 데이터)"
3453,1,스팸_사기,가짜채용,통장대여_이체알바,SMS,"명의 계좌 필요합니다. 이체만 도와주시면 일당 31만원, 카카오톡 문의 @quickcash","통장 대여는 전자금융거래법 위반, 텔레그램 등 익명 메신저로만 소통, 실제로는 보이스피싱 자금 세탁에 이용","통장대여_이체알바 다양성 보강 (Claude 생성, 합성 데이터)"
3454,1,스팸_사기,가짜채용,통장대여_이체알바,SMS,"단순 입출금 알바 구합니다. 통장 대여 시 건당 35만원 지급, 텔레그램 @quickcash","통장 대여는 전자금융거래법 위반, 텔레그램 등 익명 메신저로만 소통, 실제로는 보이스피싱 자금 세탁에 이용","통장대여_이체알바 다양성 보강 (Claude 생성, 합성 데이터)"
3455,1,스팸_사기,가짜채용,통장대여_이체알바,SMS,"명의 계좌 필요합니다. 이체만 도와주시면 일당 44만원, 카카오톡 문의 @quickcash","통장 대여는 전자금융거래법 위반, 텔레그램 등 익명 메신저로만 소통, 실제로는 보이스피싱 자금 세탁에 이용","통장대여_이체알바 다양성 보강 (Claude 생성, 합성 데이터)"
3456,1,스팸_사기,가짜채용,통장대여_이체알바,SMS,"명의 계좌 필요합니다. 이체만 도와주시면 일당 16만원, 카카오톡 문의 @parttime_kr","통장 대여는 전자금융거래법 위반, 텔레그램 등 익명 메신저로만 소통, 실제로는 보이스피싱 자금 세탁에 이용","통장대여_이체알바 다양성 보강 (Claude 생성, 합성 데이터)"
3457,1,스팸_사기,가짜채용,통장대여_이체알바,SMS,"단순 입출금 알바 구합니다. 통장 대여 시 건당 30만원 지급, 텔레그램 @sidejob99","통장 대여는 전자금융거래법 위반, 텔레그램 등 익명 메신저로만 소통, 실제로는 보이스피싱 자금 세탁에 이용","통장대여_이체알바 다양성 보강 (Claude 생성, 합성 데이터)"
3458,1,스팸_사기,가짜채용,통장대여_이체알바,SMS,통장만 빌려주시면 건당 42만원 드립니다. 카카오톡로 연락주세요 @parttime_kr,"통장 대여는 전자금융거래법 위반, 텔레그램 등 익명 메신저로만 소통, 실제로는 보이스피싱 자금 세탁에 이용","통장대여_이체알바 다양성 보강 (Claude 생성, 합성 데이터)"
3459,1,스팸_사기,가짜채용,통장대여_이체알바,SMS,"단순 입출금 알바 구합니다. 통장 대여 시 건당 31만원 지급, 텔레그램 @easyalba","통장 대여는 전자금융거래법 위반, 텔레그램 등 익명 메신저로만 소통, 실제로는 보이스피싱 자금 세탁에 이용","통장대여_이체알바 다양성 보강 (Claude 생성, 합성 데이터)"
3460,1,스팸_사기,가짜채용,통장대여_이체알바,SMS,통장만 빌려주시면 건당 49만원 드립니다. 텔레그램로 연락주세요 @parttime_kr,"통장 대여는 전자금융거래법 위반, 텔레그램 등 익명 메신저로만 소통, 실제로는 보이스피싱 자금 세탁에 이용","통장대여_이체알바 다양성 보강 (Claude 생성, 합성 데이터)"
3461,1,스팸_사기,가짜채용,통장대여_이체알바,SMS,"명의 계좌 필요합니다. 이체만 도와주시면 일당 41만원, 텔레그램 문의 @moneyjob1","통장 대여는 전자금융거래법 위반, 텔레그램 등 익명 메신저로만 소통, 실제로는 보이스피싱 자금 세탁에 이용","통장대여_이체알바 다양성 보강 (Claude 생성, 합성 데이터)"
3462,1,스팸_사기,가짜채용,통장대여_이체알바,SMS,"명의 계좌 필요합니다. 이체만 도와주시면 일당 25만원, 카카오톡 문의 @easyalba","통장 대여는 전자금융거래법 위반, 텔레그램 등 익명 메신저로만 소통, 실제로는 보이스피싱 자금 세탁에 이용","통장대여_이체알바 다양성 보강 (Claude 생성, 합성 데이터)"
3463,1,스팸_사기,가짜채용,통장대여_이체알바,SMS,통장만 빌려주시면 건당 33만원 드립니다. 카카오톡로 연락주세요 @easyalba,"통장 대여는 전자금융거래법 위반, 텔레그램 등 익명 메신저로만 소통, 실제로는 보이스피싱 자금 세탁에 이용","통장대여_이체알바 다양성 보강 (Claude 생성, 합성 데이터)"
3464,1,스팸_사기,가짜채용,통장대여_이체알바,SMS,"명의 계좌 필요합니다. 이체만 도와주시면 일당 39만원, 텔레그램 문의 @easyalba","통장 대여는 전자금융거래법 위반, 텔레그램 등 익명 메신저로만 소통, 실제로는 보이스피싱 자금 세탁에 이용","통장대여_이체알바 다양성 보강 (Claude 생성, 합성 데이터)"
3465,1,스팸_사기,가짜채용,통장대여_이체알바,SMS,"단순 입출금 알바 구합니다. 통장 대여 시 건당 28만원 지급, 카카오톡 @quickcash","통장 대여는 전자금융거래법 위반, 텔레그램 등 익명 메신저로만 소통, 실제로는 보이스피싱 자금 세탁에 이용","통장대여_이체알바 다양성 보강 (Claude 생성, 합성 데이터)"
3466,1,스팸_사기,가짜채용,통장대여_이체알바,SMS,통장만 빌려주시면 건당 36만원 드립니다. 카카오톡로 연락주세요 @sidejob99,"통장 대여는 전자금융거래법 위반, 텔레그램 등 익명 메신저로만 소통, 실제로는 보이스피싱 자금 세탁에 이용","통장대여_이체알바 다양성 보강 (Claude 생성, 합성 데이터)"
3467,1,스팸_사기,가짜채용,통장대여_이체알바,SMS,"단순 입출금 알바 구합니다. 통장 대여 시 건당 25만원 지급, 텔레그램 @easyalba","통장 대여는 전자금융거래법 위반, 텔레그램 등 익명 메신저로만 소통, 실제로는 보이스피싱 자금 세탁에 이용","통장대여_이체알바 다양성 보강 (Claude 생성, 합성 데이터)"
3468,1,스팸_사기,가짜채용,통장대여_이체알바,SMS,"단순 입출금 알바 구합니다. 통장 대여 시 건당 36만원 지급, 텔레그램 @sidejob99","통장 대여는 전자금융거래법 위반, 텔레그램 등 익명 메신저로만 소통, 실제로는 보이스피싱 자금 세탁에 이용","통장대여_이체알바 다양성 보강 (Claude 생성, 합성 데이터)"
3469,1,스팸_사기,가짜채용,통장대여_이체알바,SMS,통장만 빌려주시면 건당 33만원 드립니다. 텔레그램로 연락주세요 @easyalba,"통장 대여는 전자금융거래법 위반, 텔레그램 등 익명 메신저로만 소통, 실제로는 보이스피싱 자금 세탁에 이용","통장대여_이체알바 다양성 보강 (Claude 생성, 합성 데이터)"
3470,1,스팸_사기,가짜채용,통장대여_이체알바,SMS,"단순 입출금 알바 구합니다. 통장 대여 시 건당 12만원 지급, 텔레그램 @parttime_kr","통장 대여는 전자금융거래법 위반, 텔레그램 등 익명 메신저로만 소통, 실제로는 보이스피싱 자금 세탁에 이용","통장대여_이체알바 다양성 보강 (Claude 생성, 합성 데이터)"
3471,1,스팸_사기,가짜채용,통장대여_이체알바,SMS,"단순 입출금 알바 구합니다. 통장 대여 시 건당 45만원 지급, 카카오톡 @quickcash","통장 대여는 전자금융거래법 위반, 텔레그램 등 익명 메신저로만 소통, 실제로는 보이스피싱 자금 세탁에 이용","통장대여_이체알바 다양성 보강 (Claude 생성, 합성 데이터)"
3472,1,스팸_사기,악성_해킹시도,공공기관사칭_스미싱,SMS,[국세청체납관리] 출석 요구서가 발송되었습니다. 기한 내 미확인시 불이익이 있을 수 있습니다: http://국세청체납관리-763.kr/5215,"실제 정부기관은 개인 URL 링크로 벌금 안내를 하지 않음, 가짜 정부사이트 유도","공공기관사칭_스미싱 다양성 보강 (Claude 생성, 합성 데이터)"
3473,1,스팸_사기,악성_해킹시도,공공기관사칭_스미싱,SMS,[법원등기송달] 2026년 9월 위반사실 통지서가 발송되었습니다. 조회: http://법원등기송달-636.kr/9092,"실제 정부기관은 개인 URL 링크로 벌금 안내를 하지 않음, 가짜 정부사이트 유도","공공기관사칭_스미싱 다양성 보강 (Claude 생성, 합성 데이터)"
3474,1,스팸_사기,악성_해킹시도,공공기관사칭_스미싱,SMS,[국세청체납관리] 출석 요구서가 발송되었습니다. 기한 내 미확인시 불이익이 있을 수 있습니다: http://국세청체납관리-523.kr/6411,"실제 정부기관은 개인 URL 링크로 벌금 안내를 하지 않음, 가짜 정부사이트 유도","공공기관사칭_스미싱 다양성 보강 (Claude 생성, 합성 데이터)"
3475,1,스팸_사기,악성_해킹시도,공공기관사칭_스미싱,SMS,[국세청체납관리] 2026년 5월 위반사실 통지서가 발송되었습니다. 조회: http://국세청체납관리-997.kr/1613,"실제 정부기관은 개인 URL 링크로 벌금 안내를 하지 않음, 가짜 정부사이트 유도","공공기관사칭_스미싱 다양성 보강 (Claude 생성, 합성 데이터)"
3476,1,스팸_사기,악성_해킹시도,공공기관사칭_스미싱,SMS,[국세청체납관리] 미납 과태료 확인 안내. 자세한 내용은 아래에서 확인하세요: http://국세청체납관리-976.kr/7643,"실제 정부기관은 개인 URL 링크로 벌금 안내를 하지 않음, 가짜 정부사이트 유도","공공기관사칭_스미싱 다양성 보강 (Claude 생성, 합성 데이터)"
3477,1,스팸_사기,악성_해킹시도,공공기관사칭_스미싱,SMS,[검찰청출석안내] 출석 요구서가 발송되었습니다. 기한 내 미확인시 불이익이 있을 수 있습니다: http://검찰청출석안내-691.kr/4728,"실제 정부기관은 개인 URL 링크로 벌금 안내를 하지 않음, 가짜 정부사이트 유도","공공기관사칭_스미싱 다양성 보강 (Claude 생성, 합성 데이터)"
3478,1,스팸_사기,악성_해킹시도,공공기관사칭_스미싱,SMS,[법원등기송달] 미납 과태료 확인 안내. 자세한 내용은 아래에서 확인하세요: http://법원등기송달-914.kr/5480,"실제 정부기관은 개인 URL 링크로 벌금 안내를 하지 않음, 가짜 정부사이트 유도","공공기관사칭_스미싱 다양성 보강 (Claude 생성, 합성 데이터)"
3479,1,스팸_사기,악성_해킹시도,공공기관사칭_스미싱,SMS,[검찰청출석안내] 미납 과태료 확인 안내. 자세한 내용은 아래에서 확인하세요: http://검찰청출석안내-754.kr/5833,"실제 정부기관은 개인 URL 링크로 벌금 안내를 하지 않음, 가짜 정부사이트 유도","공공기관사칭_스미싱 다양성 보강 (Claude 생성, 합성 데이터)"
3480,1,스팸_사기,악성_해킹시도,공공기관사칭_스미싱,SMS,[지방세정과] 미납 과태료 확인 안내. 자세한 내용은 아래에서 확인하세요: http://지방세정과-295.kr/1310,"실제 정부기관은 개인 URL 링크로 벌금 안내를 하지 않음, 가짜 정부사이트 유도","공공기관사칭_스미싱 다양성 보강 (Claude 생성, 합성 데이터)"
3481,1,스팸_사기,악성_해킹시도,공공기관사칭_스미싱,SMS,[법원등기송달] 미납 과태료 확인 안내. 자세한 내용은 아래에서 확인하세요: http://법원등기송달-421.kr/3837,"실제 정부기관은 개인 URL 링크로 벌금 안내를 하지 않음, 가짜 정부사이트 유도","공공기관사칭_스미싱 다양성 보강 (Claude 생성, 합성 데이터)"
3482,1,스팸_사기,악성_해킹시도,공공기관사칭_스미싱,SMS,[지방세정과] 2024년 9월 위반사실 통지서가 발송되었습니다. 조회: http://지방세정과-856.kr/1611,"실제 정부기관은 개인 URL 링크로 벌금 안내를 하지 않음, 가짜 정부사이트 유도","공공기관사칭_스미싱 다양성 보강 (Claude 생성, 합성 데이터)"
3483,1,스팸_사기,악성_해킹시도,공공기관사칭_스미싱,SMS,[경찰청교통민원24] 미납 과태료 확인 안내. 자세한 내용은 아래에서 확인하세요: http://경찰청교통민원24-656.kr/7220,"실제 정부기관은 개인 URL 링크로 벌금 안내를 하지 않음, 가짜 정부사이트 유도","공공기관사칭_스미싱 다양성 보강 (Claude 생성, 합성 데이터)"
3484,1,스팸_사기,악성_해킹시도,공공기관사칭_스미싱,SMS,[검찰청출석안내] 미납 과태료 확인 안내. 자세한 내용은 아래에서 확인하세요: http://검찰청출석안내-163.kr/2936,"실제 정부기관은 개인 URL 링크로 벌금 안내를 하지 않음, 가짜 정부사이트 유도","공공기관사칭_스미싱 다양성 보강 (Claude 생성, 합성 데이터)"
3485,1,스팸_사기,악성_해킹시도,공공기관사칭_스미싱,SMS,[지방세정과] 2025년 2월 위반사실 통지서가 발송되었습니다. 조회: http://지방세정과-510.kr/2562,"실제 정부기관은 개인 URL 링크로 벌금 안내를 하지 않음, 가짜 정부사이트 유도","공공기관사칭_스미싱 다양성 보강 (Claude 생성, 합성 데이터)"
3486,1,스팸_사기,악성_해킹시도,공공기관사칭_스미싱,SMS,[지방세정과] 출석 요구서가 발송되었습니다. 기한 내 미확인시 불이익이 있을 수 있습니다: http://지방세정과-993.kr/2020,"실제 정부기관은 개인 URL 링크로 벌금 안내를 하지 않음, 가짜 정부사이트 유도","공공기관사칭_스미싱 다양성 보강 (Claude 생성, 합성 데이터)"
3487,1,스팸_사기,악성_해킹시도,공공기관사칭_스미싱,SMS,[법원등기송달] 미납 과태료 확인 안내. 자세한 내용은 아래에서 확인하세요: http://법원등기송달-871.kr/5374,"실제 정부기관은 개인 URL 링크로 벌금 안내를 하지 않음, 가짜 정부사이트 유도","공공기관사칭_스미싱 다양성 보강 (Claude 생성, 합성 데이터)"
3488,1,스팸_사기,악성_해킹시도,공공기관사칭_스미싱,SMS,[검찰청출석안내] 출석 요구서가 발송되었습니다. 기한 내 미확인시 불이익이 있을 수 있습니다: http://검찰청출석안내-143.kr/5712,"실제 정부기관은 개인 URL 링크로 벌금 안내를 하지 않음, 가짜 정부사이트 유도","공공기관사칭_스미싱 다양성 보강 (Claude 생성, 합성 데이터)"
3489,1,스팸_사기,악성_해킹시도,공공기관사칭_스미싱,SMS,[법원등기송달] 미납 과태료 확인 안내. 자세한 내용은 아래에서 확인하세요: http://법원등기송달-947.kr/9824,"실제 정부기관은 개인 URL 링크로 벌금 안내를 하지 않음, 가짜 정부사이트 유도","공공기관사칭_스미싱 다양성 보강 (Claude 생성, 합성 데이터)"
3490,1,스팸_사기,악성_해킹시도,공공기관사칭_스미싱,SMS,[검찰청출석안내] 미납 과태료 확인 안내. 자세한 내용은 아래에서 확인하세요: http://검찰청출석안내-209.kr/6489,"실제 정부기관은 개인 URL 링크로 벌금 안내를 하지 않음, 가짜 정부사이트 유도","공공기관사칭_스미싱 다양성 보강 (Claude 생성, 합성 데이터)"
3491,1,스팸_사기,악성_해킹시도,공공기관사칭_스미싱,SMS,[검찰청출석안내] 미납 과태료 확인 안내. 자세한 내용은 아래에서 확인하세요: http://검찰청출석안내-312.kr/9011,"실제 정부기관은 개인 URL 링크로 벌금 안내를 하지 않음, 가짜 정부사이트 유도","공공기관사칭_스미싱 다양성 보강 (Claude 생성, 합성 데이터)"
3492,1,스팸_사기,악성_해킹시도,공공기관사칭_스미싱,SMS,[국세청체납관리] 2025년 6월 위반사실 통지서가 발송되었습니다. 조회: http://국세청체납관리-392.kr/1969,"실제 정부기관은 개인 URL 링크로 벌금 안내를 하지 않음, 가짜 정부사이트 유도","공공기관사칭_스미싱 다양성 보강 (Claude 생성, 합성 데이터)"
3493,1,스팸_사기,악성_해킹시도,공공기관사칭_스미싱,SMS,[경찰청교통민원24] 출석 요구서가 발송되었습니다. 기한 내 미확인시 불이익이 있을 수 있습니다: http://경찰청교통민원24-274.kr/9589,"실제 정부기관은 개인 URL 링크로 벌금 안내를 하지 않음, 가짜 정부사이트 유도","공공기관사칭_스미싱 다양성 보강 (Claude 생성, 합성 데이터)"
3494,1,스팸_사기,악성_해킹시도,공공기관사칭_스미싱,SMS,[법원등기송달] 미납 과태료 확인 안내. 자세한 내용은 아래에서 확인하세요: http://법원등기송달-956.kr/7504,"실제 정부기관은 개인 URL 링크로 벌금 안내를 하지 않음, 가짜 정부사이트 유도","공공기관사칭_스미싱 다양성 보강 (Claude 생성, 합성 데이터)"
3495,1,스팸_사기,악성_해킹시도,공공기관사칭_스미싱,SMS,[검찰청출석안내] 미납 과태료 확인 안내. 자세한 내용은 아래에서 확인하세요: http://검찰청출석안내-686.kr/1187,"실제 정부기관은 개인 URL 링크로 벌금 안내를 하지 않음, 가짜 정부사이트 유도","공공기관사칭_스미싱 다양성 보강 (Claude 생성, 합성 데이터)"
3496,1,스팸_사기,악성_해킹시도,공공기관사칭_스미싱,SMS,[국세청체납관리] 출석 요구서가 발송되었습니다. 기한 내 미확인시 불이익이 있을 수 있습니다: http://국세청체납관리-445.kr/5833,"실제 정부기관은 개인 URL 링크로 벌금 안내를 하지 않음, 가짜 정부사이트 유도","공공기관사칭_스미싱 다양성 보강 (Claude 생성, 합성 데이터)"
3497,1,스팸_사기,악성_해킹시도,공공기관사칭_스미싱,SMS,[검찰청출석안내] 미납 과태료 확인 안내. 자세한 내용은 아래에서 확인하세요: http://검찰청출석안내-522.kr/4340,"실제 정부기관은 개인 URL 링크로 벌금 안내를 하지 않음, 가짜 정부사이트 유도","공공기관사칭_스미싱 다양성 보강 (Claude 생성, 합성 데이터)"
3498,1,스팸_사기,악성_해킹시도,공공기관사칭_스미싱,SMS,[지방세정과] 출석 요구서가 발송되었습니다. 기한 내 미확인시 불이익이 있을 수 있습니다: http://지방세정과-462.kr/5331,"실제 정부기관은 개인 URL 링크로 벌금 안내를 하지 않음, 가짜 정부사이트 유도","공공기관사칭_스미싱 다양성 보강 (Claude 생성, 합성 데이터)"
3499,1,스팸_사기,악성_해킹시도,공공기관사칭_스미싱,SMS,[법원등기송달] 2024년 4월 위반사실 통지서가 발송되었습니다. 조회: http://법원등기송달-385.kr/5890,"실제 정부기관은 개인 URL 링크로 벌금 안내를 하지 않음, 가짜 정부사이트 유도","공공기관사칭_스미싱 다양성 보강 (Claude 생성, 합성 데이터)"
3500,1,스팸_사기,악성_해킹시도,공공기관사칭_스미싱,SMS,[법원등기송달] 출석 요구서가 발송되었습니다. 기한 내 미확인시 불이익이 있을 수 있습니다: http://법원등기송달-482.kr/7813,"실제 정부기관은 개인 URL 링크로 벌금 안내를 하지 않음, 가짜 정부사이트 유도","공공기관사칭_스미싱 다양성 보강 (Claude 생성, 합성 데이터)"
3501,1,스팸_사기,악성_해킹시도,공공기관사칭_스미싱,SMS,[법원등기송달] 2024년 11월 위반사실 통지서가 발송되었습니다. 조회: http://법원등기송달-889.kr/3252,"실제 정부기관은 개인 URL 링크로 벌금 안내를 하지 않음, 가짜 정부사이트 유도","공공기관사칭_스미싱 다양성 보강 (Claude 생성, 합성 데이터)"
3502,1,스팸_사기,악성_해킹시도,공공기관사칭_스미싱,SMS,[국세청체납관리] 출석 요구서가 발송되었습니다. 기한 내 미확인시 불이익이 있을 수 있습니다: http://국세청체납관리-674.kr/6325,"실제 정부기관은 개인 URL 링크로 벌금 안내를 하지 않음, 가짜 정부사이트 유도","공공기관사칭_스미싱 다양성 보강 (Claude 생성, 합성 데이터)"
3503,1,스팸_사기,악성_해킹시도,공공기관사칭_스미싱,SMS,[지방세정과] 출석 요구서가 발송되었습니다. 기한 내 미확인시 불이익이 있을 수 있습니다: http://지방세정과-240.kr/2789,"실제 정부기관은 개인 URL 링크로 벌금 안내를 하지 않음, 가짜 정부사이트 유도","공공기관사칭_스미싱 다양성 보강 (Claude 생성, 합성 데이터)"
3504,1,스팸_사기,악성_해킹시도,공공기관사칭_스미싱,SMS,[검찰청출석안내] 출석 요구서가 발송되었습니다. 기한 내 미확인시 불이익이 있을 수 있습니다: http://검찰청출석안내-802.kr/9233,"실제 정부기관은 개인 URL 링크로 벌금 안내를 하지 않음, 가짜 정부사이트 유도","공공기관사칭_스미싱 다양성 보강 (Claude 생성, 합성 데이터)"
3505,1,스팸_사기,악성_해킹시도,공공기관사칭_스미싱,SMS,[국세청체납관리] 미납 과태료 확인 안내. 자세한 내용은 아래에서 확인하세요: http://국세청체납관리-354.kr/1111,"실제 정부기관은 개인 URL 링크로 벌금 안내를 하지 않음, 가짜 정부사이트 유도","공공기관사칭_스미싱 다양성 보강 (Claude 생성, 합성 데이터)"
3506,1,스팸_사기,악성_해킹시도,공공기관사칭_스미싱,SMS,[지방세정과] 2024년 4월 위반사실 통지서가 발송되었습니다. 조회: http://지방세정과-151.kr/9700,"실제 정부기관은 개인 URL 링크로 벌금 안내를 하지 않음, 가짜 정부사이트 유도","공공기관사칭_스미싱 다양성 보강 (Claude 생성, 합성 데이터)"
3507,1,스팸_사기,악성_해킹시도,공공기관사칭_스미싱,SMS,[지방세정과] 미납 과태료 확인 안내. 자세한 내용은 아래에서 확인하세요: http://지방세정과-768.kr/8793,"실제 정부기관은 개인 URL 링크로 벌금 안내를 하지 않음, 가짜 정부사이트 유도","공공기관사칭_스미싱 다양성 보강 (Claude 생성, 합성 데이터)"
3508,1,스팸_사기,악성_해킹시도,공공기관사칭_스미싱,SMS,[지방세정과] 미납 과태료 확인 안내. 자세한 내용은 아래에서 확인하세요: http://지방세정과-297.kr/2845,"실제 정부기관은 개인 URL 링크로 벌금 안내를 하지 않음, 가짜 정부사이트 유도","공공기관사칭_스미싱 다양성 보강 (Claude 생성, 합성 데이터)"
3509,1,스팸_사기,악성_해킹시도,공공기관사칭_스미싱,SMS,[지방세정과] 2025년 3월 위반사실 통지서가 발송되었습니다. 조회: http://지방세정과-941.kr/4968,"실제 정부기관은 개인 URL 링크로 벌금 안내를 하지 않음, 가짜 정부사이트 유도","공공기관사칭_스미싱 다양성 보강 (Claude 생성, 합성 데이터)"
3510,1,스팸_사기,악성_해킹시도,공공기관사칭_스미싱,SMS,[경찰청교통민원24] 출석 요구서가 발송되었습니다. 기한 내 미확인시 불이익이 있을 수 있습니다: http://경찰청교통민원24-771.kr/5201,"실제 정부기관은 개인 URL 링크로 벌금 안내를 하지 않음, 가짜 정부사이트 유도","공공기관사칭_스미싱 다양성 보강 (Claude 생성, 합성 데이터)"
3511,1,스팸_사기,악성_해킹시도,공공기관사칭_스미싱,SMS,[지방세정과] 2024년 4월 위반사실 통지서가 발송되었습니다. 조회: http://지방세정과-236.kr/8834,"실제 정부기관은 개인 URL 링크로 벌금 안내를 하지 않음, 가짜 정부사이트 유도","공공기관사칭_스미싱 다양성 보강 (Claude 생성, 합성 데이터)"
3512,1,스팸_사기,사기_투자로맨스,가짜투자앱유도,SMS,[프리미엄투자방] 이번주 추천 종목 수익률 83% 확정! 앱 설치 후 확인하세요: http://프리미엄투자방-426.com/6,"공식 앱스토어가 아닌 링크로 앱 설치 유도, 초기 소액 출금으로 신뢰 형성 후 거액 유도","가짜투자앱유도 다양성 보강 (Claude 생성, 합성 데이터)"
3513,1,스팸_사기,사기_투자로맨스,가짜투자앱유도,SMS,"전문가 1:1 투자 상담, 지금 무료로 받아보세요: http://황금리딩방-522.com/7","공식 앱스토어가 아닌 링크로 앱 설치 유도, 초기 소액 출금으로 신뢰 형성 후 거액 유도","가짜투자앱유도 다양성 보강 (Claude 생성, 합성 데이터)"
3514,1,스팸_사기,사기_투자로맨스,가짜투자앱유도,SMS,"전문가 1:1 투자 상담, 지금 무료로 받아보세요: http://프리미엄투자방-796.com/2","공식 앱스토어가 아닌 링크로 앱 설치 유도, 초기 소액 출금으로 신뢰 형성 후 거액 유도","가짜투자앱유도 다양성 보강 (Claude 생성, 합성 데이터)"
3515,1,스팸_사기,사기_투자로맨스,가짜투자앱유도,SMS,[VIP종목방] 이번주 추천 종목 수익률 28% 확정! 앱 설치 후 확인하세요: http://vip종목방-776.com/9,"공식 앱스토어가 아닌 링크로 앱 설치 유도, 초기 소액 출금으로 신뢰 형성 후 거액 유도","가짜투자앱유도 다양성 보강 (Claude 생성, 합성 데이터)"
3516,1,스팸_사기,사기_투자로맨스,가짜투자앱유도,SMS,[VIP종목방] 이번주 추천 종목 수익률 58% 확정! 앱 설치 후 확인하세요: http://vip종목방-789.com/1,"공식 앱스토어가 아닌 링크로 앱 설치 유도, 초기 소액 출금으로 신뢰 형성 후 거액 유도","가짜투자앱유도 다양성 보강 (Claude 생성, 합성 데이터)"
3517,1,스팸_사기,사기_투자로맨스,가짜투자앱유도,SMS,"전문가 1:1 투자 상담, 지금 무료로 받아보세요: http://특급정보방-163.com/9","공식 앱스토어가 아닌 링크로 앱 설치 유도, 초기 소액 출금으로 신뢰 형성 후 거액 유도","가짜투자앱유도 다양성 보강 (Claude 생성, 합성 데이터)"
3518,1,스팸_사기,사기_투자로맨스,가짜투자앱유도,SMS,"전문가 1:1 투자 상담, 지금 무료로 받아보세요: http://황금리딩방-549.com/4","공식 앱스토어가 아닌 링크로 앱 설치 유도, 초기 소액 출금으로 신뢰 형성 후 거액 유도","가짜투자앱유도 다양성 보강 (Claude 생성, 합성 데이터)"
3519,1,스팸_사기,사기_투자로맨스,가짜투자앱유도,SMS,"전문가 1:1 투자 상담, 지금 무료로 받아보세요: http://수익보장방-381.com/1","공식 앱스토어가 아닌 링크로 앱 설치 유도, 초기 소액 출금으로 신뢰 형성 후 거액 유도","가짜투자앱유도 다양성 보강 (Claude 생성, 합성 데이터)"
3520,1,스팸_사기,사기_투자로맨스,가짜투자앱유도,SMS,수익보장방에서 알려드린 대로 49만원부터 시작하세요. 수익 인증 앱: http://수익보장방-840.com/1,"공식 앱스토어가 아닌 링크로 앱 설치 유도, 초기 소액 출금으로 신뢰 형성 후 거액 유도","가짜투자앱유도 다양성 보강 (Claude 생성, 합성 데이터)"
3521,1,스팸_사기,사기_투자로맨스,가짜투자앱유도,SMS,수익보장방에서 알려드린 대로 33만원부터 시작하세요. 수익 인증 앱: http://수익보장방-872.com/9,"공식 앱스토어가 아닌 링크로 앱 설치 유도, 초기 소액 출금으로 신뢰 형성 후 거액 유도","가짜투자앱유도 다양성 보강 (Claude 생성, 합성 데이터)"
3522,1,스팸_사기,사기_투자로맨스,가짜투자앱유도,SMS,"전문가 1:1 투자 상담, 지금 무료로 받아보세요: http://vip종목방-552.com/2","공식 앱스토어가 아닌 링크로 앱 설치 유도, 초기 소액 출금으로 신뢰 형성 후 거액 유도","가짜투자앱유도 다양성 보강 (Claude 생성, 합성 데이터)"
3523,1,스팸_사기,사기_투자로맨스,가짜투자앱유도,SMS,[특급정보방] 이번주 추천 종목 수익률 14% 확정! 앱 설치 후 확인하세요: http://특급정보방-557.com/1,"공식 앱스토어가 아닌 링크로 앱 설치 유도, 초기 소액 출금으로 신뢰 형성 후 거액 유도","가짜투자앱유도 다양성 보강 (Claude 생성, 합성 데이터)"
3524,1,스팸_사기,사기_투자로맨스,가짜투자앱유도,SMS,"전문가 1:1 투자 상담, 지금 무료로 받아보세요: http://수익보장방-564.com/3","공식 앱스토어가 아닌 링크로 앱 설치 유도, 초기 소액 출금으로 신뢰 형성 후 거액 유도","가짜투자앱유도 다양성 보강 (Claude 생성, 합성 데이터)"
3525,1,스팸_사기,사기_투자로맨스,가짜투자앱유도,SMS,프리미엄투자방에서 알려드린 대로 17만원부터 시작하세요. 수익 인증 앱: http://프리미엄투자방-243.com/9,"공식 앱스토어가 아닌 링크로 앱 설치 유도, 초기 소액 출금으로 신뢰 형성 후 거액 유도","가짜투자앱유도 다양성 보강 (Claude 생성, 합성 데이터)"
3526,1,스팸_사기,사기_투자로맨스,가짜투자앱유도,SMS,[수익보장방] 이번주 추천 종목 수익률 20% 확정! 앱 설치 후 확인하세요: http://수익보장방-799.com/9,"공식 앱스토어가 아닌 링크로 앱 설치 유도, 초기 소액 출금으로 신뢰 형성 후 거액 유도","가짜투자앱유도 다양성 보강 (Claude 생성, 합성 데이터)"
3527,1,스팸_사기,사기_투자로맨스,가짜투자앱유도,SMS,[프리미엄투자방] 이번주 추천 종목 수익률 85% 확정! 앱 설치 후 확인하세요: http://프리미엄투자방-841.com/9,"공식 앱스토어가 아닌 링크로 앱 설치 유도, 초기 소액 출금으로 신뢰 형성 후 거액 유도","가짜투자앱유도 다양성 보강 (Claude 생성, 합성 데이터)"
3528,1,스팸_사기,사기_투자로맨스,가짜투자앱유도,SMS,[특급정보방] 이번주 추천 종목 수익률 58% 확정! 앱 설치 후 확인하세요: http://특급정보방-943.com/4,"공식 앱스토어가 아닌 링크로 앱 설치 유도, 초기 소액 출금으로 신뢰 형성 후 거액 유도","가짜투자앱유도 다양성 보강 (Claude 생성, 합성 데이터)"
3529,1,스팸_사기,사기_투자로맨스,가짜투자앱유도,SMS,"전문가 1:1 투자 상담, 지금 무료로 받아보세요: http://특급정보방-875.com/9","공식 앱스토어가 아닌 링크로 앱 설치 유도, 초기 소액 출금으로 신뢰 형성 후 거액 유도","가짜투자앱유도 다양성 보강 (Claude 생성, 합성 데이터)"
3530,1,스팸_사기,사기_투자로맨스,가짜투자앱유도,SMS,"전문가 1:1 투자 상담, 지금 무료로 받아보세요: http://vip종목방-863.com/4","공식 앱스토어가 아닌 링크로 앱 설치 유도, 초기 소액 출금으로 신뢰 형성 후 거액 유도","가짜투자앱유도 다양성 보강 (Claude 생성, 합성 데이터)"
3531,1,스팸_사기,사기_투자로맨스,가짜투자앱유도,SMS,[프리미엄투자방] 이번주 추천 종목 수익률 83% 확정! 앱 설치 후 확인하세요: http://프리미엄투자방-649.com/3,"공식 앱스토어가 아닌 링크로 앱 설치 유도, 초기 소액 출금으로 신뢰 형성 후 거액 유도","가짜투자앱유도 다양성 보강 (Claude 생성, 합성 데이터)"
3532,1,스팸_사기,사기_투자로맨스,가짜투자앱유도,SMS,"전문가 1:1 투자 상담, 지금 무료로 받아보세요: http://특급정보방-741.com/7","공식 앱스토어가 아닌 링크로 앱 설치 유도, 초기 소액 출금으로 신뢰 형성 후 거액 유도","가짜투자앱유도 다양성 보강 (Claude 생성, 합성 데이터)"
3533,1,스팸_사기,사기_투자로맨스,가짜투자앱유도,SMS,특급정보방에서 알려드린 대로 27만원부터 시작하세요. 수익 인증 앱: http://특급정보방-497.com/4,"공식 앱스토어가 아닌 링크로 앱 설치 유도, 초기 소액 출금으로 신뢰 형성 후 거액 유도","가짜투자앱유도 다양성 보강 (Claude 생성, 합성 데이터)"
3534,1,스팸_사기,사기_투자로맨스,가짜투자앱유도,SMS,VIP종목방에서 알려드린 대로 63만원부터 시작하세요. 수익 인증 앱: http://vip종목방-518.com/3,"공식 앱스토어가 아닌 링크로 앱 설치 유도, 초기 소액 출금으로 신뢰 형성 후 거액 유도","가짜투자앱유도 다양성 보강 (Claude 생성, 합성 데이터)"
3535,1,스팸_사기,사기_투자로맨스,가짜투자앱유도,SMS,"전문가 1:1 투자 상담, 지금 무료로 받아보세요: http://수익보장방-677.com/1","공식 앱스토어가 아닌 링크로 앱 설치 유도, 초기 소액 출금으로 신뢰 형성 후 거액 유도","가짜투자앱유도 다양성 보강 (Claude 생성, 합성 데이터)"
3536,1,스팸_사기,사기_투자로맨스,가짜투자앱유도,SMS,"전문가 1:1 투자 상담, 지금 무료로 받아보세요: http://프리미엄투자방-600.com/2","공식 앱스토어가 아닌 링크로 앱 설치 유도, 초기 소액 출금으로 신뢰 형성 후 거액 유도","가짜투자앱유도 다양성 보강 (Claude 생성, 합성 데이터)"
3537,1,스팸_사기,사기_투자로맨스,가짜투자앱유도,SMS,[수익보장방] 이번주 추천 종목 수익률 54% 확정! 앱 설치 후 확인하세요: http://수익보장방-258.com/5,"공식 앱스토어가 아닌 링크로 앱 설치 유도, 초기 소액 출금으로 신뢰 형성 후 거액 유도","가짜투자앱유도 다양성 보강 (Claude 생성, 합성 데이터)"
3538,1,스팸_사기,사기_투자로맨스,가짜투자앱유도,SMS,황금리딩방에서 알려드린 대로 79만원부터 시작하세요. 수익 인증 앱: http://황금리딩방-161.com/2,"공식 앱스토어가 아닌 링크로 앱 설치 유도, 초기 소액 출금으로 신뢰 형성 후 거액 유도","가짜투자앱유도 다양성 보강 (Claude 생성, 합성 데이터)"
3539,1,스팸_사기,사기_투자로맨스,가짜투자앱유도,SMS,[특급정보방] 이번주 추천 종목 수익률 26% 확정! 앱 설치 후 확인하세요: http://특급정보방-845.com/4,"공식 앱스토어가 아닌 링크로 앱 설치 유도, 초기 소액 출금으로 신뢰 형성 후 거액 유도","가짜투자앱유도 다양성 보강 (Claude 생성, 합성 데이터)"
3540,1,스팸_사기,사기_투자로맨스,가짜투자앱유도,SMS,프리미엄투자방에서 알려드린 대로 38만원부터 시작하세요. 수익 인증 앱: http://프리미엄투자방-407.com/3,"공식 앱스토어가 아닌 링크로 앱 설치 유도, 초기 소액 출금으로 신뢰 형성 후 거액 유도","가짜투자앱유도 다양성 보강 (Claude 생성, 합성 데이터)"
3541,1,스팸_사기,사기_투자로맨스,가짜투자앱유도,SMS,"전문가 1:1 투자 상담, 지금 무료로 받아보세요: http://황금리딩방-533.com/6","공식 앱스토어가 아닌 링크로 앱 설치 유도, 초기 소액 출금으로 신뢰 형성 후 거액 유도","가짜투자앱유도 다양성 보강 (Claude 생성, 합성 데이터)"
3542,1,스팸_사기,사기_투자로맨스,가짜투자앱유도,SMS,"전문가 1:1 투자 상담, 지금 무료로 받아보세요: http://황금리딩방-928.com/7","공식 앱스토어가 아닌 링크로 앱 설치 유도, 초기 소액 출금으로 신뢰 형성 후 거액 유도","가짜투자앱유도 다양성 보강 (Claude 생성, 합성 데이터)"
3543,1,스팸_사기,사기_투자로맨스,가짜투자앱유도,SMS,VIP종목방에서 알려드린 대로 25만원부터 시작하세요. 수익 인증 앱: http://vip종목방-282.com/9,"공식 앱스토어가 아닌 링크로 앱 설치 유도, 초기 소액 출금으로 신뢰 형성 후 거액 유도","가짜투자앱유도 다양성 보강 (Claude 생성, 합성 데이터)"
3544,1,스팸_사기,사기_투자로맨스,가짜투자앱유도,SMS,[VIP종목방] 이번주 추천 종목 수익률 21% 확정! 앱 설치 후 확인하세요: http://vip종목방-648.com/4,"공식 앱스토어가 아닌 링크로 앱 설치 유도, 초기 소액 출금으로 신뢰 형성 후 거액 유도","가짜투자앱유도 다양성 보강 (Claude 생성, 합성 데이터)"
3545,1,스팸_사기,사기_투자로맨스,가짜투자앱유도,SMS,수익보장방에서 알려드린 대로 57만원부터 시작하세요. 수익 인증 앱: http://수익보장방-491.com/8,"공식 앱스토어가 아닌 링크로 앱 설치 유도, 초기 소액 출금으로 신뢰 형성 후 거액 유도","가짜투자앱유도 다양성 보강 (Claude 생성, 합성 데이터)"
3546,1,스팸_사기,사기_투자로맨스,가짜투자앱유도,SMS,프리미엄투자방에서 알려드린 대로 52만원부터 시작하세요. 수익 인증 앱: http://프리미엄투자방-762.com/2,"공식 앱스토어가 아닌 링크로 앱 설치 유도, 초기 소액 출금으로 신뢰 형성 후 거액 유도","가짜투자앱유도 다양성 보강 (Claude 생성, 합성 데이터)"
3547,1,스팸_사기,사기_투자로맨스,가짜투자앱유도,SMS,[황금리딩방] 이번주 추천 종목 수익률 46% 확정! 앱 설치 후 확인하세요: http://황금리딩방-518.com/3,"공식 앱스토어가 아닌 링크로 앱 설치 유도, 초기 소액 출금으로 신뢰 형성 후 거액 유도","가짜투자앱유도 다양성 보강 (Claude 생성, 합성 데이터)"
3548,1,스팸_사기,사기_투자로맨스,가짜투자앱유도,SMS,황금리딩방에서 알려드린 대로 48만원부터 시작하세요. 수익 인증 앱: http://황금리딩방-574.com/9,"공식 앱스토어가 아닌 링크로 앱 설치 유도, 초기 소액 출금으로 신뢰 형성 후 거액 유도","가짜투자앱유도 다양성 보강 (Claude 생성, 합성 데이터)"
3549,1,스팸_사기,사기_투자로맨스,가짜투자앱유도,SMS,"전문가 1:1 투자 상담, 지금 무료로 받아보세요: http://수익보장방-452.com/7","공식 앱스토어가 아닌 링크로 앱 설치 유도, 초기 소액 출금으로 신뢰 형성 후 거액 유도","가짜투자앱유도 다양성 보강 (Claude 생성, 합성 데이터)"
3550,1,스팸_사기,사기_투자로맨스,가짜투자앱유도,SMS,[황금리딩방] 이번주 추천 종목 수익률 40% 확정! 앱 설치 후 확인하세요: http://황금리딩방-311.com/2,"공식 앱스토어가 아닌 링크로 앱 설치 유도, 초기 소액 출금으로 신뢰 형성 후 거액 유도","가짜투자앱유도 다양성 보강 (Claude 생성, 합성 데이터)"
3551,1,스팸_사기,사기_투자로맨스,가짜투자앱유도,SMS,[수익보장방] 이번주 추천 종목 수익률 77% 확정! 앱 설치 후 확인하세요: http://수익보장방-820.com/6,"공식 앱스토어가 아닌 링크로 앱 설치 유도, 초기 소액 출금으로 신뢰 형성 후 거액 유도","가짜투자앱유도 다양성 보강 (Claude 생성, 합성 데이터)"
3552,1,스팸_사기,가짜채용,재택부업_리뷰알바사기,SMS,"간단한 블로그 포스팅 알바 구합니다. 초보 가능, 건당 8,000원 지급. 카톡 @easyalba","선입금(상품구매 대금 선결제) 요구로 이어지는 경우 多, 비현실적 고수익 강조, 기업 정보 불명확","재택부업_리뷰알바사기 다양성 보강 (Claude 생성, 합성 데이터)"
3553,1,스팸_사기,가짜채용,재택부업_리뷰알바사기,SMS,"재택 부업! 앱 다운로드 후기만 하면 건당 1,000원, 하루 30분 투자로 월 347만원. 문의 @sidejob99","선입금(상품구매 대금 선결제) 요구로 이어지는 경우 多, 비현실적 고수익 강조, 기업 정보 불명확","재택부업_리뷰알바사기 다양성 보강 (Claude 생성, 합성 데이터)"
3554,1,스팸_사기,가짜채용,재택부업_리뷰알바사기,SMS,"간단한 상품 리뷰 알바 구합니다. 초보 가능, 건당 5,000원 지급. 카톡 @parttime_kr","선입금(상품구매 대금 선결제) 요구로 이어지는 경우 多, 비현실적 고수익 강조, 기업 정보 불명확","재택부업_리뷰알바사기 다양성 보강 (Claude 생성, 합성 데이터)"
3555,1,스팸_사기,가짜채용,재택부업_리뷰알바사기,SMS,"재택 부업! 블로그 포스팅만 하면 건당 7,000원, 하루 10분 투자로 월 251만원. 문의 @parttime_kr","선입금(상품구매 대금 선결제) 요구로 이어지는 경우 多, 비현실적 고수익 강조, 기업 정보 불명확","재택부업_리뷰알바사기 다양성 보강 (Claude 생성, 합성 데이터)"
3556,1,스팸_사기,가짜채용,재택부업_리뷰알바사기,SMS,"간단한 앱 다운로드 후기 알바 구합니다. 초보 가능, 건당 7,000원 지급. 카톡 @easyalba","선입금(상품구매 대금 선결제) 요구로 이어지는 경우 多, 비현실적 고수익 강조, 기업 정보 불명확","재택부업_리뷰알바사기 다양성 보강 (Claude 생성, 합성 데이터)"
3557,1,스팸_사기,가짜채용,재택부업_리뷰알바사기,SMS,"간단한 설문조사 알바 구합니다. 초보 가능, 건당 3,000원 지급. 카톡 @easyalba","선입금(상품구매 대금 선결제) 요구로 이어지는 경우 多, 비현실적 고수익 강조, 기업 정보 불명확","재택부업_리뷰알바사기 다양성 보강 (Claude 생성, 합성 데이터)"
3558,1,스팸_사기,가짜채용,재택부업_리뷰알바사기,SMS,"재택 부업! 상품 리뷰만 하면 건당 9,000원, 하루 30분 투자로 월 310만원. 문의 @moneyjob1","선입금(상품구매 대금 선결제) 요구로 이어지는 경우 多, 비현실적 고수익 강조, 기업 정보 불명확","재택부업_리뷰알바사기 다양성 보강 (Claude 생성, 합성 데이터)"
3559,1,스팸_사기,가짜채용,재택부업_리뷰알바사기,SMS,"재택 부업! 블로그 포스팅만 하면 건당 5,000원, 하루 30분 투자로 월 141만원. 문의 @moneyjob1","선입금(상품구매 대금 선결제) 요구로 이어지는 경우 多, 비현실적 고수익 강조, 기업 정보 불명확","재택부업_리뷰알바사기 다양성 보강 (Claude 생성, 합성 데이터)"
3560,1,스팸_사기,가짜채용,재택부업_리뷰알바사기,SMS,"간단한 앱 다운로드 후기 알바 구합니다. 초보 가능, 건당 7,000원 지급. 카톡 @sidejob99","선입금(상품구매 대금 선결제) 요구로 이어지는 경우 多, 비현실적 고수익 강조, 기업 정보 불명확","재택부업_리뷰알바사기 다양성 보강 (Claude 생성, 합성 데이터)"
3561,1,스팸_사기,가짜채용,재택부업_리뷰알바사기,SMS,"재택 부업! 상품 리뷰만 하면 건당 1,000원, 하루 10분 투자로 월 281만원. 문의 @quickcash","선입금(상품구매 대금 선결제) 요구로 이어지는 경우 多, 비현실적 고수익 강조, 기업 정보 불명확","재택부업_리뷰알바사기 다양성 보강 (Claude 생성, 합성 데이터)"
3562,1,스팸_사기,가짜채용,재택부업_리뷰알바사기,SMS,"간단한 앱 다운로드 후기 알바 구합니다. 초보 가능, 건당 6,000원 지급. 카톡 @moneyjob1","선입금(상품구매 대금 선결제) 요구로 이어지는 경우 多, 비현실적 고수익 강조, 기업 정보 불명확","재택부업_리뷰알바사기 다양성 보강 (Claude 생성, 합성 데이터)"
3563,1,스팸_사기,가짜채용,재택부업_리뷰알바사기,SMS,"간단한 블로그 포스팅 알바 구합니다. 초보 가능, 건당 3,000원 지급. 카톡 @quickcash","선입금(상품구매 대금 선결제) 요구로 이어지는 경우 多, 비현실적 고수익 강조, 기업 정보 불명확","재택부업_리뷰알바사기 다양성 보강 (Claude 생성, 합성 데이터)"
3564,1,스팸_사기,가짜채용,재택부업_리뷰알바사기,SMS,"재택 부업! 설문조사만 하면 건당 6,000원, 하루 20분 투자로 월 152만원. 문의 @parttime_kr","선입금(상품구매 대금 선결제) 요구로 이어지는 경우 多, 비현실적 고수익 강조, 기업 정보 불명확","재택부업_리뷰알바사기 다양성 보강 (Claude 생성, 합성 데이터)"
3565,1,스팸_사기,가짜채용,재택부업_리뷰알바사기,SMS,"재택 부업! 설문조사만 하면 건당 8,000원, 하루 10분 투자로 월 280만원. 문의 @parttime_kr","선입금(상품구매 대금 선결제) 요구로 이어지는 경우 多, 비현실적 고수익 강조, 기업 정보 불명확","재택부업_리뷰알바사기 다양성 보강 (Claude 생성, 합성 데이터)"
3566,1,스팸_사기,가짜채용,재택부업_리뷰알바사기,SMS,"재택 부업! 블로그 포스팅만 하면 건당 2,000원, 하루 10분 투자로 월 368만원. 문의 @parttime_kr","선입금(상품구매 대금 선결제) 요구로 이어지는 경우 多, 비현실적 고수익 강조, 기업 정보 불명확","재택부업_리뷰알바사기 다양성 보강 (Claude 생성, 합성 데이터)"
3567,1,스팸_사기,가짜채용,재택부업_리뷰알바사기,SMS,"재택 부업! 앱 다운로드 후기만 하면 건당 1,000원, 하루 10분 투자로 월 323만원. 문의 @parttime_kr","선입금(상품구매 대금 선결제) 요구로 이어지는 경우 多, 비현실적 고수익 강조, 기업 정보 불명확","재택부업_리뷰알바사기 다양성 보강 (Claude 생성, 합성 데이터)"
3568,1,스팸_사기,가짜채용,재택부업_리뷰알바사기,SMS,"재택 부업! 설문조사만 하면 건당 4,000원, 하루 20분 투자로 월 255만원. 문의 @moneyjob1","선입금(상품구매 대금 선결제) 요구로 이어지는 경우 多, 비현실적 고수익 강조, 기업 정보 불명확","재택부업_리뷰알바사기 다양성 보강 (Claude 생성, 합성 데이터)"
3569,1,스팸_사기,가짜채용,재택부업_리뷰알바사기,SMS,"간단한 설문조사 알바 구합니다. 초보 가능, 건당 4,000원 지급. 카톡 @sidejob99","선입금(상품구매 대금 선결제) 요구로 이어지는 경우 多, 비현실적 고수익 강조, 기업 정보 불명확","재택부업_리뷰알바사기 다양성 보강 (Claude 생성, 합성 데이터)"
3570,1,스팸_사기,가짜채용,재택부업_리뷰알바사기,SMS,"재택 부업! 설문조사만 하면 건당 3,000원, 하루 30분 투자로 월 130만원. 문의 @quickcash","선입금(상품구매 대금 선결제) 요구로 이어지는 경우 多, 비현실적 고수익 강조, 기업 정보 불명확","재택부업_리뷰알바사기 다양성 보강 (Claude 생성, 합성 데이터)"
3571,1,스팸_사기,가짜채용,재택부업_리뷰알바사기,SMS,"재택 부업! 앱 다운로드 후기만 하면 건당 4,000원, 하루 20분 투자로 월 260만원. 문의 @sidejob99","선입금(상품구매 대금 선결제) 요구로 이어지는 경우 多, 비현실적 고수익 강조, 기업 정보 불명확","재택부업_리뷰알바사기 다양성 보강 (Claude 생성, 합성 데이터)"
3572,1,스팸_사기,가짜채용,재택부업_리뷰알바사기,SMS,"간단한 상품 리뷰 알바 구합니다. 초보 가능, 건당 3,000원 지급. 카톡 @sidejob99","선입금(상품구매 대금 선결제) 요구로 이어지는 경우 多, 비현실적 고수익 강조, 기업 정보 불명확","재택부업_리뷰알바사기 다양성 보강 (Claude 생성, 합성 데이터)"
3573,1,스팸_사기,가짜채용,재택부업_리뷰알바사기,SMS,"재택 부업! 앱 다운로드 후기만 하면 건당 1,000원, 하루 10분 투자로 월 243만원. 문의 @quickcash","선입금(상품구매 대금 선결제) 요구로 이어지는 경우 多, 비현실적 고수익 강조, 기업 정보 불명확","재택부업_리뷰알바사기 다양성 보강 (Claude 생성, 합성 데이터)"
3574,1,스팸_사기,가짜채용,재택부업_리뷰알바사기,SMS,"재택 부업! 상품 리뷰만 하면 건당 1,000원, 하루 10분 투자로 월 311만원. 문의 @parttime_kr","선입금(상품구매 대금 선결제) 요구로 이어지는 경우 多, 비현실적 고수익 강조, 기업 정보 불명확","재택부업_리뷰알바사기 다양성 보강 (Claude 생성, 합성 데이터)"
3575,1,스팸_사기,가짜채용,재택부업_리뷰알바사기,SMS,"간단한 설문조사 알바 구합니다. 초보 가능, 건당 9,000원 지급. 카톡 @easyalba","선입금(상품구매 대금 선결제) 요구로 이어지는 경우 多, 비현실적 고수익 강조, 기업 정보 불명확","재택부업_리뷰알바사기 다양성 보강 (Claude 생성, 합성 데이터)"
3576,1,스팸_사기,가짜채용,재택부업_리뷰알바사기,SMS,"간단한 상품 리뷰 알바 구합니다. 초보 가능, 건당 9,000원 지급. 카톡 @parttime_kr","선입금(상품구매 대금 선결제) 요구로 이어지는 경우 多, 비현실적 고수익 강조, 기업 정보 불명확","재택부업_리뷰알바사기 다양성 보강 (Claude 생성, 합성 데이터)"
3577,1,스팸_사기,가짜채용,재택부업_리뷰알바사기,SMS,"재택 부업! 블로그 포스팅만 하면 건당 2,000원, 하루 30분 투자로 월 345만원. 문의 @parttime_kr","선입금(상품구매 대금 선결제) 요구로 이어지는 경우 多, 비현실적 고수익 강조, 기업 정보 불명확","재택부업_리뷰알바사기 다양성 보강 (Claude 생성, 합성 데이터)"
3578,1,스팸_사기,가짜채용,재택부업_리뷰알바사기,SMS,"간단한 블로그 포스팅 알바 구합니다. 초보 가능, 건당 9,000원 지급. 카톡 @easyalba","선입금(상품구매 대금 선결제) 요구로 이어지는 경우 多, 비현실적 고수익 강조, 기업 정보 불명확","재택부업_리뷰알바사기 다양성 보강 (Claude 생성, 합성 데이터)"
3579,1,스팸_사기,가짜채용,재택부업_리뷰알바사기,SMS,"재택 부업! 블로그 포스팅만 하면 건당 6,000원, 하루 10분 투자로 월 206만원. 문의 @quickcash","선입금(상품구매 대금 선결제) 요구로 이어지는 경우 多, 비현실적 고수익 강조, 기업 정보 불명확","재택부업_리뷰알바사기 다양성 보강 (Claude 생성, 합성 데이터)"
3580,1,스팸_사기,가짜채용,재택부업_리뷰알바사기,SMS,"간단한 앱 다운로드 후기 알바 구합니다. 초보 가능, 건당 9,000원 지급. 카톡 @moneyjob1","선입금(상품구매 대금 선결제) 요구로 이어지는 경우 多, 비현실적 고수익 강조, 기업 정보 불명확","재택부업_리뷰알바사기 다양성 보강 (Claude 생성, 합성 데이터)"
3581,1,스팸_사기,가짜채용,재택부업_리뷰알바사기,SMS,"간단한 설문조사 알바 구합니다. 초보 가능, 건당 4,000원 지급. 카톡 @easyalba","선입금(상품구매 대금 선결제) 요구로 이어지는 경우 多, 비현실적 고수익 강조, 기업 정보 불명확","재택부업_리뷰알바사기 다양성 보강 (Claude 생성, 합성 데이터)"
3582,1,스팸_사기,가짜채용,재택부업_리뷰알바사기,SMS,"재택 부업! 설문조사만 하면 건당 7,000원, 하루 20분 투자로 월 382만원. 문의 @sidejob99","선입금(상품구매 대금 선결제) 요구로 이어지는 경우 多, 비현실적 고수익 강조, 기업 정보 불명확","재택부업_리뷰알바사기 다양성 보강 (Claude 생성, 합성 데이터)"
3583,1,스팸_사기,가짜채용,재택부업_리뷰알바사기,SMS,"재택 부업! 설문조사만 하면 건당 2,000원, 하루 20분 투자로 월 183만원. 문의 @quickcash","선입금(상품구매 대금 선결제) 요구로 이어지는 경우 多, 비현실적 고수익 강조, 기업 정보 불명확","재택부업_리뷰알바사기 다양성 보강 (Claude 생성, 합성 데이터)"
3584,1,스팸_사기,가짜채용,재택부업_리뷰알바사기,SMS,"간단한 앱 다운로드 후기 알바 구합니다. 초보 가능, 건당 9,000원 지급. 카톡 @quickcash","선입금(상품구매 대금 선결제) 요구로 이어지는 경우 多, 비현실적 고수익 강조, 기업 정보 불명확","재택부업_리뷰알바사기 다양성 보강 (Claude 생성, 합성 데이터)"
3585,1,스팸_사기,가짜채용,재택부업_리뷰알바사기,SMS,"간단한 앱 다운로드 후기 알바 구합니다. 초보 가능, 건당 3,000원 지급. 카톡 @parttime_kr","선입금(상품구매 대금 선결제) 요구로 이어지는 경우 多, 비현실적 고수익 강조, 기업 정보 불명확","재택부업_리뷰알바사기 다양성 보강 (Claude 생성, 합성 데이터)"
3586,1,스팸_사기,가짜채용,재택부업_리뷰알바사기,SMS,"간단한 상품 리뷰 알바 구합니다. 초보 가능, 건당 3,000원 지급. 카톡 @quickcash","선입금(상품구매 대금 선결제) 요구로 이어지는 경우 多, 비현실적 고수익 강조, 기업 정보 불명확","재택부업_리뷰알바사기 다양성 보강 (Claude 생성, 합성 데이터)"
3587,1,스팸_사기,가짜채용,재택부업_리뷰알바사기,SMS,"재택 부업! 상품 리뷰만 하면 건당 6,000원, 하루 20분 투자로 월 335만원. 문의 @quickcash","선입금(상품구매 대금 선결제) 요구로 이어지는 경우 多, 비현실적 고수익 강조, 기업 정보 불명확","재택부업_리뷰알바사기 다양성 보강 (Claude 생성, 합성 데이터)"
3588,1,스팸_사기,가짜채용,재택부업_리뷰알바사기,SMS,"간단한 설문조사 알바 구합니다. 초보 가능, 건당 3,000원 지급. 카톡 @sidejob99","선입금(상품구매 대금 선결제) 요구로 이어지는 경우 多, 비현실적 고수익 강조, 기업 정보 불명확","재택부업_리뷰알바사기 다양성 보강 (Claude 생성, 합성 데이터)"
3589,1,스팸_사기,가짜채용,재택부업_리뷰알바사기,SMS,"재택 부업! 설문조사만 하면 건당 9,000원, 하루 20분 투자로 월 296만원. 문의 @parttime_kr","선입금(상품구매 대금 선결제) 요구로 이어지는 경우 多, 비현실적 고수익 강조, 기업 정보 불명확","재택부업_리뷰알바사기 다양성 보강 (Claude 생성, 합성 데이터)"
3590,1,스팸_사기,가짜채용,재택부업_리뷰알바사기,SMS,"간단한 블로그 포스팅 알바 구합니다. 초보 가능, 건당 7,000원 지급. 카톡 @quickcash","선입금(상품구매 대금 선결제) 요구로 이어지는 경우 多, 비현실적 고수익 강조, 기업 정보 불명확","재택부업_리뷰알바사기 다양성 보강 (Claude 생성, 합성 데이터)"
3591,1,스팸_사기,가짜채용,재택부업_리뷰알바사기,SMS,"재택 부업! 상품 리뷰만 하면 건당 9,000원, 하루 10분 투자로 월 392만원. 문의 @quickcash","선입금(상품구매 대금 선결제) 요구로 이어지는 경우 多, 비현실적 고수익 강조, 기업 정보 불명확","재택부업_리뷰알바사기 다양성 보강 (Claude 생성, 합성 데이터)"
3592,1,스팸_사기,악성_해킹시도,청첩장_부고장사칭_스미싱,SMS,[부고] 최하은님 관련 소식을 전해드립니다. 안내: http://invite-2260.kr/56,"지인 사칭, 모바일 청첩장/부고장 클릭 유도 후 악성 앱 설치, 실제 지인 확인 불가","청첩장_부고장사칭_스미싱 다양성 보강 (Claude 생성, 합성 데이터)"
3593,1,스팸_사기,악성_해킹시도,청첩장_부고장사칭_스미싱,SMS,[부고] 박지훈님 관련 소식을 전해드립니다. 안내: http://invite-6399.kr/66,"지인 사칭, 모바일 청첩장/부고장 클릭 유도 후 악성 앱 설치, 실제 지인 확인 불가","청첩장_부고장사칭_스미싱 다양성 보강 (Claude 생성, 합성 데이터)"
3594,1,스팸_사기,악성_해킹시도,청첩장_부고장사칭_스미싱,SMS,정도윤님의 결혼식에 초대합니다. 모바일 초대장 확인하기 http://invite-9939.kr/33,"지인 사칭, 모바일 청첩장/부고장 클릭 유도 후 악성 앱 설치, 실제 지인 확인 불가","청첩장_부고장사칭_스미싱 다양성 보강 (Claude 생성, 합성 데이터)"
3595,1,스팸_사기,악성_해킹시도,청첩장_부고장사칭_스미싱,SMS,박지훈님의 돌잔치에 초대합니다. 모바일 초대장 확인하기 http://invite-2392.kr/23,"지인 사칭, 모바일 청첩장/부고장 클릭 유도 후 악성 앱 설치, 실제 지인 확인 불가","청첩장_부고장사칭_스미싱 다양성 보강 (Claude 생성, 합성 데이터)"
3596,1,스팸_사기,악성_해킹시도,청첩장_부고장사칭_스미싱,SMS,이서연님의 돌잔치에 초대합니다. 모바일 초대장 확인하기 http://invite-9499.kr/81,"지인 사칭, 모바일 청첩장/부고장 클릭 유도 후 악성 앱 설치, 실제 지인 확인 불가","청첩장_부고장사칭_스미싱 다양성 보강 (Claude 생성, 합성 데이터)"
3597,1,스팸_사기,악성_해킹시도,청첩장_부고장사칭_스미싱,SMS,정도윤님의 결혼식에 초대합니다. 모바일 부고장 확인하기 http://invite-1157.kr/72,"지인 사칭, 모바일 청첩장/부고장 클릭 유도 후 악성 앱 설치, 실제 지인 확인 불가","청첩장_부고장사칭_스미싱 다양성 보강 (Claude 생성, 합성 데이터)"
3598,1,스팸_사기,악성_해킹시도,청첩장_부고장사칭_스미싱,SMS,[부고] 최하은님 관련 소식을 전해드립니다. 안내: http://invite-4065.kr/50,"지인 사칭, 모바일 청첩장/부고장 클릭 유도 후 악성 앱 설치, 실제 지인 확인 불가","청첩장_부고장사칭_스미싱 다양성 보강 (Claude 생성, 합성 데이터)"
3599,1,스팸_사기,악성_해킹시도,청첩장_부고장사칭_스미싱,SMS,[부고] 최하은님 관련 소식을 전해드립니다. 안내: http://invite-4053.kr/91,"지인 사칭, 모바일 청첩장/부고장 클릭 유도 후 악성 앱 설치, 실제 지인 확인 불가","청첩장_부고장사칭_스미싱 다양성 보강 (Claude 생성, 합성 데이터)"
3600,1,스팸_사기,악성_해킹시도,청첩장_부고장사칭_스미싱,SMS,[부고] 박지훈님 관련 소식을 전해드립니다. 안내: http://invite-1725.kr/82,"지인 사칭, 모바일 청첩장/부고장 클릭 유도 후 악성 앱 설치, 실제 지인 확인 불가","청첩장_부고장사칭_스미싱 다양성 보강 (Claude 생성, 합성 데이터)"
3601,1,스팸_사기,악성_해킹시도,청첩장_부고장사칭_스미싱,SMS,정도윤님의 돌잔치에 초대합니다. 모바일 초대장 확인하기 http://invite-7853.kr/79,"지인 사칭, 모바일 청첩장/부고장 클릭 유도 후 악성 앱 설치, 실제 지인 확인 불가","청첩장_부고장사칭_스미싱 다양성 보강 (Claude 생성, 합성 데이터)"
3602,1,스팸_사기,악성_해킹시도,청첩장_부고장사칭_스미싱,SMS,정도윤님의 결혼식에 초대합니다. 모바일 부고장 확인하기 http://invite-6766.kr/68,"지인 사칭, 모바일 청첩장/부고장 클릭 유도 후 악성 앱 설치, 실제 지인 확인 불가","청첩장_부고장사칭_스미싱 다양성 보강 (Claude 생성, 합성 데이터)"
3603,1,스팸_사기,악성_해킹시도,청첩장_부고장사칭_스미싱,SMS,[부고] 박지훈님 관련 소식을 전해드립니다. 안내: http://invite-9537.kr/71,"지인 사칭, 모바일 청첩장/부고장 클릭 유도 후 악성 앱 설치, 실제 지인 확인 불가","청첩장_부고장사칭_스미싱 다양성 보강 (Claude 생성, 합성 데이터)"
3604,1,스팸_사기,악성_해킹시도,청첩장_부고장사칭_스미싱,SMS,최하은님의 결혼식에 초대합니다. 모바일 부고장 확인하기 http://invite-8412.kr/50,"지인 사칭, 모바일 청첩장/부고장 클릭 유도 후 악성 앱 설치, 실제 지인 확인 불가","청첩장_부고장사칭_스미싱 다양성 보강 (Claude 생성, 합성 데이터)"
3605,1,스팸_사기,악성_해킹시도,청첩장_부고장사칭_스미싱,SMS,최하은님의 돌잔치에 초대합니다. 모바일 초대장 확인하기 http://invite-3838.kr/81,"지인 사칭, 모바일 청첩장/부고장 클릭 유도 후 악성 앱 설치, 실제 지인 확인 불가","청첩장_부고장사칭_스미싱 다양성 보강 (Claude 생성, 합성 데이터)"
3606,1,스팸_사기,악성_해킹시도,청첩장_부고장사칭_스미싱,SMS,이서연님의 돌잔치에 초대합니다. 모바일 초대장 확인하기 http://invite-9123.kr/86,"지인 사칭, 모바일 청첩장/부고장 클릭 유도 후 악성 앱 설치, 실제 지인 확인 불가","청첩장_부고장사칭_스미싱 다양성 보강 (Claude 생성, 합성 데이터)"
3607,1,스팸_사기,악성_해킹시도,청첩장_부고장사칭_스미싱,SMS,[부고] 김민준님 관련 소식을 전해드립니다. 안내: http://invite-3321.kr/54,"지인 사칭, 모바일 청첩장/부고장 클릭 유도 후 악성 앱 설치, 실제 지인 확인 불가","청첩장_부고장사칭_스미싱 다양성 보강 (Claude 생성, 합성 데이터)"
3608,1,스팸_사기,악성_해킹시도,청첩장_부고장사칭_스미싱,SMS,최하은님의 장례식에 초대합니다. 모바일 부고장 확인하기 http://invite-9044.kr/83,"지인 사칭, 모바일 청첩장/부고장 클릭 유도 후 악성 앱 설치, 실제 지인 확인 불가","청첩장_부고장사칭_스미싱 다양성 보강 (Claude 생성, 합성 데이터)"
3609,1,스팸_사기,악성_해킹시도,청첩장_부고장사칭_스미싱,SMS,박지훈님의 장례식에 초대합니다. 모바일 부고장 확인하기 http://invite-7437.kr/56,"지인 사칭, 모바일 청첩장/부고장 클릭 유도 후 악성 앱 설치, 실제 지인 확인 불가","청첩장_부고장사칭_스미싱 다양성 보강 (Claude 생성, 합성 데이터)"
3610,1,스팸_사기,악성_해킹시도,청첩장_부고장사칭_스미싱,SMS,[부고] 이서연님 관련 소식을 전해드립니다. 안내: http://invite-3525.kr/64,"지인 사칭, 모바일 청첩장/부고장 클릭 유도 후 악성 앱 설치, 실제 지인 확인 불가","청첩장_부고장사칭_스미싱 다양성 보강 (Claude 생성, 합성 데이터)"
3611,1,스팸_사기,악성_해킹시도,청첩장_부고장사칭_스미싱,SMS,정도윤님의 결혼식에 초대합니다. 모바일 부고장 확인하기 http://invite-7985.kr/69,"지인 사칭, 모바일 청첩장/부고장 클릭 유도 후 악성 앱 설치, 실제 지인 확인 불가","청첩장_부고장사칭_스미싱 다양성 보강 (Claude 생성, 합성 데이터)"
3612,1,스팸_사기,악성_해킹시도,청첩장_부고장사칭_스미싱,SMS,[부고] 박지훈님 관련 소식을 전해드립니다. 안내: http://invite-2867.kr/43,"지인 사칭, 모바일 청첩장/부고장 클릭 유도 후 악성 앱 설치, 실제 지인 확인 불가","청첩장_부고장사칭_스미싱 다양성 보강 (Claude 생성, 합성 데이터)"
3613,1,스팸_사기,악성_해킹시도,청첩장_부고장사칭_스미싱,SMS,[부고] 최하은님 관련 소식을 전해드립니다. 안내: http://invite-4232.kr/67,"지인 사칭, 모바일 청첩장/부고장 클릭 유도 후 악성 앱 설치, 실제 지인 확인 불가","청첩장_부고장사칭_스미싱 다양성 보강 (Claude 생성, 합성 데이터)"
3614,1,스팸_사기,악성_해킹시도,청첩장_부고장사칭_스미싱,SMS,[부고] 최하은님 관련 소식을 전해드립니다. 안내: http://invite-4519.kr/36,"지인 사칭, 모바일 청첩장/부고장 클릭 유도 후 악성 앱 설치, 실제 지인 확인 불가","청첩장_부고장사칭_스미싱 다양성 보강 (Claude 생성, 합성 데이터)"
3615,1,스팸_사기,악성_해킹시도,청첩장_부고장사칭_스미싱,SMS,최하은님의 장례식에 초대합니다. 모바일 부고장 확인하기 http://invite-8586.kr/96,"지인 사칭, 모바일 청첩장/부고장 클릭 유도 후 악성 앱 설치, 실제 지인 확인 불가","청첩장_부고장사칭_스미싱 다양성 보강 (Claude 생성, 합성 데이터)"
3616,1,스팸_사기,악성_해킹시도,청첩장_부고장사칭_스미싱,SMS,김민준님의 돌잔치에 초대합니다. 모바일 청첩장 확인하기 http://invite-4996.kr/76,"지인 사칭, 모바일 청첩장/부고장 클릭 유도 후 악성 앱 설치, 실제 지인 확인 불가","청첩장_부고장사칭_스미싱 다양성 보강 (Claude 생성, 합성 데이터)"
3617,1,스팸_사기,악성_해킹시도,청첩장_부고장사칭_스미싱,SMS,정도윤님의 돌잔치에 초대합니다. 모바일 청첩장 확인하기 http://invite-8848.kr/50,"지인 사칭, 모바일 청첩장/부고장 클릭 유도 후 악성 앱 설치, 실제 지인 확인 불가","청첩장_부고장사칭_스미싱 다양성 보강 (Claude 생성, 합성 데이터)"
3618,1,스팸_사기,악성_해킹시도,청첩장_부고장사칭_스미싱,SMS,박지훈님의 결혼식에 초대합니다. 모바일 청첩장 확인하기 http://invite-6003.kr/24,"지인 사칭, 모바일 청첩장/부고장 클릭 유도 후 악성 앱 설치, 실제 지인 확인 불가","청첩장_부고장사칭_스미싱 다양성 보강 (Claude 생성, 합성 데이터)"
3619,1,스팸_사기,악성_해킹시도,청첩장_부고장사칭_스미싱,SMS,[부고] 최하은님 관련 소식을 전해드립니다. 안내: http://invite-5991.kr/10,"지인 사칭, 모바일 청첩장/부고장 클릭 유도 후 악성 앱 설치, 실제 지인 확인 불가","청첩장_부고장사칭_스미싱 다양성 보강 (Claude 생성, 합성 데이터)"
3620,1,스팸_사기,악성_해킹시도,청첩장_부고장사칭_스미싱,SMS,[부고] 최하은님 관련 소식을 전해드립니다. 안내: http://invite-3280.kr/91,"지인 사칭, 모바일 청첩장/부고장 클릭 유도 후 악성 앱 설치, 실제 지인 확인 불가","청첩장_부고장사칭_스미싱 다양성 보강 (Claude 생성, 합성 데이터)"
3621,1,스팸_사기,악성_해킹시도,청첩장_부고장사칭_스미싱,SMS,[부고] 박지훈님 관련 소식을 전해드립니다. 안내: http://invite-2712.kr/47,"지인 사칭, 모바일 청첩장/부고장 클릭 유도 후 악성 앱 설치, 실제 지인 확인 불가","청첩장_부고장사칭_스미싱 다양성 보강 (Claude 생성, 합성 데이터)"
3622,1,스팸_사기,악성_해킹시도,청첩장_부고장사칭_스미싱,SMS,[부고] 박지훈님 관련 소식을 전해드립니다. 안내: http://invite-2885.kr/12,"지인 사칭, 모바일 청첩장/부고장 클릭 유도 후 악성 앱 설치, 실제 지인 확인 불가","청첩장_부고장사칭_스미싱 다양성 보강 (Claude 생성, 합성 데이터)"
3623,1,스팸_사기,악성_해킹시도,청첩장_부고장사칭_스미싱,SMS,[부고] 김민준님 관련 소식을 전해드립니다. 안내: http://invite-9796.kr/33,"지인 사칭, 모바일 청첩장/부고장 클릭 유도 후 악성 앱 설치, 실제 지인 확인 불가","청첩장_부고장사칭_스미싱 다양성 보강 (Claude 생성, 합성 데이터)"
3624,1,스팸_사기,악성_해킹시도,청첩장_부고장사칭_스미싱,SMS,[부고] 정도윤님 관련 소식을 전해드립니다. 안내: http://invite-7367.kr/88,"지인 사칭, 모바일 청첩장/부고장 클릭 유도 후 악성 앱 설치, 실제 지인 확인 불가","청첩장_부고장사칭_스미싱 다양성 보강 (Claude 생성, 합성 데이터)"
3625,1,스팸_사기,악성_해킹시도,청첩장_부고장사칭_스미싱,SMS,[부고] 박지훈님 관련 소식을 전해드립니다. 안내: http://invite-1172.kr/22,"지인 사칭, 모바일 청첩장/부고장 클릭 유도 후 악성 앱 설치, 실제 지인 확인 불가","청첩장_부고장사칭_스미싱 다양성 보강 (Claude 생성, 합성 데이터)"
3626,1,스팸_사기,악성_해킹시도,청첩장_부고장사칭_스미싱,SMS,[부고] 최하은님 관련 소식을 전해드립니다. 안내: http://invite-3230.kr/48,"지인 사칭, 모바일 청첩장/부고장 클릭 유도 후 악성 앱 설치, 실제 지인 확인 불가","청첩장_부고장사칭_스미싱 다양성 보강 (Claude 생성, 합성 데이터)"
3627,1,스팸_사기,악성_해킹시도,청첩장_부고장사칭_스미싱,SMS,[부고] 박지훈님 관련 소식을 전해드립니다. 안내: http://invite-9369.kr/59,"지인 사칭, 모바일 청첩장/부고장 클릭 유도 후 악성 앱 설치, 실제 지인 확인 불가","청첩장_부고장사칭_스미싱 다양성 보강 (Claude 생성, 합성 데이터)"
3628,1,스팸_사기,악성_해킹시도,청첩장_부고장사칭_스미싱,SMS,박지훈님의 돌잔치에 초대합니다. 모바일 초대장 확인하기 http://invite-2388.kr/96,"지인 사칭, 모바일 청첩장/부고장 클릭 유도 후 악성 앱 설치, 실제 지인 확인 불가","청첩장_부고장사칭_스미싱 다양성 보강 (Claude 생성, 합성 데이터)"
3629,1,스팸_사기,악성_해킹시도,청첩장_부고장사칭_스미싱,SMS,[부고] 김민준님 관련 소식을 전해드립니다. 안내: http://invite-8851.kr/84,"지인 사칭, 모바일 청첩장/부고장 클릭 유도 후 악성 앱 설치, 실제 지인 확인 불가","청첩장_부고장사칭_스미싱 다양성 보강 (Claude 생성, 합성 데이터)"
3630,1,스팸_사기,악성_해킹시도,청첩장_부고장사칭_스미싱,SMS,최하은님의 돌잔치에 초대합니다. 모바일 청첩장 확인하기 http://invite-8183.kr/47,"지인 사칭, 모바일 청첩장/부고장 클릭 유도 후 악성 앱 설치, 실제 지인 확인 불가","청첩장_부고장사칭_스미싱 다양성 보강 (Claude 생성, 합성 데이터)"
3631,1,스팸_사기,악성_해킹시도,청첩장_부고장사칭_스미싱,SMS,정도윤님의 결혼식에 초대합니다. 모바일 초대장 확인하기 http://invite-7286.kr/64,"지인 사칭, 모바일 청첩장/부고장 클릭 유도 후 악성 앱 설치, 실제 지인 확인 불가","청첩장_부고장사칭_스미싱 다양성 보강 (Claude 생성, 합성 데이터)"
3632,0,정상,정상,은행정상알림,SMS,[쿠팡] 이체 인증번호 169326를 앱에 입력해주세요. 타인 요구 시 절대 알려주지 마세요.,해당없음(정상 메시지),"정상 인증번호/OTP 문자 보강 (Claude 생성, 합성 데이터)"
3633,0,정상,정상,은행정상알림,SMS,[배달의민족] 로그인 인증번호 600905를 입력해주세요. (3분 내 유효),해당없음(정상 메시지),"정상 인증번호/OTP 문자 보강 (Claude 생성, 합성 데이터)"
3634,0,정상,정상,은행정상알림,SMS,[토스뱅크] 이체 인증번호 406849를 앱에 입력해주세요. 타인 요구 시 절대 알려주지 마세요.,해당없음(정상 메시지),"정상 인증번호/OTP 문자 보강 (Claude 생성, 합성 데이터)"
3635,0,정상,정상,은행정상알림,SMS,[정부24] 로그인 인증번호 550081를 입력해주세요. (3분 내 유효),해당없음(정상 메시지),"정상 인증번호/OTP 문자 보강 (Claude 생성, 합성 데이터)"
3636,0,정상,정상,은행정상알림,SMS,[배달의민족] 2단계 인증 코드: 381819 (5분간 유효),해당없음(정상 메시지),"정상 인증번호/OTP 문자 보강 (Claude 생성, 합성 데이터)"
3637,0,정상,정상,은행정상알림,SMS,[우리은행] 인증번호는 692862입니다. 타인에게 절대 알려주지 마세요.,해당없음(정상 메시지),"정상 인증번호/OTP 문자 보강 (Claude 생성, 합성 데이터)"
3638,0,정상,정상,은행정상알림,SMS,[토스뱅크] 인증번호는 623879입니다. 타인에게 절대 알려주지 마세요.,해당없음(정상 메시지),"정상 인증번호/OTP 문자 보강 (Claude 생성, 합성 데이터)"
3639,0,정상,정상,은행정상알림,SMS,[신한은행] 이체 인증번호 945106를 앱에 입력해주세요. 타인 요구 시 절대 알려주지 마세요.,해당없음(정상 메시지),"정상 인증번호/OTP 문자 보강 (Claude 생성, 합성 데이터)"
3640,0,정상,정상,은행정상알림,SMS,[배달의민족] 로그인 인증번호 758589를 입력해주세요. (3분 내 유효),해당없음(정상 메시지),"정상 인증번호/OTP 문자 보강 (Claude 생성, 합성 데이터)"
3641,0,정상,정상,은행정상알림,SMS,[하나은행] 이체 인증번호 633541를 앱에 입력해주세요. 타인 요구 시 절대 알려주지 마세요.,해당없음(정상 메시지),"정상 인증번호/OTP 문자 보강 (Claude 생성, 합성 데이터)"
3642,0,정상,정상,은행정상알림,SMS,[삼성카드] 회원가입 인증번호는 443187입니다.,해당없음(정상 메시지),"정상 인증번호/OTP 문자 보강 (Claude 생성, 합성 데이터)"
3643,0,정상,정상,은행정상알림,SMS,[카카오] 이체 인증번호 180813를 앱에 입력해주세요. 타인 요구 시 절대 알려주지 마세요.,해당없음(정상 메시지),"정상 인증번호/OTP 문자 보강 (Claude 생성, 합성 데이터)"
3644,0,정상,정상,은행정상알림,SMS,[신한카드] 이체 인증번호 435476를 앱에 입력해주세요. 타인 요구 시 절대 알려주지 마세요.,해당없음(정상 메시지),"정상 인증번호/OTP 문자 보강 (Claude 생성, 합성 데이터)"
3645,0,정상,정상,은행정상알림,SMS,[홈택스] 회원가입 인증번호는 612438입니다.,해당없음(정상 메시지),"정상 인증번호/OTP 문자 보강 (Claude 생성, 합성 데이터)"
3646,0,정상,정상,은행정상알림,SMS,[신한은행] 회원가입 인증번호는 223088입니다.,해당없음(정상 메시지),"정상 인증번호/OTP 문자 보강 (Claude 생성, 합성 데이터)"
3647,0,정상,정상,은행정상알림,SMS,[쿠팡] 이체 인증번호 220936를 앱에 입력해주세요. 타인 요구 시 절대 알려주지 마세요.,해당없음(정상 메시지),"정상 인증번호/OTP 문자 보강 (Claude 생성, 합성 데이터)"
3648,0,정상,정상,은행정상알림,SMS,[하나은행] 본인확인 인증번호: 775933,해당없음(정상 메시지),"정상 인증번호/OTP 문자 보강 (Claude 생성, 합성 데이터)"
3649,0,정상,정상,은행정상알림,SMS,[카카오뱅크] 로그인 인증번호 918665를 입력해주세요. (3분 내 유효),해당없음(정상 메시지),"정상 인증번호/OTP 문자 보강 (Claude 생성, 합성 데이터)"
3650,0,정상,정상,은행정상알림,SMS,[쿠팡] 이체 인증번호 284178를 앱에 입력해주세요. 타인 요구 시 절대 알려주지 마세요.,해당없음(정상 메시지),"정상 인증번호/OTP 문자 보강 (Claude 생성, 합성 데이터)"
3651,0,정상,정상,은행정상알림,SMS,[정부24] 본인확인 인증번호: 815707,해당없음(정상 메시지),"정상 인증번호/OTP 문자 보강 (Claude 생성, 합성 데이터)"
3652,0,정상,정상,은행정상알림,SMS,"[홈택스] 비밀번호 재설정 인증번호 812296, 요청하지 않았다면 이 문자를 무시하세요.",해당없음(정상 메시지),"정상 인증번호/OTP 문자 보강 (Claude 생성, 합성 데이터)"
3653,0,정상,정상,은행정상알림,SMS,[하나은행] 2단계 인증 코드: 502594 (5분간 유효),해당없음(정상 메시지),"정상 인증번호/OTP 문자 보강 (Claude 생성, 합성 데이터)"
3654,0,정상,정상,은행정상알림,SMS,[정부24] 2단계 인증 코드: 619373 (5분간 유효),해당없음(정상 메시지),"정상 인증번호/OTP 문자 보강 (Claude 생성, 합성 데이터)"
3655,0,정상,정상,은행정상알림,SMS,[하나은행] 본인확인 인증번호: 360322,해당없음(정상 메시지),"정상 인증번호/OTP 문자 보강 (Claude 생성, 합성 데이터)"
3656,0,정상,정상,은행정상알림,SMS,"[정부24] 비밀번호 재설정 인증번호 963274, 요청하지 않았다면 이 문자를 무시하세요.",해당없음(정상 메시지),"정상 인증번호/OTP 문자 보강 (Claude 생성, 합성 데이터)"
3657,0,정상,정상,은행정상알림,SMS,[국민은행] 본인확인 인증번호: 787757,해당없음(정상 메시지),"정상 인증번호/OTP 문자 보강 (Claude 생성, 합성 데이터)"
3658,0,정상,정상,은행정상알림,SMS,[정부24] 인증번호는 697766입니다. 타인에게 절대 알려주지 마세요.,해당없음(정상 메시지),"정상 인증번호/OTP 문자 보강 (Claude 생성, 합성 데이터)"
3659,0,정상,정상,은행정상알림,SMS,[우리은행] 이체 인증번호 416528를 앱에 입력해주세요. 타인 요구 시 절대 알려주지 마세요.,해당없음(정상 메시지),"정상 인증번호/OTP 문자 보강 (Claude 생성, 합성 데이터)"
3660,0,정상,정상,은행정상알림,SMS,[정부24] 2단계 인증 코드: 781406 (5분간 유효),해당없음(정상 메시지),"정상 인증번호/OTP 문자 보강 (Claude 생성, 합성 데이터)"
3661,0,정상,정상,은행정상알림,SMS,[삼성카드] 본인확인 인증번호: 438548,해당없음(정상 메시지),"정상 인증번호/OTP 문자 보강 (Claude 생성, 합성 데이터)"
3662,0,정상,정상,은행정상알림,SMS,[네이버] 인증번호는 478638입니다. 타인에게 절대 알려주지 마세요.,해당없음(정상 메시지),"정상 인증번호/OTP 문자 보강 (Claude 생성, 합성 데이터)"
3663,0,정상,정상,은행정상알림,SMS,[홈택스] 로그인 인증번호 190898를 입력해주세요. (3분 내 유효),해당없음(정상 메시지),"정상 인증번호/OTP 문자 보강 (Claude 생성, 합성 데이터)"
3664,0,정상,정상,은행정상알림,SMS,[하나은행] 회원가입 인증번호는 504630입니다.,해당없음(정상 메시지),"정상 인증번호/OTP 문자 보강 (Claude 생성, 합성 데이터)"
3665,0,정상,정상,은행정상알림,SMS,[카카오] 이체 인증번호 381770를 앱에 입력해주세요. 타인 요구 시 절대 알려주지 마세요.,해당없음(정상 메시지),"정상 인증번호/OTP 문자 보강 (Claude 생성, 합성 데이터)"
3666,0,정상,정상,은행정상알림,SMS,[정부24] 2단계 인증 코드: 348455 (5분간 유효),해당없음(정상 메시지),"정상 인증번호/OTP 문자 보강 (Claude 생성, 합성 데이터)"
3667,0,정상,정상,은행정상알림,SMS,[신한은행] 로그인 인증번호 623850를 입력해주세요. (3분 내 유효),해당없음(정상 메시지),"정상 인증번호/OTP 문자 보강 (Claude 생성, 합성 데이터)"
3668,0,정상,정상,은행정상알림,SMS,[정부24] 인증번호는 896922입니다. 타인에게 절대 알려주지 마세요.,해당없음(정상 메시지),"정상 인증번호/OTP 문자 보강 (Claude 생성, 합성 데이터)"
3669,0,정상,정상,은행정상알림,SMS,[신한카드] 본인확인 인증번호: 550246,해당없음(정상 메시지),"정상 인증번호/OTP 문자 보강 (Claude 생성, 합성 데이터)"
3670,0,정상,정상,은행정상알림,SMS,"[신한카드] 비밀번호 재설정 인증번호 400404, 요청하지 않았다면 이 문자를 무시하세요.",해당없음(정상 메시지),"정상 인증번호/OTP 문자 보강 (Claude 생성, 합성 데이터)"
3671,0,정상,정상,은행정상알림,SMS,[카카오] 2단계 인증 코드: 608913 (5분간 유효),해당없음(정상 메시지),"정상 인증번호/OTP 문자 보강 (Claude 생성, 합성 데이터)"
3672,0,정상,정상,은행정상알림,SMS,[국민은행] 본인확인 인증번호: 326222,해당없음(정상 메시지),"정상 인증번호/OTP 문자 보강 (Claude 생성, 합성 데이터)"
3673,0,정상,정상,은행정상알림,SMS,[배달의민족] 이체 인증번호 539740를 앱에 입력해주세요. 타인 요구 시 절대 알려주지 마세요.,해당없음(정상 메시지),"정상 인증번호/OTP 문자 보강 (Claude 생성, 합성 데이터)"
3674,0,정상,정상,은행정상알림,SMS,[홈택스] 인증번호는 934328입니다. 타인에게 절대 알려주지 마세요.,해당없음(정상 메시지),"정상 인증번호/OTP 문자 보강 (Claude 생성, 합성 데이터)"
3675,0,정상,정상,은행정상알림,SMS,"[네이버] 비밀번호 재설정 인증번호 236937, 요청하지 않았다면 이 문자를 무시하세요.",해당없음(정상 메시지),"정상 인증번호/OTP 문자 보강 (Claude 생성, 합성 데이터)"
3676,0,정상,정상,은행정상알림,SMS,[신한카드] 로그인 인증번호 822040를 입력해주세요. (3분 내 유효),해당없음(정상 메시지),"정상 인증번호/OTP 문자 보강 (Claude 생성, 합성 데이터)"
3677,0,정상,정상,은행정상알림,SMS,[국민은행] 본인확인 인증번호: 946313,해당없음(정상 메시지),"정상 인증번호/OTP 문자 보강 (Claude 생성, 합성 데이터)"
3678,0,정상,정상,은행정상알림,SMS,[정부24] 2단계 인증 코드: 531589 (5분간 유효),해당없음(정상 메시지),"정상 인증번호/OTP 문자 보강 (Claude 생성, 합성 데이터)"
3679,0,정상,정상,은행정상알림,SMS,[배달의민족] 회원가입 인증번호는 765678입니다.,해당없음(정상 메시지),"정상 인증번호/OTP 문자 보강 (Claude 생성, 합성 데이터)"
3680,0,정상,정상,은행정상알림,SMS,[하나은행] 2단계 인증 코드: 316995 (5분간 유효),해당없음(정상 메시지),"정상 인증번호/OTP 문자 보강 (Claude 생성, 합성 데이터)"
3681,0,정상,정상,은행정상알림,SMS,[카카오뱅크] 이체 인증번호 833417를 앱에 입력해주세요. 타인 요구 시 절대 알려주지 마세요.,해당없음(정상 메시지),"정상 인증번호/OTP 문자 보강 (Claude 생성, 합성 데이터)"
3682,0,정상,정상,은행정상알림,SMS,[홈택스] 인증번호는 542828입니다. 타인에게 절대 알려주지 마세요.,해당없음(정상 메시지),"정상 인증번호/OTP 문자 보강 (Claude 생성, 합성 데이터)"
3683,0,정상,정상,은행정상알림,SMS,"[신한카드] 비밀번호 재설정 인증번호 886224, 요청하지 않았다면 이 문자를 무시하세요.",해당없음(정상 메시지),"정상 인증번호/OTP 문자 보강 (Claude 생성, 합성 데이터)"
3684,0,정상,정상,은행정상알림,SMS,[우리은행] 2단계 인증 코드: 387330 (5분간 유효),해당없음(정상 메시지),"정상 인증번호/OTP 문자 보강 (Claude 생성, 합성 데이터)"
3685,0,정상,정상,은행정상알림,SMS,"[카카오] 비밀번호 재설정 인증번호 157701, 요청하지 않았다면 이 문자를 무시하세요.",해당없음(정상 메시지),"정상 인증번호/OTP 문자 보강 (Claude 생성, 합성 데이터)"
3686,0,정상,정상,은행정상알림,SMS,[국민은행] 2단계 인증 코드: 898025 (5분간 유효),해당없음(정상 메시지),"정상 인증번호/OTP 문자 보강 (Claude 생성, 합성 데이터)"
3687,0,정상,정상,은행정상알림,SMS,[정부24] 2단계 인증 코드: 809083 (5분간 유효),해당없음(정상 메시지),"정상 인증번호/OTP 문자 보강 (Claude 생성, 합성 데이터)"
3688,0,정상,정상,은행정상알림,SMS,[배달의민족] 로그인 인증번호 531709를 입력해주세요. (3분 내 유효),해당없음(정상 메시지),"정상 인증번호/OTP 문자 보강 (Claude 생성, 합성 데이터)"
3689,0,정상,정상,은행정상알림,SMS,[카카오] 인증번호는 911739입니다. 타인에게 절대 알려주지 마세요.,해당없음(정상 메시지),"정상 인증번호/OTP 문자 보강 (Claude 생성, 합성 데이터)"
3690,0,정상,정상,은행정상알림,SMS,[하나은행] 인증번호는 594681입니다. 타인에게 절대 알려주지 마세요.,해당없음(정상 메시지),"정상 인증번호/OTP 문자 보강 (Claude 생성, 합성 데이터)"
3691,0,정상,정상,은행정상알림,SMS,[홈택스] 본인확인 인증번호: 454161,해당없음(정상 메시지),"정상 인증번호/OTP 문자 보강 (Claude 생성, 합성 데이터)"
3692,0,정상,정상,은행정상알림,SMS,[신한카드] 2단계 인증 코드: 322142 (5분간 유효),해당없음(정상 메시지),"정상 인증번호/OTP 문자 보강 (Claude 생성, 합성 데이터)"
3693,0,정상,정상,은행정상알림,SMS,[배달의민족] 회원가입 인증번호는 672892입니다.,해당없음(정상 메시지),"정상 인증번호/OTP 문자 보강 (Claude 생성, 합성 데이터)"
3694,0,정상,정상,은행정상알림,SMS,[네이버] 로그인 인증번호 947312를 입력해주세요. (3분 내 유효),해당없음(정상 메시지),"정상 인증번호/OTP 문자 보강 (Claude 생성, 합성 데이터)"
3695,0,정상,정상,은행정상알림,SMS,[카카오] 로그인 인증번호 644676를 입력해주세요. (3분 내 유효),해당없음(정상 메시지),"정상 인증번호/OTP 문자 보강 (Claude 생성, 합성 데이터)"
3696,0,정상,정상,은행정상알림,SMS,[토스뱅크] 회원가입 인증번호는 257375입니다.,해당없음(정상 메시지),"정상 인증번호/OTP 문자 보강 (Claude 생성, 합성 데이터)"
3697,0,정상,정상,은행정상알림,SMS,[카카오] 로그인 인증번호 922974를 입력해주세요. (3분 내 유효),해당없음(정상 메시지),"정상 인증번호/OTP 문자 보강 (Claude 생성, 합성 데이터)"
3698,0,정상,정상,은행정상알림,SMS,[신한은행] 인증번호는 428572입니다. 타인에게 절대 알려주지 마세요.,해당없음(정상 메시지),"정상 인증번호/OTP 문자 보강 (Claude 생성, 합성 데이터)"
3699,0,정상,정상,은행정상알림,SMS,[홈택스] 이체 인증번호 197666를 앱에 입력해주세요. 타인 요구 시 절대 알려주지 마세요.,해당없음(정상 메시지),"정상 인증번호/OTP 문자 보강 (Claude 생성, 합성 데이터)"
3700,0,정상,정상,은행정상알림,SMS,[우리은행] 회원가입 인증번호는 468247입니다.,해당없음(정상 메시지),"정상 인증번호/OTP 문자 보강 (Claude 생성, 합성 데이터)"
3701,0,정상,정상,은행정상알림,SMS,[신한은행] 인증번호는 323788입니다. 타인에게 절대 알려주지 마세요.,해당없음(정상 메시지),"정상 인증번호/OTP 문자 보강 (Claude 생성, 합성 데이터)"
3702,0,정상,정상,은행정상알림,SMS,[삼성카드] 인증번호는 239145입니다. 타인에게 절대 알려주지 마세요.,해당없음(정상 메시지),"정상 인증번호/OTP 문자 보강 (Claude 생성, 합성 데이터)"
3703,0,정상,정상,은행정상알림,SMS,[정부24] 2단계 인증 코드: 425790 (5분간 유효),해당없음(정상 메시지),"정상 인증번호/OTP 문자 보강 (Claude 생성, 합성 데이터)"
3704,0,정상,정상,은행정상알림,SMS,[우리은행] 2단계 인증 코드: 137081 (5분간 유효),해당없음(정상 메시지),"정상 인증번호/OTP 문자 보강 (Claude 생성, 합성 데이터)"
3705,0,정상,정상,은행정상알림,SMS,[홈택스] 이체 인증번호 371840를 앱에 입력해주세요. 타인 요구 시 절대 알려주지 마세요.,해당없음(정상 메시지),"정상 인증번호/OTP 문자 보강 (Claude 생성, 합성 데이터)"
3706,0,정상,정상,은행정상알림,SMS,"[신한카드] 비밀번호 재설정 인증번호 765105, 요청하지 않았다면 이 문자를 무시하세요.",해당없음(정상 메시지),"정상 인증번호/OTP 문자 보강 (Claude 생성, 합성 데이터)"
3707,0,정상,정상,은행정상알림,SMS,[카카오뱅크] 이체 인증번호 558737를 앱에 입력해주세요. 타인 요구 시 절대 알려주지 마세요.,해당없음(정상 메시지),"정상 인증번호/OTP 문자 보강 (Claude 생성, 합성 데이터)"
3708,0,정상,정상,은행정상알림,SMS,[우리은행] 회원가입 인증번호는 463546입니다.,해당없음(정상 메시지),"정상 인증번호/OTP 문자 보강 (Claude 생성, 합성 데이터)"
3709,0,정상,정상,은행정상알림,SMS,[배달의민족] 인증번호는 908903입니다. 타인에게 절대 알려주지 마세요.,해당없음(정상 메시지),"정상 인증번호/OTP 문자 보강 (Claude 생성, 합성 데이터)"
3710,0,정상,정상,은행정상알림,SMS,[정부24] 2단계 인증 코드: 239613 (5분간 유효),해당없음(정상 메시지),"정상 인증번호/OTP 문자 보강 (Claude 생성, 합성 데이터)"
3711,0,정상,정상,은행정상알림,SMS,[토스뱅크] 2단계 인증 코드: 359579 (5분간 유효),해당없음(정상 메시지),"정상 인증번호/OTP 문자 보강 (Claude 생성, 합성 데이터)"
3712,0,정상,정상,은행정상알림,SMS,[신한은행] 로그인 인증번호 501677를 입력해주세요. (3분 내 유효),해당없음(정상 메시지),"정상 인증번호/OTP 문자 보강 (Claude 생성, 합성 데이터)"
3713,0,정상,정상,은행정상알림,SMS,[토스뱅크] 로그인 인증번호 505629를 입력해주세요. (3분 내 유효),해당없음(정상 메시지),"정상 인증번호/OTP 문자 보강 (Claude 생성, 합성 데이터)"
3714,0,정상,정상,은행정상알림,SMS,[카카오뱅크] 이체 인증번호 877722를 앱에 입력해주세요. 타인 요구 시 절대 알려주지 마세요.,해당없음(정상 메시지),"정상 인증번호/OTP 문자 보강 (Claude 생성, 합성 데이터)"
3715,0,정상,정상,은행정상알림,SMS,[홈택스] 이체 인증번호 416302를 앱에 입력해주세요. 타인 요구 시 절대 알려주지 마세요.,해당없음(정상 메시지),"정상 인증번호/OTP 문자 보강 (Claude 생성, 합성 데이터)"
3716,0,정상,정상,은행정상알림,SMS,"[하나은행] 비밀번호 재설정 인증번호 736408, 요청하지 않았다면 이 문자를 무시하세요.",해당없음(정상 메시지),"정상 인증번호/OTP 문자 보강 (Claude 생성, 합성 데이터)"
3717,0,정상,정상,은행정상알림,SMS,[삼성카드] 회원가입 인증번호는 635593입니다.,해당없음(정상 메시지),"정상 인증번호/OTP 문자 보강 (Claude 생성, 합성 데이터)"
3718,0,정상,정상,은행정상알림,SMS,[국민은행] 회원가입 인증번호는 755993입니다.,해당없음(정상 메시지),"정상 인증번호/OTP 문자 보강 (Claude 생성, 합성 데이터)"
3719,0,정상,정상,은행정상알림,SMS,[정부24] 2단계 인증 코드: 197616 (5분간 유효),해당없음(정상 메시지),"정상 인증번호/OTP 문자 보강 (Claude 생성, 합성 데이터)"
3720,0,정상,정상,은행정상알림,SMS,[우리은행] 이체 인증번호 111901를 앱에 입력해주세요. 타인 요구 시 절대 알려주지 마세요.,해당없음(정상 메시지),"정상 인증번호/OTP 문자 보강 (Claude 생성, 합성 데이터)"
3721,0,정상,정상,은행정상알림,SMS,[신한카드] 본인확인 인증번호: 777558,해당없음(정상 메시지),"정상 인증번호/OTP 문자 보강 (Claude 생성, 합성 데이터)"
3722,0,정상,정상,은행정상알림,SMS,"[네이버] 비밀번호 재설정 인증번호 218710, 요청하지 않았다면 이 문자를 무시하세요.",해당없음(정상 메시지),"정상 인증번호/OTP 문자 보강 (Claude 생성, 합성 데이터)"
3723,0,정상,정상,은행정상알림,SMS,[삼성카드] 회원가입 인증번호는 100708입니다.,해당없음(정상 메시지),"정상 인증번호/OTP 문자 보강 (Claude 생성, 합성 데이터)"
3724,0,정상,정상,은행정상알림,SMS,[신한은행] 이체 인증번호 921967를 앱에 입력해주세요. 타인 요구 시 절대 알려주지 마세요.,해당없음(정상 메시지),"정상 인증번호/OTP 문자 보강 (Claude 생성, 합성 데이터)"
3725,0,정상,정상,은행정상알림,SMS,[쿠팡] 로그인 인증번호 899776를 입력해주세요. (3분 내 유효),해당없음(정상 메시지),"정상 인증번호/OTP 문자 보강 (Claude 생성, 합성 데이터)"
3726,0,정상,정상,은행정상알림,SMS,[토스뱅크] 본인확인 인증번호: 243790,해당없음(정상 메시지),"정상 인증번호/OTP 문자 보강 (Claude 생성, 합성 데이터)"
3727,0,정상,정상,은행정상알림,SMS,[신한카드] 본인확인 인증번호: 649300,해당없음(정상 메시지),"정상 인증번호/OTP 문자 보강 (Claude 생성, 합성 데이터)"
3728,0,정상,정상,은행정상알림,SMS,[네이버] 이체 인증번호 155230를 앱에 입력해주세요. 타인 요구 시 절대 알려주지 마세요.,해당없음(정상 메시지),"정상 인증번호/OTP 문자 보강 (Claude 생성, 합성 데이터)"
3729,0,정상,정상,은행정상알림,SMS,[쿠팡] 이체 인증번호 273565를 앱에 입력해주세요. 타인 요구 시 절대 알려주지 마세요.,해당없음(정상 메시지),"정상 인증번호/OTP 문자 보강 (Claude 생성, 합성 데이터)"
3730,0,정상,정상,은행정상알림,SMS,[쿠팡] 이체 인증번호 625387를 앱에 입력해주세요. 타인 요구 시 절대 알려주지 마세요.,해당없음(정상 메시지),"정상 인증번호/OTP 문자 보강 (Claude 생성, 합성 데이터)"
3731,0,정상,정상,은행정상알림,SMS,[카카오뱅크] 이체 인증번호 486999를 앱에 입력해주세요. 타인 요구 시 절대 알려주지 마세요.,해당없음(정상 메시지),"정상 인증번호/OTP 문자 보강 (Claude 생성, 합성 데이터)"
3732,0,정상,정상,은행정상알림,SMS,"[신한은행] 비밀번호 재설정 인증번호 690653, 요청하지 않았다면 이 문자를 무시하세요.",해당없음(정상 메시지),"정상 인증번호/OTP 문자 보강 (Claude 생성, 합성 데이터)"
3733,0,정상,정상,은행정상알림,SMS,[쿠팡] 회원가입 인증번호는 109738입니다.,해당없음(정상 메시지),"정상 인증번호/OTP 문자 보강 (Claude 생성, 합성 데이터)"
3734,0,정상,정상,은행정상알림,SMS,"[카카오] 비밀번호 재설정 인증번호 276556, 요청하지 않았다면 이 문자를 무시하세요.",해당없음(정상 메시지),"정상 인증번호/OTP 문자 보강 (Claude 생성, 합성 데이터)"
3735,0,정상,정상,은행정상알림,SMS,"[쿠팡] 비밀번호 재설정 인증번호 663772, 요청하지 않았다면 이 문자를 무시하세요.",해당없음(정상 메시지),"정상 인증번호/OTP 문자 보강 (Claude 생성, 합성 데이터)"
3736,0,정상,정상,은행정상알림,SMS,[국민은행] 인증번호는 927630입니다. 타인에게 절대 알려주지 마세요.,해당없음(정상 메시지),"정상 인증번호/OTP 문자 보강 (Claude 생성, 합성 데이터)"
3737,0,정상,정상,은행정상알림,SMS,"[우리은행] 비밀번호 재설정 인증번호 442622, 요청하지 않았다면 이 문자를 무시하세요.",해당없음(정상 메시지),"정상 인증번호/OTP 문자 보강 (Claude 생성, 합성 데이터)"
3738,0,정상,정상,은행정상알림,SMS,[하나은행] 본인확인 인증번호: 134283,해당없음(정상 메시지),"정상 인증번호/OTP 문자 보강 (Claude 생성, 합성 데이터)"
3739,0,정상,정상,은행정상알림,SMS,[네이버] 회원가입 인증번호는 328411입니다.,해당없음(정상 메시지),"정상 인증번호/OTP 문자 보강 (Claude 생성, 합성 데이터)"
3740,0,정상,정상,은행정상알림,SMS,[정부24] 인증번호는 701790입니다. 타인에게 절대 알려주지 마세요.,해당없음(정상 메시지),"정상 인증번호/OTP 문자 보강 (Claude 생성, 합성 데이터)"
3741,0,정상,정상,은행정상알림,SMS,"[토스뱅크] 비밀번호 재설정 인증번호 962570, 요청하지 않았다면 이 문자를 무시하세요.",해당없음(정상 메시지),"정상 인증번호/OTP 문자 보강 (Claude 생성, 합성 데이터)"
3742,0,정상,정상,은행정상알림,SMS,[카카오] 인증번호는 380901입니다. 타인에게 절대 알려주지 마세요.,해당없음(정상 메시지),"정상 인증번호/OTP 문자 보강 (Claude 생성, 합성 데이터)"
3743,0,정상,정상,은행정상알림,SMS,[배달의민족] 2단계 인증 코드: 350229 (5분간 유효),해당없음(정상 메시지),"정상 인증번호/OTP 문자 보강 (Claude 생성, 합성 데이터)"
3744,0,정상,정상,은행정상알림,SMS,[홈택스] 인증번호는 571578입니다. 타인에게 절대 알려주지 마세요.,해당없음(정상 메시지),"정상 인증번호/OTP 문자 보강 (Claude 생성, 합성 데이터)"
3745,0,정상,정상,은행정상알림,SMS,[우리은행] 로그인 인증번호 943409를 입력해주세요. (3분 내 유효),해당없음(정상 메시지),"정상 인증번호/OTP 문자 보강 (Claude 생성, 합성 데이터)"
3746,0,정상,정상,은행정상알림,SMS,[국민은행] 로그인 인증번호 190400를 입력해주세요. (3분 내 유효),해당없음(정상 메시지),"정상 인증번호/OTP 문자 보강 (Claude 생성, 합성 데이터)"
3747,0,정상,정상,은행정상알림,SMS,[배달의민족] 회원가입 인증번호는 186431입니다.,해당없음(정상 메시지),"정상 인증번호/OTP 문자 보강 (Claude 생성, 합성 데이터)"
3748,0,정상,정상,은행정상알림,SMS,[쿠팡] 이체 인증번호 249792를 앱에 입력해주세요. 타인 요구 시 절대 알려주지 마세요.,해당없음(정상 메시지),"정상 인증번호/OTP 문자 보강 (Claude 생성, 합성 데이터)"
3749,0,정상,정상,은행정상알림,SMS,[카카오] 본인확인 인증번호: 225200,해당없음(정상 메시지),"정상 인증번호/OTP 문자 보강 (Claude 생성, 합성 데이터)"
3750,0,정상,정상,은행정상알림,SMS,"[국민은행] 비밀번호 재설정 인증번호 781595, 요청하지 않았다면 이 문자를 무시하세요.",해당없음(정상 메시지),"정상 인증번호/OTP 문자 보강 (Claude 생성, 합성 데이터)"
3751,0,정상,정상,은행정상알림,SMS,[쿠팡] 회원가입 인증번호는 493396입니다.,해당없음(정상 메시지),"정상 인증번호/OTP 문자 보강 (Claude 생성, 합성 데이터)"
3752,0,정상,정상,은행정상알림,SMS,[신한은행] 로그인 인증번호 888996를 입력해주세요. (3분 내 유효),해당없음(정상 메시지),"정상 인증번호/OTP 문자 보강 (Claude 생성, 합성 데이터)"
3753,0,정상,정상,은행정상알림,SMS,[토스뱅크] 2단계 인증 코드: 246622 (5분간 유효),해당없음(정상 메시지),"정상 인증번호/OTP 문자 보강 (Claude 생성, 합성 데이터)"
3754,0,정상,정상,은행정상알림,SMS,[카카오] 로그인 인증번호 390946를 입력해주세요. (3분 내 유효),해당없음(정상 메시지),"정상 인증번호/OTP 문자 보강 (Claude 생성, 합성 데이터)"
3755,0,정상,정상,은행정상알림,SMS,"[신한은행] 비밀번호 재설정 인증번호 865470, 요청하지 않았다면 이 문자를 무시하세요.",해당없음(정상 메시지),"정상 인증번호/OTP 문자 보강 (Claude 생성, 합성 데이터)"
3756,0,정상,정상,은행정상알림,SMS,[신한은행] 본인확인 인증번호: 846925,해당없음(정상 메시지),"정상 인증번호/OTP 문자 보강 (Claude 생성, 합성 데이터)"
3757,0,정상,정상,은행정상알림,SMS,[네이버] 인증번호는 520400입니다. 타인에게 절대 알려주지 마세요.,해당없음(정상 메시지),"정상 인증번호/OTP 문자 보강 (Claude 생성, 합성 데이터)"
3758,0,정상,정상,은행정상알림,SMS,[토스뱅크] 인증번호는 679958입니다. 타인에게 절대 알려주지 마세요.,해당없음(정상 메시지),"정상 인증번호/OTP 문자 보강 (Claude 생성, 합성 데이터)"
3759,0,정상,정상,은행정상알림,SMS,"[쿠팡] 비밀번호 재설정 인증번호 174461, 요청하지 않았다면 이 문자를 무시하세요.",해당없음(정상 메시지),"정상 인증번호/OTP 문자 보강 (Claude 생성, 합성 데이터)"
3760,0,정상,정상,은행정상알림,SMS,"[토스뱅크] 비밀번호 재설정 인증번호 394739, 요청하지 않았다면 이 문자를 무시하세요.",해당없음(정상 메시지),"정상 인증번호/OTP 문자 보강 (Claude 생성, 합성 데이터)"
3761,0,정상,정상,은행정상알림,SMS,[신한카드] 인증번호는 575394입니다. 타인에게 절대 알려주지 마세요.,해당없음(정상 메시지),"정상 인증번호/OTP 문자 보강 (Claude 생성, 합성 데이터)"
3762,0,정상,정상,은행정상알림,SMS,[정부24] 인증번호는 148174입니다. 타인에게 절대 알려주지 마세요.,해당없음(정상 메시지),"정상 인증번호/OTP 문자 보강 (Claude 생성, 합성 데이터)"
3763,0,정상,정상,은행정상알림,SMS,[신한카드] 회원가입 인증번호는 249077입니다.,해당없음(정상 메시지),"정상 인증번호/OTP 문자 보강 (Claude 생성, 합성 데이터)"
3764,0,정상,정상,은행정상알림,SMS,[홈택스] 이체 인증번호 739905를 앱에 입력해주세요. 타인 요구 시 절대 알려주지 마세요.,해당없음(정상 메시지),"정상 인증번호/OTP 문자 보강 (Claude 생성, 합성 데이터)"
3765,0,정상,정상,은행정상알림,SMS,[카카오뱅크] 2단계 인증 코드: 181670 (5분간 유효),해당없음(정상 메시지),"정상 인증번호/OTP 문자 보강 (Claude 생성, 합성 데이터)"
3766,0,정상,정상,은행정상알림,SMS,[신한카드] 본인확인 인증번호: 672896,해당없음(정상 메시지),"정상 인증번호/OTP 문자 보강 (Claude 생성, 합성 데이터)"
3767,0,정상,정상,은행정상알림,SMS,[하나은행] 로그인 인증번호 845951를 입력해주세요. (3분 내 유효),해당없음(정상 메시지),"정상 인증번호/OTP 문자 보강 (Claude 생성, 합성 데이터)"
3768,0,정상,정상,은행정상알림,SMS,[배달의민족] 인증번호는 989079입니다. 타인에게 절대 알려주지 마세요.,해당없음(정상 메시지),"정상 인증번호/OTP 문자 보강 (Claude 생성, 합성 데이터)"
3769,0,정상,정상,은행정상알림,SMS,[네이버] 로그인 인증번호 884170를 입력해주세요. (3분 내 유효),해당없음(정상 메시지),"정상 인증번호/OTP 문자 보강 (Claude 생성, 합성 데이터)"
3770,0,정상,정상,은행정상알림,SMS,"[국민은행] 비밀번호 재설정 인증번호 170813, 요청하지 않았다면 이 문자를 무시하세요.",해당없음(정상 메시지),"정상 인증번호/OTP 문자 보강 (Claude 생성, 합성 데이터)"
3771,0,정상,정상,은행정상알림,SMS,"[홈택스] 비밀번호 재설정 인증번호 274987, 요청하지 않았다면 이 문자를 무시하세요.",해당없음(정상 메시지),"정상 인증번호/OTP 문자 보강 (Claude 생성, 합성 데이터)"
3772,0,정상,정상,은행정상알림,SMS,[쿠팡] 이체 인증번호 475623를 앱에 입력해주세요. 타인 요구 시 절대 알려주지 마세요.,해당없음(정상 메시지),"정상 인증번호/OTP 문자 보강 (Claude 생성, 합성 데이터)"
3773,0,정상,정상,은행정상알림,SMS,[신한은행] 본인확인 인증번호: 182860,해당없음(정상 메시지),"정상 인증번호/OTP 문자 보강 (Claude 생성, 합성 데이터)"
3774,0,정상,정상,은행정상알림,SMS,[쿠팡] 인증번호는 837880입니다. 타인에게 절대 알려주지 마세요.,해당없음(정상 메시지),"정상 인증번호/OTP 문자 보강 (Claude 생성, 합성 데이터)"
3775,0,정상,정상,은행정상알림,SMS,[신한은행] 로그인 인증번호 680278를 입력해주세요. (3분 내 유효),해당없음(정상 메시지),"정상 인증번호/OTP 문자 보강 (Claude 생성, 합성 데이터)"
3776,0,정상,정상,은행정상알림,SMS,[카카오뱅크] 인증번호는 489906입니다. 타인에게 절대 알려주지 마세요.,해당없음(정상 메시지),"정상 인증번호/OTP 문자 보강 (Claude 생성, 합성 데이터)"
3777,0,정상,정상,은행정상알림,SMS,[신한은행] 2단계 인증 코드: 265657 (5분간 유효),해당없음(정상 메시지),"정상 인증번호/OTP 문자 보강 (Claude 생성, 합성 데이터)"
3778,0,정상,정상,은행정상알림,SMS,[삼성카드] 회원가입 인증번호는 844638입니다.,해당없음(정상 메시지),"정상 인증번호/OTP 문자 보강 (Claude 생성, 합성 데이터)"
3779,0,정상,정상,은행정상알림,SMS,"[삼성카드] 비밀번호 재설정 인증번호 878586, 요청하지 않았다면 이 문자를 무시하세요.",해당없음(정상 메시지),"정상 인증번호/OTP 문자 보강 (Claude 생성, 합성 데이터)"
3780,0,정상,정상,은행정상알림,SMS,[국민은행] 이체 인증번호 460263를 앱에 입력해주세요. 타인 요구 시 절대 알려주지 마세요.,해당없음(정상 메시지),"정상 인증번호/OTP 문자 보강 (Claude 생성, 합성 데이터)"
3781,0,정상,정상,은행정상알림,SMS,"[카카오] 비밀번호 재설정 인증번호 856211, 요청하지 않았다면 이 문자를 무시하세요.",해당없음(정상 메시지),"정상 인증번호/OTP 문자 보강 (Claude 생성, 합성 데이터)"
3782,0,정상,정상,은행정상알림,SMS,[토스뱅크] 로그인 인증번호 367508를 입력해주세요. (3분 내 유효),해당없음(정상 메시지),"정상 인증번호/OTP 문자 보강 (Claude 생성, 합성 데이터)"
3783,0,정상,정상,은행정상알림,SMS,[카카오뱅크] 본인확인 인증번호: 956401,해당없음(정상 메시지),"정상 인증번호/OTP 문자 보강 (Claude 생성, 합성 데이터)"
3784,0,정상,정상,은행정상알림,SMS,[국민은행] 인증번호는 112884입니다. 타인에게 절대 알려주지 마세요.,해당없음(정상 메시지),"정상 인증번호/OTP 문자 보강 (Claude 생성, 합성 데이터)"
3785,0,정상,정상,은행정상알림,SMS,"[카카오뱅크] 비밀번호 재설정 인증번호 380329, 요청하지 않았다면 이 문자를 무시하세요.",해당없음(정상 메시지),"정상 인증번호/OTP 문자 보강 (Claude 생성, 합성 데이터)"
3786,0,정상,정상,은행정상알림,SMS,"[네이버] 비밀번호 재설정 인증번호 921021, 요청하지 않았다면 이 문자를 무시하세요.",해당없음(정상 메시지),"정상 인증번호/OTP 문자 보강 (Claude 생성, 합성 데이터)"
3787,0,정상,정상,은행정상알림,SMS,[신한카드] 2단계 인증 코드: 952878 (5분간 유효),해당없음(정상 메시지),"정상 인증번호/OTP 문자 보강 (Claude 생성, 합성 데이터)"
3788,0,정상,정상,은행정상알림,SMS,[우리은행] 이체 인증번호 239136를 앱에 입력해주세요. 타인 요구 시 절대 알려주지 마세요.,해당없음(정상 메시지),"정상 인증번호/OTP 문자 보강 (Claude 생성, 합성 데이터)"
3789,0,정상,정상,은행정상알림,SMS,[신한은행] 이체 인증번호 477943를 앱에 입력해주세요. 타인 요구 시 절대 알려주지 마세요.,해당없음(정상 메시지),"정상 인증번호/OTP 문자 보강 (Claude 생성, 합성 데이터)"
3790,0,정상,정상,은행정상알림,SMS,[삼성카드] 인증번호는 764406입니다. 타인에게 절대 알려주지 마세요.,해당없음(정상 메시지),"정상 인증번호/OTP 문자 보강 (Claude 생성, 합성 데이터)"
3791,0,정상,정상,은행정상알림,SMS,[우리은행] 본인확인 인증번호: 233096,해당없음(정상 메시지),"정상 인증번호/OTP 문자 보강 (Claude 생성, 합성 데이터)"
3792,0,정상,정상,은행정상알림,SMS,"[네이버] 비밀번호 재설정 인증번호 784793, 요청하지 않았다면 이 문자를 무시하세요.",해당없음(정상 메시지),"정상 인증번호/OTP 문자 보강 (Claude 생성, 합성 데이터)"
3793,0,정상,정상,은행정상알림,SMS,[하나은행] 회원가입 인증번호는 207391입니다.,해당없음(정상 메시지),"정상 인증번호/OTP 문자 보강 (Claude 생성, 합성 데이터)"
3794,0,정상,정상,은행정상알림,SMS,[홈택스] 인증번호는 242175입니다. 타인에게 절대 알려주지 마세요.,해당없음(정상 메시지),"정상 인증번호/OTP 문자 보강 (Claude 생성, 합성 데이터)"
3795,0,정상,정상,은행정상알림,SMS,[홈택스] 2단계 인증 코드: 695990 (5분간 유효),해당없음(정상 메시지),"정상 인증번호/OTP 문자 보강 (Claude 생성, 합성 데이터)"
3796,0,정상,정상,은행정상알림,SMS,[카카오뱅크] 로그인 인증번호 663723를 입력해주세요. (3분 내 유효),해당없음(정상 메시지),"정상 인증번호/OTP 문자 보강 (Claude 생성, 합성 데이터)"
3797,0,정상,정상,은행정상알림,SMS,[국민은행] 2단계 인증 코드: 932336 (5분간 유효),해당없음(정상 메시지),"정상 인증번호/OTP 문자 보강 (Claude 생성, 합성 데이터)"
3798,0,정상,정상,은행정상알림,SMS,[삼성카드] 회원가입 인증번호는 817956입니다.,해당없음(정상 메시지),"정상 인증번호/OTP 문자 보강 (Claude 생성, 합성 데이터)"
3799,0,정상,정상,은행정상알림,SMS,[신한은행] 회원가입 인증번호는 396020입니다.,해당없음(정상 메시지),"정상 인증번호/OTP 문자 보강 (Claude 생성, 합성 데이터)"
3800,0,정상,정상,은행정상알림,SMS,[삼성카드] 2단계 인증 코드: 176537 (5분간 유효),해당없음(정상 메시지),"정상 인증번호/OTP 문자 보강 (Claude 생성, 합성 데이터)"
3801,0,정상,정상,은행정상알림,SMS,[배달의민족] 2단계 인증 코드: 785424 (5분간 유효),해당없음(정상 메시지),"정상 인증번호/OTP 문자 보강 (Claude 생성, 합성 데이터)"
3802,0,정상,정상,은행정상알림,SMS,[쿠팡] 회원가입 인증번호는 274044입니다.,해당없음(정상 메시지),"정상 인증번호/OTP 문자 보강 (Claude 생성, 합성 데이터)"
3803,0,정상,정상,은행정상알림,SMS,[카카오] 이체 인증번호 563873를 앱에 입력해주세요. 타인 요구 시 절대 알려주지 마세요.,해당없음(정상 메시지),"정상 인증번호/OTP 문자 보강 (Claude 생성, 합성 데이터)"
3804,0,정상,정상,은행정상알림,SMS,[카카오] 본인확인 인증번호: 916808,해당없음(정상 메시지),"정상 인증번호/OTP 문자 보강 (Claude 생성, 합성 데이터)"
3805,0,정상,정상,은행정상알림,SMS,[신한은행] 인증번호는 842287입니다. 타인에게 절대 알려주지 마세요.,해당없음(정상 메시지),"정상 인증번호/OTP 문자 보강 (Claude 생성, 합성 데이터)"
3806,0,정상,정상,은행정상알림,SMS,[정부24] 로그인 인증번호 412170를 입력해주세요. (3분 내 유효),해당없음(정상 메시지),"정상 인증번호/OTP 문자 보강 (Claude 생성, 합성 데이터)"
3807,0,정상,정상,은행정상알림,SMS,[네이버] 2단계 인증 코드: 848705 (5분간 유효),해당없음(정상 메시지),"정상 인증번호/OTP 문자 보강 (Claude 생성, 합성 데이터)"
3808,0,정상,정상,은행정상알림,SMS,[정부24] 회원가입 인증번호는 544150입니다.,해당없음(정상 메시지),"정상 인증번호/OTP 문자 보강 (Claude 생성, 합성 데이터)"
3809,0,정상,정상,은행정상알림,SMS,[카카오] 이체 인증번호 467663를 앱에 입력해주세요. 타인 요구 시 절대 알려주지 마세요.,해당없음(정상 메시지),"정상 인증번호/OTP 문자 보강 (Claude 생성, 합성 데이터)"
3810,0,정상,정상,은행정상알림,SMS,[홈택스] 회원가입 인증번호는 117072입니다.,해당없음(정상 메시지),"정상 인증번호/OTP 문자 보강 (Claude 생성, 합성 데이터)"
3811,0,정상,정상,은행정상알림,SMS,[하나은행] 2단계 인증 코드: 873443 (5분간 유효),해당없음(정상 메시지),"정상 인증번호/OTP 문자 보강 (Claude 생성, 합성 데이터)"
3812,0,정상,정상,광고이벤트,SMS,[스타벅스] 회원님만을 위한 특가! 여름 신상 50% 할인 진행 중입니다. (수신거부 080-000-0000),해당없음(정상 메시지),"정상 광고/이벤트 문자 보강 (Claude 생성, 합성 데이터 - 실제 정상 마케팅 SMS의 수신거부 문구 반영)"
3813,0,정상,정상,광고이벤트,SMS,[무신사] 간편식 50% 할인! 오늘까지만 앱에서 확인하세요. (무료수신거부 0000-000-000),해당없음(정상 메시지),"정상 광고/이벤트 문자 보강 (Claude 생성, 합성 데이터 - 실제 정상 마케팅 SMS의 수신거부 문구 반영)"
3814,0,정상,정상,광고이벤트,SMS,[다이소] 적립금 소멸 예정 안내: 4178포인트가 이번 달 말 소멸됩니다. (무료수신거부 0000-000-000),해당없음(정상 메시지),"정상 광고/이벤트 문자 보강 (Claude 생성, 합성 데이터 - 실제 정상 마케팅 SMS의 수신거부 문구 반영)"
3815,0,정상,정상,광고이벤트,SMS,[다이소] 뷰티 상품 15% 할인! 오늘까지만 앱에서 확인하세요. (무료수신거부 0000-000-000),해당없음(정상 메시지),"정상 광고/이벤트 문자 보강 (Claude 생성, 합성 데이터 - 실제 정상 마케팅 SMS의 수신거부 문구 반영)"
3816,0,정상,정상,광고이벤트,SMS,[다이소] 적립금 소멸 예정 안내: 753포인트가 이번 달 말 소멸됩니다. (무료수신거부 0000-000-000),해당없음(정상 메시지),"정상 광고/이벤트 문자 보강 (Claude 생성, 합성 데이터 - 실제 정상 마케팅 SMS의 수신거부 문구 반영)"
3817,0,정상,정상,광고이벤트,SMS,[무신사] 이번 주말 한정 가전제품 특가 이벤트! 놓치지 마세요. (수신거부 0000),해당없음(정상 메시지),"정상 광고/이벤트 문자 보강 (Claude 생성, 합성 데이터 - 실제 정상 마케팅 SMS의 수신거부 문구 반영)"
3818,0,정상,정상,광고이벤트,SMS,[GS25] 첫 구매 고객님께 40% 쿠폰을 드려요! 마이페이지에서 확인해주세요. (무료거부 1234),해당없음(정상 메시지),"정상 광고/이벤트 문자 보강 (Claude 생성, 합성 데이터 - 실제 정상 마케팅 SMS의 수신거부 문구 반영)"
3819,0,정상,정상,광고이벤트,SMS,[마켓컬리] 첫 구매 고객님께 40% 쿠폰을 드려요! 마이페이지에서 확인해주세요. (무료거부 1234),해당없음(정상 메시지),"정상 광고/이벤트 문자 보강 (Claude 생성, 합성 데이터 - 실제 정상 마케팅 SMS의 수신거부 문구 반영)"
3820,0,정상,정상,광고이벤트,SMS,[다이소] 회원님만을 위한 특가! 여름 신상 25% 할인 진행 중입니다. (수신거부 080-000-0000),해당없음(정상 메시지),"정상 광고/이벤트 문자 보강 (Claude 생성, 합성 데이터 - 실제 정상 마케팅 SMS의 수신거부 문구 반영)"
3821,0,정상,정상,광고이벤트,SMS,[마켓컬리] 적립금 소멸 예정 안내: 806포인트가 이번 달 말 소멸됩니다. (무료수신거부 0000-000-000),해당없음(정상 메시지),"정상 광고/이벤트 문자 보강 (Claude 생성, 합성 데이터 - 실제 정상 마케팅 SMS의 수신거부 문구 반영)"
3822,0,정상,정상,광고이벤트,SMS,[GS25] 첫 구매 고객님께 25% 쿠폰을 드려요! 마이페이지에서 확인해주세요. (무료거부 1234),해당없음(정상 메시지),"정상 광고/이벤트 문자 보강 (Claude 생성, 합성 데이터 - 실제 정상 마케팅 SMS의 수신거부 문구 반영)"
3823,0,정상,정상,광고이벤트,SMS,[이마트] 적립금 소멸 예정 안내: 3560포인트가 이번 달 말 소멸됩니다. (무료수신거부 0000-000-000),해당없음(정상 메시지),"정상 광고/이벤트 문자 보강 (Claude 생성, 합성 데이터 - 실제 정상 마케팅 SMS의 수신거부 문구 반영)"
3824,0,정상,정상,광고이벤트,SMS,[다이소] 이번 주말 한정 생활용품 특가 이벤트! 놓치지 마세요. (수신거부 0000),해당없음(정상 메시지),"정상 광고/이벤트 문자 보강 (Claude 생성, 합성 데이터 - 실제 정상 마케팅 SMS의 수신거부 문구 반영)"
3825,0,정상,정상,광고이벤트,SMS,[다이소] 여름 신상 20% 할인! 오늘까지만 앱에서 확인하세요. (무료수신거부 0000-000-000),해당없음(정상 메시지),"정상 광고/이벤트 문자 보강 (Claude 생성, 합성 데이터 - 실제 정상 마케팅 SMS의 수신거부 문구 반영)"
3826,0,정상,정상,광고이벤트,SMS,[마켓컬리] 여름 신상 40% 할인! 오늘까지만 앱에서 확인하세요. (무료수신거부 0000-000-000),해당없음(정상 메시지),"정상 광고/이벤트 문자 보강 (Claude 생성, 합성 데이터 - 실제 정상 마케팅 SMS의 수신거부 문구 반영)"
3827,0,정상,정상,광고이벤트,SMS,[CU] 첫 구매 고객님께 25% 쿠폰을 드려요! 마이페이지에서 확인해주세요. (무료거부 1234),해당없음(정상 메시지),"정상 광고/이벤트 문자 보강 (Claude 생성, 합성 데이터 - 실제 정상 마케팅 SMS의 수신거부 문구 반영)"
3828,0,정상,정상,광고이벤트,SMS,[쿠팡] 이번 주말 한정 간편식 특가 이벤트! 놓치지 마세요. (수신거부 0000),해당없음(정상 메시지),"정상 광고/이벤트 문자 보강 (Claude 생성, 합성 데이터 - 실제 정상 마케팅 SMS의 수신거부 문구 반영)"
3829,0,정상,정상,광고이벤트,SMS,[스타벅스] 여름 신상 25% 할인! 오늘까지만 앱에서 확인하세요. (무료수신거부 0000-000-000),해당없음(정상 메시지),"정상 광고/이벤트 문자 보강 (Claude 생성, 합성 데이터 - 실제 정상 마케팅 SMS의 수신거부 문구 반영)"
3830,0,정상,정상,광고이벤트,SMS,[올리브영] 적립금 소멸 예정 안내: 3118포인트가 이번 달 말 소멸됩니다. (무료수신거부 0000-000-000),해당없음(정상 메시지),"정상 광고/이벤트 문자 보강 (Claude 생성, 합성 데이터 - 실제 정상 마케팅 SMS의 수신거부 문구 반영)"
3831,0,정상,정상,광고이벤트,SMS,[GS25] 회원님만을 위한 특가! 생활용품 40% 할인 진행 중입니다. (수신거부 080-000-0000),해당없음(정상 메시지),"정상 광고/이벤트 문자 보강 (Claude 생성, 합성 데이터 - 실제 정상 마케팅 SMS의 수신거부 문구 반영)"
3832,0,정상,정상,광고이벤트,SMS,[다이소] 첫 구매 고객님께 15% 쿠폰을 드려요! 마이페이지에서 확인해주세요. (무료거부 1234),해당없음(정상 메시지),"정상 광고/이벤트 문자 보강 (Claude 생성, 합성 데이터 - 실제 정상 마케팅 SMS의 수신거부 문구 반영)"
3833,0,정상,정상,광고이벤트,SMS,[배달의민족] 전 상품 15% 할인! 오늘까지만 앱에서 확인하세요. (무료수신거부 0000-000-000),해당없음(정상 메시지),"정상 광고/이벤트 문자 보강 (Claude 생성, 합성 데이터 - 실제 정상 마케팅 SMS의 수신거부 문구 반영)"
3834,0,정상,정상,광고이벤트,SMS,[올리브영] 간편식 25% 할인! 오늘까지만 앱에서 확인하세요. (무료수신거부 0000-000-000),해당없음(정상 메시지),"정상 광고/이벤트 문자 보강 (Claude 생성, 합성 데이터 - 실제 정상 마케팅 SMS의 수신거부 문구 반영)"
3835,0,정상,정상,광고이벤트,SMS,[CU] 회원님만을 위한 특가! 뷰티 상품 25% 할인 진행 중입니다. (수신거부 080-000-0000),해당없음(정상 메시지),"정상 광고/이벤트 문자 보강 (Claude 생성, 합성 데이터 - 실제 정상 마케팅 SMS의 수신거부 문구 반영)"
3836,0,정상,정상,광고이벤트,SMS,[CU] 첫 구매 고객님께 40% 쿠폰을 드려요! 마이페이지에서 확인해주세요. (무료거부 1234),해당없음(정상 메시지),"정상 광고/이벤트 문자 보강 (Claude 생성, 합성 데이터 - 실제 정상 마케팅 SMS의 수신거부 문구 반영)"
3837,0,정상,정상,광고이벤트,SMS,[다이소] 가전제품 40% 할인! 오늘까지만 앱에서 확인하세요. (무료수신거부 0000-000-000),해당없음(정상 메시지),"정상 광고/이벤트 문자 보강 (Claude 생성, 합성 데이터 - 실제 정상 마케팅 SMS의 수신거부 문구 반영)"
3838,0,정상,정상,광고이벤트,SMS,[이마트] 이번 주말 한정 여름 신상 특가 이벤트! 놓치지 마세요. (수신거부 0000),해당없음(정상 메시지),"정상 광고/이벤트 문자 보강 (Claude 생성, 합성 데이터 - 실제 정상 마케팅 SMS의 수신거부 문구 반영)"
3839,0,정상,정상,광고이벤트,SMS,[무신사] 회원님만을 위한 특가! 전 상품 20% 할인 진행 중입니다. (수신거부 080-000-0000),해당없음(정상 메시지),"정상 광고/이벤트 문자 보강 (Claude 생성, 합성 데이터 - 실제 정상 마케팅 SMS의 수신거부 문구 반영)"
3840,0,정상,정상,광고이벤트,SMS,[배달의민족] 이번 주말 한정 생활용품 특가 이벤트! 놓치지 마세요. (수신거부 0000),해당없음(정상 메시지),"정상 광고/이벤트 문자 보강 (Claude 생성, 합성 데이터 - 실제 정상 마케팅 SMS의 수신거부 문구 반영)"
3841,0,정상,정상,광고이벤트,SMS,[쿠팡] 간편식 10% 할인! 오늘까지만 앱에서 확인하세요. (무료수신거부 0000-000-000),해당없음(정상 메시지),"정상 광고/이벤트 문자 보강 (Claude 생성, 합성 데이터 - 실제 정상 마케팅 SMS의 수신거부 문구 반영)"
3842,0,정상,정상,광고이벤트,SMS,[올리브영] 간편식 15% 할인! 오늘까지만 앱에서 확인하세요. (무료수신거부 0000-000-000),해당없음(정상 메시지),"정상 광고/이벤트 문자 보강 (Claude 생성, 합성 데이터 - 실제 정상 마케팅 SMS의 수신거부 문구 반영)"
3843,0,정상,정상,광고이벤트,SMS,[이마트] 여름 신상 50% 할인! 오늘까지만 앱에서 확인하세요. (무료수신거부 0000-000-000),해당없음(정상 메시지),"정상 광고/이벤트 문자 보강 (Claude 생성, 합성 데이터 - 실제 정상 마케팅 SMS의 수신거부 문구 반영)"
3844,0,정상,정상,광고이벤트,SMS,[CU] 뷰티 상품 30% 할인! 오늘까지만 앱에서 확인하세요. (무료수신거부 0000-000-000),해당없음(정상 메시지),"정상 광고/이벤트 문자 보강 (Claude 생성, 합성 데이터 - 실제 정상 마케팅 SMS의 수신거부 문구 반영)"
3845,0,정상,정상,광고이벤트,SMS,[배달의민족] 회원님만을 위한 특가! 뷰티 상품 50% 할인 진행 중입니다. (수신거부 080-000-0000),해당없음(정상 메시지),"정상 광고/이벤트 문자 보강 (Claude 생성, 합성 데이터 - 실제 정상 마케팅 SMS의 수신거부 문구 반영)"
3846,0,정상,정상,광고이벤트,SMS,[스타벅스] 가전제품 25% 할인! 오늘까지만 앱에서 확인하세요. (무료수신거부 0000-000-000),해당없음(정상 메시지),"정상 광고/이벤트 문자 보강 (Claude 생성, 합성 데이터 - 실제 정상 마케팅 SMS의 수신거부 문구 반영)"
3847,0,정상,정상,광고이벤트,SMS,[이마트] 전 상품 15% 할인! 오늘까지만 앱에서 확인하세요. (무료수신거부 0000-000-000),해당없음(정상 메시지),"정상 광고/이벤트 문자 보강 (Claude 생성, 합성 데이터 - 실제 정상 마케팅 SMS의 수신거부 문구 반영)"
3848,0,정상,정상,광고이벤트,SMS,[올리브영] 이번 주말 한정 생활용품 특가 이벤트! 놓치지 마세요. (수신거부 0000),해당없음(정상 메시지),"정상 광고/이벤트 문자 보강 (Claude 생성, 합성 데이터 - 실제 정상 마케팅 SMS의 수신거부 문구 반영)"
3849,0,정상,정상,광고이벤트,SMS,[스타벅스] 회원님만을 위한 특가! 뷰티 상품 20% 할인 진행 중입니다. (수신거부 080-000-0000),해당없음(정상 메시지),"정상 광고/이벤트 문자 보강 (Claude 생성, 합성 데이터 - 실제 정상 마케팅 SMS의 수신거부 문구 반영)"
3850,0,정상,정상,광고이벤트,SMS,[배달의민족] 여름 신상 15% 할인! 오늘까지만 앱에서 확인하세요. (무료수신거부 0000-000-000),해당없음(정상 메시지),"정상 광고/이벤트 문자 보강 (Claude 생성, 합성 데이터 - 실제 정상 마케팅 SMS의 수신거부 문구 반영)"
3851,0,정상,정상,광고이벤트,SMS,[다이소] 회원님만을 위한 특가! 여름 신상 40% 할인 진행 중입니다. (수신거부 080-000-0000),해당없음(정상 메시지),"정상 광고/이벤트 문자 보강 (Claude 생성, 합성 데이터 - 실제 정상 마케팅 SMS의 수신거부 문구 반영)"
3852,0,정상,정상,광고이벤트,SMS,[다이소] 회원님만을 위한 특가! 여름 신상 20% 할인 진행 중입니다. (수신거부 080-000-0000),해당없음(정상 메시지),"정상 광고/이벤트 문자 보강 (Claude 생성, 합성 데이터 - 실제 정상 마케팅 SMS의 수신거부 문구 반영)"
3853,0,정상,정상,광고이벤트,SMS,[쿠팡] 회원님만을 위한 특가! 여름 신상 40% 할인 진행 중입니다. (수신거부 080-000-0000),해당없음(정상 메시지),"정상 광고/이벤트 문자 보강 (Claude 생성, 합성 데이터 - 실제 정상 마케팅 SMS의 수신거부 문구 반영)"
3854,0,정상,정상,광고이벤트,SMS,[배달의민족] 회원님만을 위한 특가! 뷰티 상품 20% 할인 진행 중입니다. (수신거부 080-000-0000),해당없음(정상 메시지),"정상 광고/이벤트 문자 보강 (Claude 생성, 합성 데이터 - 실제 정상 마케팅 SMS의 수신거부 문구 반영)"
3855,0,정상,정상,광고이벤트,SMS,[무신사] 회원님만을 위한 특가! 여름 신상 10% 할인 진행 중입니다. (수신거부 080-000-0000),해당없음(정상 메시지),"정상 광고/이벤트 문자 보강 (Claude 생성, 합성 데이터 - 실제 정상 마케팅 SMS의 수신거부 문구 반영)"
3856,0,정상,정상,광고이벤트,SMS,[쿠팡] 적립금 소멸 예정 안내: 2297포인트가 이번 달 말 소멸됩니다. (무료수신거부 0000-000-000),해당없음(정상 메시지),"정상 광고/이벤트 문자 보강 (Claude 생성, 합성 데이터 - 실제 정상 마케팅 SMS의 수신거부 문구 반영)"
3857,0,정상,정상,광고이벤트,SMS,[CU] 적립금 소멸 예정 안내: 4389포인트가 이번 달 말 소멸됩니다. (무료수신거부 0000-000-000),해당없음(정상 메시지),"정상 광고/이벤트 문자 보강 (Claude 생성, 합성 데이터 - 실제 정상 마케팅 SMS의 수신거부 문구 반영)"
3858,0,정상,정상,광고이벤트,SMS,[무신사] 회원님만을 위한 특가! 가전제품 20% 할인 진행 중입니다. (수신거부 080-000-0000),해당없음(정상 메시지),"정상 광고/이벤트 문자 보강 (Claude 생성, 합성 데이터 - 실제 정상 마케팅 SMS의 수신거부 문구 반영)"
3859,0,정상,정상,광고이벤트,SMS,[이마트] 회원님만을 위한 특가! 여름 신상 20% 할인 진행 중입니다. (수신거부 080-000-0000),해당없음(정상 메시지),"정상 광고/이벤트 문자 보강 (Claude 생성, 합성 데이터 - 실제 정상 마케팅 SMS의 수신거부 문구 반영)"
3860,0,정상,정상,광고이벤트,SMS,[쿠팡] 간편식 15% 할인! 오늘까지만 앱에서 확인하세요. (무료수신거부 0000-000-000),해당없음(정상 메시지),"정상 광고/이벤트 문자 보강 (Claude 생성, 합성 데이터 - 실제 정상 마케팅 SMS의 수신거부 문구 반영)"
3861,0,정상,정상,광고이벤트,SMS,[스타벅스] 이번 주말 한정 간편식 특가 이벤트! 놓치지 마세요. (수신거부 0000),해당없음(정상 메시지),"정상 광고/이벤트 문자 보강 (Claude 생성, 합성 데이터 - 실제 정상 마케팅 SMS의 수신거부 문구 반영)"
3862,0,정상,정상,광고이벤트,SMS,[GS25] 적립금 소멸 예정 안내: 2801포인트가 이번 달 말 소멸됩니다. (무료수신거부 0000-000-000),해당없음(정상 메시지),"정상 광고/이벤트 문자 보강 (Claude 생성, 합성 데이터 - 실제 정상 마케팅 SMS의 수신거부 문구 반영)"
3863,0,정상,정상,광고이벤트,SMS,[배달의민족] 간편식 10% 할인! 오늘까지만 앱에서 확인하세요. (무료수신거부 0000-000-000),해당없음(정상 메시지),"정상 광고/이벤트 문자 보강 (Claude 생성, 합성 데이터 - 실제 정상 마케팅 SMS의 수신거부 문구 반영)"
3864,0,정상,정상,광고이벤트,SMS,[다이소] 이번 주말 한정 뷰티 상품 특가 이벤트! 놓치지 마세요. (수신거부 0000),해당없음(정상 메시지),"정상 광고/이벤트 문자 보강 (Claude 생성, 합성 데이터 - 실제 정상 마케팅 SMS의 수신거부 문구 반영)"
3865,0,정상,정상,광고이벤트,SMS,[배달의민족] 회원님만을 위한 특가! 여름 신상 50% 할인 진행 중입니다. (수신거부 080-000-0000),해당없음(정상 메시지),"정상 광고/이벤트 문자 보강 (Claude 생성, 합성 데이터 - 실제 정상 마케팅 SMS의 수신거부 문구 반영)"
3866,0,정상,정상,광고이벤트,SMS,[올리브영] 적립금 소멸 예정 안내: 3937포인트가 이번 달 말 소멸됩니다. (무료수신거부 0000-000-000),해당없음(정상 메시지),"정상 광고/이벤트 문자 보강 (Claude 생성, 합성 데이터 - 실제 정상 마케팅 SMS의 수신거부 문구 반영)"
3867,0,정상,정상,광고이벤트,SMS,[마켓컬리] 적립금 소멸 예정 안내: 4517포인트가 이번 달 말 소멸됩니다. (무료수신거부 0000-000-000),해당없음(정상 메시지),"정상 광고/이벤트 문자 보강 (Claude 생성, 합성 데이터 - 실제 정상 마케팅 SMS의 수신거부 문구 반영)"
3868,0,정상,정상,광고이벤트,SMS,[쿠팡] 첫 구매 고객님께 15% 쿠폰을 드려요! 마이페이지에서 확인해주세요. (무료거부 1234),해당없음(정상 메시지),"정상 광고/이벤트 문자 보강 (Claude 생성, 합성 데이터 - 실제 정상 마케팅 SMS의 수신거부 문구 반영)"
3869,0,정상,정상,광고이벤트,SMS,[CU] 적립금 소멸 예정 안내: 2948포인트가 이번 달 말 소멸됩니다. (무료수신거부 0000-000-000),해당없음(정상 메시지),"정상 광고/이벤트 문자 보강 (Claude 생성, 합성 데이터 - 실제 정상 마케팅 SMS의 수신거부 문구 반영)"
3870,0,정상,정상,광고이벤트,SMS,[올리브영] 적립금 소멸 예정 안내: 3217포인트가 이번 달 말 소멸됩니다. (무료수신거부 0000-000-000),해당없음(정상 메시지),"정상 광고/이벤트 문자 보강 (Claude 생성, 합성 데이터 - 실제 정상 마케팅 SMS의 수신거부 문구 반영)"
3871,0,정상,정상,광고이벤트,SMS,[GS25] 회원님만을 위한 특가! 여름 신상 40% 할인 진행 중입니다. (수신거부 080-000-0000),해당없음(정상 메시지),"정상 광고/이벤트 문자 보강 (Claude 생성, 합성 데이터 - 실제 정상 마케팅 SMS의 수신거부 문구 반영)"
3872,0,정상,정상,광고이벤트,SMS,[다이소] 적립금 소멸 예정 안내: 2042포인트가 이번 달 말 소멸됩니다. (무료수신거부 0000-000-000),해당없음(정상 메시지),"정상 광고/이벤트 문자 보강 (Claude 생성, 합성 데이터 - 실제 정상 마케팅 SMS의 수신거부 문구 반영)"
3873,0,정상,정상,광고이벤트,SMS,[올리브영] 이번 주말 한정 뷰티 상품 특가 이벤트! 놓치지 마세요. (수신거부 0000),해당없음(정상 메시지),"정상 광고/이벤트 문자 보강 (Claude 생성, 합성 데이터 - 실제 정상 마케팅 SMS의 수신거부 문구 반영)"
3874,0,정상,정상,광고이벤트,SMS,[배달의민족] 적립금 소멸 예정 안내: 3013포인트가 이번 달 말 소멸됩니다. (무료수신거부 0000-000-000),해당없음(정상 메시지),"정상 광고/이벤트 문자 보강 (Claude 생성, 합성 데이터 - 실제 정상 마케팅 SMS의 수신거부 문구 반영)"
3875,0,정상,정상,광고이벤트,SMS,[마켓컬리] 첫 구매 고객님께 25% 쿠폰을 드려요! 마이페이지에서 확인해주세요. (무료거부 1234),해당없음(정상 메시지),"정상 광고/이벤트 문자 보강 (Claude 생성, 합성 데이터 - 실제 정상 마케팅 SMS의 수신거부 문구 반영)"
3876,0,정상,정상,광고이벤트,SMS,[이마트] 적립금 소멸 예정 안내: 4063포인트가 이번 달 말 소멸됩니다. (무료수신거부 0000-000-000),해당없음(정상 메시지),"정상 광고/이벤트 문자 보강 (Claude 생성, 합성 데이터 - 실제 정상 마케팅 SMS의 수신거부 문구 반영)"
3877,0,정상,정상,광고이벤트,SMS,[올리브영] 적립금 소멸 예정 안내: 3565포인트가 이번 달 말 소멸됩니다. (무료수신거부 0000-000-000),해당없음(정상 메시지),"정상 광고/이벤트 문자 보강 (Claude 생성, 합성 데이터 - 실제 정상 마케팅 SMS의 수신거부 문구 반영)"
3878,0,정상,정상,광고이벤트,SMS,[이마트] 적립금 소멸 예정 안내: 3539포인트가 이번 달 말 소멸됩니다. (무료수신거부 0000-000-000),해당없음(정상 메시지),"정상 광고/이벤트 문자 보강 (Claude 생성, 합성 데이터 - 실제 정상 마케팅 SMS의 수신거부 문구 반영)"
3879,0,정상,정상,광고이벤트,SMS,[스타벅스] 회원님만을 위한 특가! 생활용품 20% 할인 진행 중입니다. (수신거부 080-000-0000),해당없음(정상 메시지),"정상 광고/이벤트 문자 보강 (Claude 생성, 합성 데이터 - 실제 정상 마케팅 SMS의 수신거부 문구 반영)"
3880,0,정상,정상,광고이벤트,SMS,[GS25] 가전제품 25% 할인! 오늘까지만 앱에서 확인하세요. (무료수신거부 0000-000-000),해당없음(정상 메시지),"정상 광고/이벤트 문자 보강 (Claude 생성, 합성 데이터 - 실제 정상 마케팅 SMS의 수신거부 문구 반영)"
3881,0,정상,정상,광고이벤트,SMS,[마켓컬리] 적립금 소멸 예정 안내: 4615포인트가 이번 달 말 소멸됩니다. (무료수신거부 0000-000-000),해당없음(정상 메시지),"정상 광고/이벤트 문자 보강 (Claude 생성, 합성 데이터 - 실제 정상 마케팅 SMS의 수신거부 문구 반영)"
3882,0,정상,정상,광고이벤트,SMS,[GS25] 이번 주말 한정 생활용품 특가 이벤트! 놓치지 마세요. (수신거부 0000),해당없음(정상 메시지),"정상 광고/이벤트 문자 보강 (Claude 생성, 합성 데이터 - 실제 정상 마케팅 SMS의 수신거부 문구 반영)"
3883,0,정상,정상,광고이벤트,SMS,[무신사] 첫 구매 고객님께 30% 쿠폰을 드려요! 마이페이지에서 확인해주세요. (무료거부 1234),해당없음(정상 메시지),"정상 광고/이벤트 문자 보강 (Claude 생성, 합성 데이터 - 실제 정상 마케팅 SMS의 수신거부 문구 반영)"
3884,0,정상,정상,광고이벤트,SMS,[CU] 이번 주말 한정 전 상품 특가 이벤트! 놓치지 마세요. (수신거부 0000),해당없음(정상 메시지),"정상 광고/이벤트 문자 보강 (Claude 생성, 합성 데이터 - 실제 정상 마케팅 SMS의 수신거부 문구 반영)"
3885,0,정상,정상,광고이벤트,SMS,[GS25] 전 상품 15% 할인! 오늘까지만 앱에서 확인하세요. (무료수신거부 0000-000-000),해당없음(정상 메시지),"정상 광고/이벤트 문자 보강 (Claude 생성, 합성 데이터 - 실제 정상 마케팅 SMS의 수신거부 문구 반영)"
3886,0,정상,정상,광고이벤트,SMS,[스타벅스] 간편식 10% 할인! 오늘까지만 앱에서 확인하세요. (무료수신거부 0000-000-000),해당없음(정상 메시지),"정상 광고/이벤트 문자 보강 (Claude 생성, 합성 데이터 - 실제 정상 마케팅 SMS의 수신거부 문구 반영)"
3887,0,정상,정상,광고이벤트,SMS,[스타벅스] 첫 구매 고객님께 15% 쿠폰을 드려요! 마이페이지에서 확인해주세요. (무료거부 1234),해당없음(정상 메시지),"정상 광고/이벤트 문자 보강 (Claude 생성, 합성 데이터 - 실제 정상 마케팅 SMS의 수신거부 문구 반영)"
3888,0,정상,정상,광고이벤트,SMS,[스타벅스] 뷰티 상품 10% 할인! 오늘까지만 앱에서 확인하세요. (무료수신거부 0000-000-000),해당없음(정상 메시지),"정상 광고/이벤트 문자 보강 (Claude 생성, 합성 데이터 - 실제 정상 마케팅 SMS의 수신거부 문구 반영)"
3889,0,정상,정상,광고이벤트,SMS,[쿠팡] 적립금 소멸 예정 안내: 1292포인트가 이번 달 말 소멸됩니다. (무료수신거부 0000-000-000),해당없음(정상 메시지),"정상 광고/이벤트 문자 보강 (Claude 생성, 합성 데이터 - 실제 정상 마케팅 SMS의 수신거부 문구 반영)"
3890,0,정상,정상,광고이벤트,SMS,[이마트] 간편식 30% 할인! 오늘까지만 앱에서 확인하세요. (무료수신거부 0000-000-000),해당없음(정상 메시지),"정상 광고/이벤트 문자 보강 (Claude 생성, 합성 데이터 - 실제 정상 마케팅 SMS의 수신거부 문구 반영)"
3891,0,정상,정상,광고이벤트,SMS,[이마트] 회원님만을 위한 특가! 전 상품 10% 할인 진행 중입니다. (수신거부 080-000-0000),해당없음(정상 메시지),"정상 광고/이벤트 문자 보강 (Claude 생성, 합성 데이터 - 실제 정상 마케팅 SMS의 수신거부 문구 반영)"
3892,0,정상,정상,광고이벤트,SMS,[CU] 회원님만을 위한 특가! 가전제품 50% 할인 진행 중입니다. (수신거부 080-000-0000),해당없음(정상 메시지),"정상 광고/이벤트 문자 보강 (Claude 생성, 합성 데이터 - 실제 정상 마케팅 SMS의 수신거부 문구 반영)"
3893,0,정상,정상,광고이벤트,SMS,[마켓컬리] 적립금 소멸 예정 안내: 960포인트가 이번 달 말 소멸됩니다. (무료수신거부 0000-000-000),해당없음(정상 메시지),"정상 광고/이벤트 문자 보강 (Claude 생성, 합성 데이터 - 실제 정상 마케팅 SMS의 수신거부 문구 반영)"
3894,0,정상,정상,광고이벤트,SMS,[쿠팡] 간편식 50% 할인! 오늘까지만 앱에서 확인하세요. (무료수신거부 0000-000-000),해당없음(정상 메시지),"정상 광고/이벤트 문자 보강 (Claude 생성, 합성 데이터 - 실제 정상 마케팅 SMS의 수신거부 문구 반영)"
3895,0,정상,정상,광고이벤트,SMS,[무신사] 이번 주말 한정 전 상품 특가 이벤트! 놓치지 마세요. (수신거부 0000),해당없음(정상 메시지),"정상 광고/이벤트 문자 보강 (Claude 생성, 합성 데이터 - 실제 정상 마케팅 SMS의 수신거부 문구 반영)"
3896,0,정상,정상,광고이벤트,SMS,[스타벅스] 이번 주말 한정 뷰티 상품 특가 이벤트! 놓치지 마세요. (수신거부 0000),해당없음(정상 메시지),"정상 광고/이벤트 문자 보강 (Claude 생성, 합성 데이터 - 실제 정상 마케팅 SMS의 수신거부 문구 반영)"
3897,0,정상,정상,광고이벤트,SMS,[무신사] 적립금 소멸 예정 안내: 4285포인트가 이번 달 말 소멸됩니다. (무료수신거부 0000-000-000),해당없음(정상 메시지),"정상 광고/이벤트 문자 보강 (Claude 생성, 합성 데이터 - 실제 정상 마케팅 SMS의 수신거부 문구 반영)"
3898,0,정상,정상,광고이벤트,SMS,[올리브영] 생활용품 25% 할인! 오늘까지만 앱에서 확인하세요. (무료수신거부 0000-000-000),해당없음(정상 메시지),"정상 광고/이벤트 문자 보강 (Claude 생성, 합성 데이터 - 실제 정상 마케팅 SMS의 수신거부 문구 반영)"
3899,0,정상,정상,광고이벤트,SMS,[이마트] 생활용품 15% 할인! 오늘까지만 앱에서 확인하세요. (무료수신거부 0000-000-000),해당없음(정상 메시지),"정상 광고/이벤트 문자 보강 (Claude 생성, 합성 데이터 - 실제 정상 마케팅 SMS의 수신거부 문구 반영)"
3900,0,정상,정상,광고이벤트,SMS,[배달의민족] 첫 구매 고객님께 40% 쿠폰을 드려요! 마이페이지에서 확인해주세요. (무료거부 1234),해당없음(정상 메시지),"정상 광고/이벤트 문자 보강 (Claude 생성, 합성 데이터 - 실제 정상 마케팅 SMS의 수신거부 문구 반영)"
3901,0,정상,정상,광고이벤트,SMS,[마켓컬리] 간편식 10% 할인! 오늘까지만 앱에서 확인하세요. (무료수신거부 0000-000-000),해당없음(정상 메시지),"정상 광고/이벤트 문자 보강 (Claude 생성, 합성 데이터 - 실제 정상 마케팅 SMS의 수신거부 문구 반영)"
3902,0,정상,정상,광고이벤트,SMS,[마켓컬리] 여름 신상 30% 할인! 오늘까지만 앱에서 확인하세요. (무료수신거부 0000-000-000),해당없음(정상 메시지),"정상 광고/이벤트 문자 보강 (Claude 생성, 합성 데이터 - 실제 정상 마케팅 SMS의 수신거부 문구 반영)"
3903,0,정상,정상,광고이벤트,SMS,[쿠팡] 회원님만을 위한 특가! 가전제품 30% 할인 진행 중입니다. (수신거부 080-000-0000),해당없음(정상 메시지),"정상 광고/이벤트 문자 보강 (Claude 생성, 합성 데이터 - 실제 정상 마케팅 SMS의 수신거부 문구 반영)"
3904,0,정상,정상,광고이벤트,SMS,[CU] 첫 구매 고객님께 20% 쿠폰을 드려요! 마이페이지에서 확인해주세요. (무료거부 1234),해당없음(정상 메시지),"정상 광고/이벤트 문자 보강 (Claude 생성, 합성 데이터 - 실제 정상 마케팅 SMS의 수신거부 문구 반영)"
3905,0,정상,정상,광고이벤트,SMS,[CU] 적립금 소멸 예정 안내: 2972포인트가 이번 달 말 소멸됩니다. (무료수신거부 0000-000-000),해당없음(정상 메시지),"정상 광고/이벤트 문자 보강 (Claude 생성, 합성 데이터 - 실제 정상 마케팅 SMS의 수신거부 문구 반영)"
3906,0,정상,정상,광고이벤트,SMS,[마켓컬리] 회원님만을 위한 특가! 뷰티 상품 10% 할인 진행 중입니다. (수신거부 080-000-0000),해당없음(정상 메시지),"정상 광고/이벤트 문자 보강 (Claude 생성, 합성 데이터 - 실제 정상 마케팅 SMS의 수신거부 문구 반영)"
3907,0,정상,정상,광고이벤트,SMS,[배달의민족] 첫 구매 고객님께 50% 쿠폰을 드려요! 마이페이지에서 확인해주세요. (무료거부 1234),해당없음(정상 메시지),"정상 광고/이벤트 문자 보강 (Claude 생성, 합성 데이터 - 실제 정상 마케팅 SMS의 수신거부 문구 반영)"
3908,0,정상,정상,광고이벤트,SMS,[스타벅스] 생활용품 10% 할인! 오늘까지만 앱에서 확인하세요. (무료수신거부 0000-000-000),해당없음(정상 메시지),"정상 광고/이벤트 문자 보강 (Claude 생성, 합성 데이터 - 실제 정상 마케팅 SMS의 수신거부 문구 반영)"
3909,0,정상,정상,광고이벤트,SMS,[무신사] 적립금 소멸 예정 안내: 1338포인트가 이번 달 말 소멸됩니다. (무료수신거부 0000-000-000),해당없음(정상 메시지),"정상 광고/이벤트 문자 보강 (Claude 생성, 합성 데이터 - 실제 정상 마케팅 SMS의 수신거부 문구 반영)"
3910,0,정상,정상,광고이벤트,SMS,[배달의민족] 이번 주말 한정 여름 신상 특가 이벤트! 놓치지 마세요. (수신거부 0000),해당없음(정상 메시지),"정상 광고/이벤트 문자 보강 (Claude 생성, 합성 데이터 - 실제 정상 마케팅 SMS의 수신거부 문구 반영)"
3911,0,정상,정상,광고이벤트,SMS,[무신사] 적립금 소멸 예정 안내: 2945포인트가 이번 달 말 소멸됩니다. (무료수신거부 0000-000-000),해당없음(정상 메시지),"정상 광고/이벤트 문자 보강 (Claude 생성, 합성 데이터 - 실제 정상 마케팅 SMS의 수신거부 문구 반영)"
3912,0,정상,정상,광고이벤트,SMS,[배달의민족] 첫 구매 고객님께 15% 쿠폰을 드려요! 마이페이지에서 확인해주세요. (무료거부 1234),해당없음(정상 메시지),"정상 광고/이벤트 문자 보강 (Claude 생성, 합성 데이터 - 실제 정상 마케팅 SMS의 수신거부 문구 반영)"
3913,0,정상,정상,광고이벤트,SMS,[올리브영] 전 상품 15% 할인! 오늘까지만 앱에서 확인하세요. (무료수신거부 0000-000-000),해당없음(정상 메시지),"정상 광고/이벤트 문자 보강 (Claude 생성, 합성 데이터 - 실제 정상 마케팅 SMS의 수신거부 문구 반영)"
3914,0,정상,정상,광고이벤트,SMS,[올리브영] 생활용품 15% 할인! 오늘까지만 앱에서 확인하세요. (무료수신거부 0000-000-000),해당없음(정상 메시지),"정상 광고/이벤트 문자 보강 (Claude 생성, 합성 데이터 - 실제 정상 마케팅 SMS의 수신거부 문구 반영)"
3915,0,정상,정상,광고이벤트,SMS,[다이소] 첫 구매 고객님께 30% 쿠폰을 드려요! 마이페이지에서 확인해주세요. (무료거부 1234),해당없음(정상 메시지),"정상 광고/이벤트 문자 보강 (Claude 생성, 합성 데이터 - 실제 정상 마케팅 SMS의 수신거부 문구 반영)"
3916,0,정상,정상,광고이벤트,SMS,[이마트] 적립금 소멸 예정 안내: 2843포인트가 이번 달 말 소멸됩니다. (무료수신거부 0000-000-000),해당없음(정상 메시지),"정상 광고/이벤트 문자 보강 (Claude 생성, 합성 데이터 - 실제 정상 마케팅 SMS의 수신거부 문구 반영)"
3917,0,정상,정상,광고이벤트,SMS,[배달의민족] 첫 구매 고객님께 30% 쿠폰을 드려요! 마이페이지에서 확인해주세요. (무료거부 1234),해당없음(정상 메시지),"정상 광고/이벤트 문자 보강 (Claude 생성, 합성 데이터 - 실제 정상 마케팅 SMS의 수신거부 문구 반영)"
3918,0,정상,정상,광고이벤트,SMS,[마켓컬리] 회원님만을 위한 특가! 생활용품 40% 할인 진행 중입니다. (수신거부 080-000-0000),해당없음(정상 메시지),"정상 광고/이벤트 문자 보강 (Claude 생성, 합성 데이터 - 실제 정상 마케팅 SMS의 수신거부 문구 반영)"
3919,0,정상,정상,광고이벤트,SMS,[무신사] 첫 구매 고객님께 20% 쿠폰을 드려요! 마이페이지에서 확인해주세요. (무료거부 1234),해당없음(정상 메시지),"정상 광고/이벤트 문자 보강 (Claude 생성, 합성 데이터 - 실제 정상 마케팅 SMS의 수신거부 문구 반영)"
3920,0,정상,정상,광고이벤트,SMS,[스타벅스] 여름 신상 40% 할인! 오늘까지만 앱에서 확인하세요. (무료수신거부 0000-000-000),해당없음(정상 메시지),"정상 광고/이벤트 문자 보강 (Claude 생성, 합성 데이터 - 실제 정상 마케팅 SMS의 수신거부 문구 반영)"
3921,0,정상,정상,광고이벤트,SMS,[배달의민족] 첫 구매 고객님께 25% 쿠폰을 드려요! 마이페이지에서 확인해주세요. (무료거부 1234),해당없음(정상 메시지),"정상 광고/이벤트 문자 보강 (Claude 생성, 합성 데이터 - 실제 정상 마케팅 SMS의 수신거부 문구 반영)"
3922,0,정상,정상,광고이벤트,SMS,[스타벅스] 가전제품 15% 할인! 오늘까지만 앱에서 확인하세요. (무료수신거부 0000-000-000),해당없음(정상 메시지),"정상 광고/이벤트 문자 보강 (Claude 생성, 합성 데이터 - 실제 정상 마케팅 SMS의 수신거부 문구 반영)"
3923,0,정상,정상,광고이벤트,SMS,[쿠팡] 회원님만을 위한 특가! 전 상품 25% 할인 진행 중입니다. (수신거부 080-000-0000),해당없음(정상 메시지),"정상 광고/이벤트 문자 보강 (Claude 생성, 합성 데이터 - 실제 정상 마케팅 SMS의 수신거부 문구 반영)"
3924,0,정상,정상,광고이벤트,SMS,[이마트] 이번 주말 한정 전 상품 특가 이벤트! 놓치지 마세요. (수신거부 0000),해당없음(정상 메시지),"정상 광고/이벤트 문자 보강 (Claude 생성, 합성 데이터 - 실제 정상 마케팅 SMS의 수신거부 문구 반영)"
3925,0,정상,정상,광고이벤트,SMS,[GS25] 이번 주말 한정 전 상품 특가 이벤트! 놓치지 마세요. (수신거부 0000),해당없음(정상 메시지),"정상 광고/이벤트 문자 보강 (Claude 생성, 합성 데이터 - 실제 정상 마케팅 SMS의 수신거부 문구 반영)"
3926,0,정상,정상,광고이벤트,SMS,[쿠팡] 이번 주말 한정 여름 신상 특가 이벤트! 놓치지 마세요. (수신거부 0000),해당없음(정상 메시지),"정상 광고/이벤트 문자 보강 (Claude 생성, 합성 데이터 - 실제 정상 마케팅 SMS의 수신거부 문구 반영)"
3927,0,정상,정상,광고이벤트,SMS,[GS25] 뷰티 상품 30% 할인! 오늘까지만 앱에서 확인하세요. (무료수신거부 0000-000-000),해당없음(정상 메시지),"정상 광고/이벤트 문자 보강 (Claude 생성, 합성 데이터 - 실제 정상 마케팅 SMS의 수신거부 문구 반영)"
3928,0,정상,정상,광고이벤트,SMS,[다이소] 여름 신상 50% 할인! 오늘까지만 앱에서 확인하세요. (무료수신거부 0000-000-000),해당없음(정상 메시지),"정상 광고/이벤트 문자 보강 (Claude 생성, 합성 데이터 - 실제 정상 마케팅 SMS의 수신거부 문구 반영)"
3929,0,정상,정상,광고이벤트,SMS,[CU] 회원님만을 위한 특가! 뷰티 상품 30% 할인 진행 중입니다. (수신거부 080-000-0000),해당없음(정상 메시지),"정상 광고/이벤트 문자 보강 (Claude 생성, 합성 데이터 - 실제 정상 마케팅 SMS의 수신거부 문구 반영)"
3930,0,정상,정상,광고이벤트,SMS,[올리브영] 첫 구매 고객님께 20% 쿠폰을 드려요! 마이페이지에서 확인해주세요. (무료거부 1234),해당없음(정상 메시지),"정상 광고/이벤트 문자 보강 (Claude 생성, 합성 데이터 - 실제 정상 마케팅 SMS의 수신거부 문구 반영)"
3931,0,정상,정상,광고이벤트,SMS,[이마트] 회원님만을 위한 특가! 뷰티 상품 15% 할인 진행 중입니다. (수신거부 080-000-0000),해당없음(정상 메시지),"정상 광고/이벤트 문자 보강 (Claude 생성, 합성 데이터 - 실제 정상 마케팅 SMS의 수신거부 문구 반영)"
3932,0,정상,정상,광고이벤트,SMS,[마켓컬리] 생활용품 15% 할인! 오늘까지만 앱에서 확인하세요. (무료수신거부 0000-000-000),해당없음(정상 메시지),"정상 광고/이벤트 문자 보강 (Claude 생성, 합성 데이터 - 실제 정상 마케팅 SMS의 수신거부 문구 반영)"
3933,0,정상,정상,광고이벤트,SMS,[이마트] 첫 구매 고객님께 40% 쿠폰을 드려요! 마이페이지에서 확인해주세요. (무료거부 1234),해당없음(정상 메시지),"정상 광고/이벤트 문자 보강 (Claude 생성, 합성 데이터 - 실제 정상 마케팅 SMS의 수신거부 문구 반영)"
3934,0,정상,정상,광고이벤트,SMS,[배달의민족] 적립금 소멸 예정 안내: 3441포인트가 이번 달 말 소멸됩니다. (무료수신거부 0000-000-000),해당없음(정상 메시지),"정상 광고/이벤트 문자 보강 (Claude 생성, 합성 데이터 - 실제 정상 마케팅 SMS의 수신거부 문구 반영)"
3935,0,정상,정상,광고이벤트,SMS,[다이소] 적립금 소멸 예정 안내: 2321포인트가 이번 달 말 소멸됩니다. (무료수신거부 0000-000-000),해당없음(정상 메시지),"정상 광고/이벤트 문자 보강 (Claude 생성, 합성 데이터 - 실제 정상 마케팅 SMS의 수신거부 문구 반영)"
3936,0,정상,정상,광고이벤트,SMS,[배달의민족] 생활용품 20% 할인! 오늘까지만 앱에서 확인하세요. (무료수신거부 0000-000-000),해당없음(정상 메시지),"정상 광고/이벤트 문자 보강 (Claude 생성, 합성 데이터 - 실제 정상 마케팅 SMS의 수신거부 문구 반영)"
3937,0,정상,정상,광고이벤트,SMS,[CU] 적립금 소멸 예정 안내: 4924포인트가 이번 달 말 소멸됩니다. (무료수신거부 0000-000-000),해당없음(정상 메시지),"정상 광고/이벤트 문자 보강 (Claude 생성, 합성 데이터 - 실제 정상 마케팅 SMS의 수신거부 문구 반영)"
3938,0,정상,정상,광고이벤트,SMS,[다이소] 회원님만을 위한 특가! 간편식 20% 할인 진행 중입니다. (수신거부 080-000-0000),해당없음(정상 메시지),"정상 광고/이벤트 문자 보강 (Claude 생성, 합성 데이터 - 실제 정상 마케팅 SMS의 수신거부 문구 반영)"
3939,0,정상,정상,광고이벤트,SMS,[GS25] 첫 구매 고객님께 20% 쿠폰을 드려요! 마이페이지에서 확인해주세요. (무료거부 1234),해당없음(정상 메시지),"정상 광고/이벤트 문자 보강 (Claude 생성, 합성 데이터 - 실제 정상 마케팅 SMS의 수신거부 문구 반영)"
3940,0,정상,정상,광고이벤트,SMS,[이마트] 첫 구매 고객님께 25% 쿠폰을 드려요! 마이페이지에서 확인해주세요. (무료거부 1234),해당없음(정상 메시지),"정상 광고/이벤트 문자 보강 (Claude 생성, 합성 데이터 - 실제 정상 마케팅 SMS의 수신거부 문구 반영)"
3941,0,정상,정상,광고이벤트,SMS,[올리브영] 회원님만을 위한 특가! 뷰티 상품 20% 할인 진행 중입니다. (수신거부 080-000-0000),해당없음(정상 메시지),"정상 광고/이벤트 문자 보강 (Claude 생성, 합성 데이터 - 실제 정상 마케팅 SMS의 수신거부 문구 반영)"
3942,0,정상,정상,채용업무,SMS,[대한물류] 최종 합격을 축하드립니다! 입사 관련 안내는 첨부 문서를 확인해주세요.,해당없음(정상 메시지),"정상 채용/업무 문자 보강 (Claude 생성, 합성 데이터)"
3943,0,정상,정상,채용업무,SMS,"수아선배님, 오늘 회식 장소는 근처 식당입니다. 11시까지 와주세요.",해당없음(정상 메시지),"정상 채용/업무 문자 보강 (Claude 생성, 합성 데이터)"
3944,0,정상,정상,채용업무,SMS,"예은선배님, 오늘 회식 장소는 근처 식당입니다. 14시까지 와주세요.",해당없음(정상 메시지),"정상 채용/업무 문자 보강 (Claude 생성, 합성 데이터)"
3945,0,정상,정상,채용업무,SMS,"하은님, 내일 오전 12시 팀 회의 있습니다. 본사 강당 예약 부탁드립니다.",해당없음(정상 메시지),"정상 채용/업무 문자 보강 (Claude 생성, 합성 데이터)"
3946,0,정상,정상,채용업무,SMS,"수아님, 오늘 회의 자료 검토 부탁드립니다. 회신 부탁드립니다.",해당없음(정상 메시지),"정상 채용/업무 문자 보강 (Claude 생성, 합성 데이터)"
3947,0,정상,정상,채용업무,SMS,[하늘디자인] 최종 합격을 축하드립니다! 입사 관련 안내는 첨부 문서를 확인해주세요.,해당없음(정상 메시지),"정상 채용/업무 문자 보강 (Claude 생성, 합성 데이터)"
3948,0,정상,정상,채용업무,SMS,"민준선배님, 오늘 회식 장소는 3층 라운지입니다. 11시까지 와주세요.",해당없음(정상 메시지),"정상 채용/업무 문자 보강 (Claude 생성, 합성 데이터)"
3949,0,정상,정상,채용업무,SMS,"수아선배님, 오늘 회식 장소는 3층 라운지입니다. 16시까지 와주세요.",해당없음(정상 메시지),"정상 채용/업무 문자 보강 (Claude 생성, 합성 데이터)"
3950,0,정상,정상,채용업무,SMS,"[(주)한빛테크] 민준님, 3월 22일 면접 일정 안내드립니다. 오후 11시 본사 7층입니다.",해당없음(정상 메시지),"정상 채용/업무 문자 보강 (Claude 생성, 합성 데이터)"
3951,0,정상,정상,채용업무,SMS,"하은님, 내일 오전 16시 팀 회의 있습니다. 본사 강당 예약 부탁드립니다.",해당없음(정상 메시지),"정상 채용/업무 문자 보강 (Claude 생성, 합성 데이터)"
3952,0,정상,정상,채용업무,SMS,"[미래에너지] 예은님, 1차 서류 검토 결과 안내드립니다. 자세한 내용은 이메일을 확인해주세요.",해당없음(정상 메시지),"정상 채용/업무 문자 보강 (Claude 생성, 합성 데이터)"
3953,0,정상,정상,채용업무,SMS,"서연님, 오늘 회의 자료 검토 부탁드립니다. 회신 부탁드립니다.",해당없음(정상 메시지),"정상 채용/업무 문자 보강 (Claude 생성, 합성 데이터)"
3954,0,정상,정상,채용업무,SMS,"도윤선배님, 오늘 회식 장소는 근처 식당입니다. 14시까지 와주세요.",해당없음(정상 메시지),"정상 채용/업무 문자 보강 (Claude 생성, 합성 데이터)"
3955,0,정상,정상,채용업무,SMS,"예은선배님, 오늘 회식 장소는 본사 강당입니다. 11시까지 와주세요.",해당없음(정상 메시지),"정상 채용/업무 문자 보강 (Claude 생성, 합성 데이터)"
3956,0,정상,정상,채용업무,SMS,"[(주)한빛테크] 도윤님, 4월 12일 면접 일정 안내드립니다. 오후 10시 본사 11층입니다.",해당없음(정상 메시지),"정상 채용/업무 문자 보강 (Claude 생성, 합성 데이터)"
3957,0,정상,정상,채용업무,SMS,"서연선배님, 오늘 회식 장소는 3층 라운지입니다. 16시까지 와주세요.",해당없음(정상 메시지),"정상 채용/업무 문자 보강 (Claude 생성, 합성 데이터)"
3958,0,정상,정상,채용업무,SMS,"시우선배님, 오늘 회식 장소는 3층 라운지입니다. 11시까지 와주세요.",해당없음(정상 메시지),"정상 채용/업무 문자 보강 (Claude 생성, 합성 데이터)"
3959,0,정상,정상,채용업무,SMS,"[대한물류] 하은님, 1차 서류 검토 결과 안내드립니다. 자세한 내용은 이메일을 확인해주세요.",해당없음(정상 메시지),"정상 채용/업무 문자 보강 (Claude 생성, 합성 데이터)"
3960,0,정상,정상,채용업무,SMS,"[미래에너지] 지훈님, 1차 서류 검토 결과 안내드립니다. 자세한 내용은 이메일을 확인해주세요.",해당없음(정상 메시지),"정상 채용/업무 문자 보강 (Claude 생성, 합성 데이터)"
3961,0,정상,정상,채용업무,SMS,[하늘디자인] 서류 전형에 합격하셨습니다. 다음 단계 안내는 이메일로 발송됩니다.,해당없음(정상 메시지),"정상 채용/업무 문자 보강 (Claude 생성, 합성 데이터)"
3962,0,정상,정상,채용업무,SMS,"[(주)한빛테크] 시우님, 8월 13일 면접 일정 안내드립니다. 오후 10시 본사 10층입니다.",해당없음(정상 메시지),"정상 채용/업무 문자 보강 (Claude 생성, 합성 데이터)"
3963,0,정상,정상,채용업무,SMS,"도윤선배님, 오늘 회식 장소는 회의실 A입니다. 15시까지 와주세요.",해당없음(정상 메시지),"정상 채용/업무 문자 보강 (Claude 생성, 합성 데이터)"
3964,0,정상,정상,채용업무,SMS,"[하늘디자인] 예은님, 1차 서류 검토 결과 안내드립니다. 자세한 내용은 이메일을 확인해주세요.",해당없음(정상 메시지),"정상 채용/업무 문자 보강 (Claude 생성, 합성 데이터)"
3965,0,정상,정상,채용업무,SMS,"지훈님, 내일 오전 11시 팀 회의 있습니다. 회의실 A 예약 부탁드립니다.",해당없음(정상 메시지),"정상 채용/업무 문자 보강 (Claude 생성, 합성 데이터)"
3966,0,정상,정상,채용업무,SMS,"민준님, 오늘 회의 자료 검토 부탁드립니다. 회신 부탁드립니다.",해당없음(정상 메시지),"정상 채용/업무 문자 보강 (Claude 생성, 합성 데이터)"
3967,0,정상,정상,채용업무,SMS,"시우님, 내일 오전 15시 팀 회의 있습니다. 본사 강당 예약 부탁드립니다.",해당없음(정상 메시지),"정상 채용/업무 문자 보강 (Claude 생성, 합성 데이터)"
3968,0,정상,정상,채용업무,SMS,"[하늘디자인] 하은님, 12월 21일 면접 일정 안내드립니다. 오후 17시 본사 8층입니다.",해당없음(정상 메시지),"정상 채용/업무 문자 보강 (Claude 생성, 합성 데이터)"
3969,0,정상,정상,채용업무,SMS,"[(주)한빛테크] 지훈님, 5월 18일 면접 일정 안내드립니다. 오후 10시 본사 11층입니다.",해당없음(정상 메시지),"정상 채용/업무 문자 보강 (Claude 생성, 합성 데이터)"
3970,0,정상,정상,채용업무,SMS,[미래에너지] 최종 합격을 축하드립니다! 입사 관련 안내는 첨부 문서를 확인해주세요.,해당없음(정상 메시지),"정상 채용/업무 문자 보강 (Claude 생성, 합성 데이터)"
3971,0,정상,정상,채용업무,SMS,[(주)한빛테크] 최종 합격을 축하드립니다! 입사 관련 안내는 첨부 문서를 확인해주세요.,해당없음(정상 메시지),"정상 채용/업무 문자 보강 (Claude 생성, 합성 데이터)"
3972,0,정상,정상,채용업무,SMS,"[미래에너지] 시우님, 1월 18일 면접 일정 안내드립니다. 오후 17시 본사 2층입니다.",해당없음(정상 메시지),"정상 채용/업무 문자 보강 (Claude 생성, 합성 데이터)"
3973,0,정상,정상,채용업무,SMS,"예은님, 내일 오전 17시 팀 회의 있습니다. 3층 라운지 예약 부탁드립니다.",해당없음(정상 메시지),"정상 채용/업무 문자 보강 (Claude 생성, 합성 데이터)"
3974,0,정상,정상,채용업무,SMS,"[그린소프트] 시우님, 11월 19일 면접 일정 안내드립니다. 오후 13시 본사 6층입니다.",해당없음(정상 메시지),"정상 채용/업무 문자 보강 (Claude 생성, 합성 데이터)"
3975,0,정상,정상,채용업무,SMS,"[그린소프트] 서연님, 1차 서류 검토 결과 안내드립니다. 자세한 내용은 이메일을 확인해주세요.",해당없음(정상 메시지),"정상 채용/업무 문자 보강 (Claude 생성, 합성 데이터)"
3976,0,정상,정상,채용업무,SMS,"지훈님, 오늘 회의 자료 검토 부탁드립니다. 회신 부탁드립니다.",해당없음(정상 메시지),"정상 채용/업무 문자 보강 (Claude 생성, 합성 데이터)"
3977,0,정상,정상,채용업무,SMS,"민준님, 내일 오전 12시 팀 회의 있습니다. 근처 식당 예약 부탁드립니다.",해당없음(정상 메시지),"정상 채용/업무 문자 보강 (Claude 생성, 합성 데이터)"
3978,0,정상,정상,채용업무,SMS,"도윤선배님, 오늘 회식 장소는 근처 식당입니다. 12시까지 와주세요.",해당없음(정상 메시지),"정상 채용/업무 문자 보강 (Claude 생성, 합성 데이터)"
3979,0,정상,정상,채용업무,SMS,"지훈선배님, 오늘 회식 장소는 본사 강당입니다. 9시까지 와주세요.",해당없음(정상 메시지),"정상 채용/업무 문자 보강 (Claude 생성, 합성 데이터)"
3980,0,정상,정상,채용업무,SMS,"시우선배님, 오늘 회식 장소는 본사 강당입니다. 15시까지 와주세요.",해당없음(정상 메시지),"정상 채용/업무 문자 보강 (Claude 생성, 합성 데이터)"
3981,0,정상,정상,채용업무,SMS,"민준선배님, 오늘 회식 장소는 근처 식당입니다. 12시까지 와주세요.",해당없음(정상 메시지),"정상 채용/업무 문자 보강 (Claude 생성, 합성 데이터)"
3982,0,정상,정상,채용업무,SMS,"[그린소프트] 민준님, 1차 서류 검토 결과 안내드립니다. 자세한 내용은 이메일을 확인해주세요.",해당없음(정상 메시지),"정상 채용/업무 문자 보강 (Claude 생성, 합성 데이터)"
3983,0,정상,정상,채용업무,SMS,"[하늘디자인] 민준님, 1차 서류 검토 결과 안내드립니다. 자세한 내용은 이메일을 확인해주세요.",해당없음(정상 메시지),"정상 채용/업무 문자 보강 (Claude 생성, 합성 데이터)"
3984,0,정상,정상,채용업무,SMS,"[대한물류] 수아님, 1차 서류 검토 결과 안내드립니다. 자세한 내용은 이메일을 확인해주세요.",해당없음(정상 메시지),"정상 채용/업무 문자 보강 (Claude 생성, 합성 데이터)"
3985,0,정상,정상,채용업무,SMS,"수아선배님, 오늘 회식 장소는 3층 라운지입니다. 11시까지 와주세요.",해당없음(정상 메시지),"정상 채용/업무 문자 보강 (Claude 생성, 합성 데이터)"
3986,0,정상,정상,채용업무,SMS,"수아님, 내일 오전 15시 팀 회의 있습니다. 본사 강당 예약 부탁드립니다.",해당없음(정상 메시지),"정상 채용/업무 문자 보강 (Claude 생성, 합성 데이터)"
3987,0,정상,정상,채용업무,SMS,"[그린소프트] 도윤님, 1차 서류 검토 결과 안내드립니다. 자세한 내용은 이메일을 확인해주세요.",해당없음(정상 메시지),"정상 채용/업무 문자 보강 (Claude 생성, 합성 데이터)"
3988,0,정상,정상,채용업무,SMS,"[그린소프트] 민준님, 3월 19일 면접 일정 안내드립니다. 오후 18시 본사 4층입니다.",해당없음(정상 메시지),"정상 채용/업무 문자 보강 (Claude 생성, 합성 데이터)"
3989,0,정상,정상,채용업무,SMS,"[대한물류] 하은님, 3월 17일 면접 일정 안내드립니다. 오후 10시 본사 14층입니다.",해당없음(정상 메시지),"정상 채용/업무 문자 보강 (Claude 생성, 합성 데이터)"
3990,0,정상,정상,채용업무,SMS,"[미래에너지] 민준님, 11월 27일 면접 일정 안내드립니다. 오후 18시 본사 3층입니다.",해당없음(정상 메시지),"정상 채용/업무 문자 보강 (Claude 생성, 합성 데이터)"
3991,0,정상,정상,채용업무,SMS,"[그린소프트] 시우님, 6월 26일 면접 일정 안내드립니다. 오후 17시 본사 11층입니다.",해당없음(정상 메시지),"정상 채용/업무 문자 보강 (Claude 생성, 합성 데이터)"
3992,0,정상,정상,채용업무,SMS,[그린소프트] 최종 합격을 축하드립니다! 입사 관련 안내는 첨부 문서를 확인해주세요.,해당없음(정상 메시지),"정상 채용/업무 문자 보강 (Claude 생성, 합성 데이터)"
3993,0,정상,정상,채용업무,SMS,"민준님, 내일 오전 9시 팀 회의 있습니다. 회의실 A 예약 부탁드립니다.",해당없음(정상 메시지),"정상 채용/업무 문자 보강 (Claude 생성, 합성 데이터)"
3994,0,정상,정상,채용업무,SMS,[미래에너지] 서류 전형에 합격하셨습니다. 다음 단계 안내는 이메일로 발송됩니다.,해당없음(정상 메시지),"정상 채용/업무 문자 보강 (Claude 생성, 합성 데이터)"
3995,0,정상,정상,채용업무,SMS,"민준선배님, 오늘 회식 장소는 본사 강당입니다. 15시까지 와주세요.",해당없음(정상 메시지),"정상 채용/업무 문자 보강 (Claude 생성, 합성 데이터)"
3996,0,정상,정상,채용업무,SMS,"하은님, 오늘 회의 자료 검토 부탁드립니다. 회신 부탁드립니다.",해당없음(정상 메시지),"정상 채용/업무 문자 보강 (Claude 생성, 합성 데이터)"
3997,0,정상,정상,채용업무,SMS,"민준님, 내일 오전 13시 팀 회의 있습니다. 본사 강당 예약 부탁드립니다.",해당없음(정상 메시지),"정상 채용/업무 문자 보강 (Claude 생성, 합성 데이터)"
3998,0,정상,정상,채용업무,SMS,"[그린소프트] 수아님, 10월 16일 면접 일정 안내드립니다. 오후 16시 본사 4층입니다.",해당없음(정상 메시지),"정상 채용/업무 문자 보강 (Claude 생성, 합성 데이터)"
3999,0,정상,정상,채용업무,SMS,"서연선배님, 오늘 회식 장소는 3층 라운지입니다. 10시까지 와주세요.",해당없음(정상 메시지),"정상 채용/업무 문자 보강 (Claude 생성, 합성 데이터)"
4000,0,정상,정상,채용업무,SMS,"민준님, 내일 오전 10시 팀 회의 있습니다. 근처 식당 예약 부탁드립니다.",해당없음(정상 메시지),"정상 채용/업무 문자 보강 (Claude 생성, 합성 데이터)"
4001,0,정상,정상,채용업무,SMS,"시우선배님, 오늘 회식 장소는 근처 식당입니다. 17시까지 와주세요.",해당없음(정상 메시지),"정상 채용/업무 문자 보강 (Claude 생성, 합성 데이터)"
4002,0,정상,정상,채용업무,SMS,"민준님, 내일 오전 16시 팀 회의 있습니다. 근처 식당 예약 부탁드립니다.",해당없음(정상 메시지),"정상 채용/업무 문자 보강 (Claude 생성, 합성 데이터)"
4003,0,정상,정상,채용업무,SMS,[그린소프트] 서류 전형에 합격하셨습니다. 다음 단계 안내는 이메일로 발송됩니다.,해당없음(정상 메시지),"정상 채용/업무 문자 보강 (Claude 생성, 합성 데이터)"
4004,0,정상,정상,채용업무,SMS,"[미래에너지] 서연님, 9월 1일 면접 일정 안내드립니다. 오후 18시 본사 3층입니다.",해당없음(정상 메시지),"정상 채용/업무 문자 보강 (Claude 생성, 합성 데이터)"
4005,0,정상,정상,채용업무,SMS,"예은님, 내일 오전 9시 팀 회의 있습니다. 근처 식당 예약 부탁드립니다.",해당없음(정상 메시지),"정상 채용/업무 문자 보강 (Claude 생성, 합성 데이터)"
4006,0,정상,정상,채용업무,SMS,"도윤선배님, 오늘 회식 장소는 본사 강당입니다. 17시까지 와주세요.",해당없음(정상 메시지),"정상 채용/업무 문자 보강 (Claude 생성, 합성 데이터)"
4007,0,정상,정상,채용업무,SMS,"[(주)한빛테크] 지훈님, 1차 서류 검토 결과 안내드립니다. 자세한 내용은 이메일을 확인해주세요.",해당없음(정상 메시지),"정상 채용/업무 문자 보강 (Claude 생성, 합성 데이터)"
4008,0,정상,정상,채용업무,SMS,"예은님, 오늘 회의 자료 검토 부탁드립니다. 회신 부탁드립니다.",해당없음(정상 메시지),"정상 채용/업무 문자 보강 (Claude 생성, 합성 데이터)"
4009,0,정상,정상,채용업무,SMS,"하은선배님, 오늘 회식 장소는 회의실 A입니다. 14시까지 와주세요.",해당없음(정상 메시지),"정상 채용/업무 문자 보강 (Claude 생성, 합성 데이터)"
4010,0,정상,정상,채용업무,SMS,"[대한물류] 시우님, 2월 13일 면접 일정 안내드립니다. 오후 13시 본사 10층입니다.",해당없음(정상 메시지),"정상 채용/업무 문자 보강 (Claude 생성, 합성 데이터)"
4011,0,정상,정상,채용업무,SMS,"[대한물류] 민준님, 1차 서류 검토 결과 안내드립니다. 자세한 내용은 이메일을 확인해주세요.",해당없음(정상 메시지),"정상 채용/업무 문자 보강 (Claude 생성, 합성 데이터)"
4012,0,정상,정상,채용업무,SMS,"[하늘디자인] 도윤님, 4월 5일 면접 일정 안내드립니다. 오후 11시 본사 4층입니다.",해당없음(정상 메시지),"정상 채용/업무 문자 보강 (Claude 생성, 합성 데이터)"
4013,0,정상,정상,채용업무,SMS,"민준님, 내일 오전 17시 팀 회의 있습니다. 근처 식당 예약 부탁드립니다.",해당없음(정상 메시지),"정상 채용/업무 문자 보강 (Claude 생성, 합성 데이터)"
4014,0,정상,정상,채용업무,SMS,"시우님, 오늘 회의 자료 검토 부탁드립니다. 회신 부탁드립니다.",해당없음(정상 메시지),"정상 채용/업무 문자 보강 (Claude 생성, 합성 데이터)"
4015,0,정상,정상,채용업무,SMS,"[(주)한빛테크] 도윤님, 1차 서류 검토 결과 안내드립니다. 자세한 내용은 이메일을 확인해주세요.",해당없음(정상 메시지),"정상 채용/업무 문자 보강 (Claude 생성, 합성 데이터)"
4016,0,정상,정상,채용업무,SMS,"[대한물류] 서연님, 1차 서류 검토 결과 안내드립니다. 자세한 내용은 이메일을 확인해주세요.",해당없음(정상 메시지),"정상 채용/업무 문자 보강 (Claude 생성, 합성 데이터)"
4017,0,정상,정상,채용업무,SMS,"[하늘디자인] 예은님, 9월 26일 면접 일정 안내드립니다. 오후 17시 본사 9층입니다.",해당없음(정상 메시지),"정상 채용/업무 문자 보강 (Claude 생성, 합성 데이터)"
4018,0,정상,정상,채용업무,SMS,[(주)한빛테크] 서류 전형에 합격하셨습니다. 다음 단계 안내는 이메일로 발송됩니다.,해당없음(정상 메시지),"정상 채용/업무 문자 보강 (Claude 생성, 합성 데이터)"
4019,0,정상,정상,채용업무,SMS,"시우선배님, 오늘 회식 장소는 근처 식당입니다. 12시까지 와주세요.",해당없음(정상 메시지),"정상 채용/업무 문자 보강 (Claude 생성, 합성 데이터)"
4020,0,정상,정상,채용업무,SMS,"[미래에너지] 시우님, 1차 서류 검토 결과 안내드립니다. 자세한 내용은 이메일을 확인해주세요.",해당없음(정상 메시지),"정상 채용/업무 문자 보강 (Claude 생성, 합성 데이터)"
4021,0,정상,정상,채용업무,SMS,"시우선배님, 오늘 회식 장소는 본사 강당입니다. 14시까지 와주세요.",해당없음(정상 메시지),"정상 채용/업무 문자 보강 (Claude 생성, 합성 데이터)"
4022,0,정상,정상,채용업무,SMS,"[대한물류] 하은님, 6월 17일 면접 일정 안내드립니다. 오후 10시 본사 3층입니다.",해당없음(정상 메시지),"정상 채용/업무 문자 보강 (Claude 생성, 합성 데이터)"
4023,0,정상,정상,채용업무,SMS,"[그린소프트] 하은님, 12월 5일 면접 일정 안내드립니다. 오후 12시 본사 13층입니다.",해당없음(정상 메시지),"정상 채용/업무 문자 보강 (Claude 생성, 합성 데이터)"
4024,0,정상,정상,채용업무,SMS,"도윤님, 오늘 회의 자료 검토 부탁드립니다. 회신 부탁드립니다.",해당없음(정상 메시지),"정상 채용/업무 문자 보강 (Claude 생성, 합성 데이터)"
4025,0,정상,정상,채용업무,SMS,[대한물류] 서류 전형에 합격하셨습니다. 다음 단계 안내는 이메일로 발송됩니다.,해당없음(정상 메시지),"정상 채용/업무 문자 보강 (Claude 생성, 합성 데이터)"
4026,0,정상,정상,채용업무,SMS,"[(주)한빛테크] 예은님, 1차 서류 검토 결과 안내드립니다. 자세한 내용은 이메일을 확인해주세요.",해당없음(정상 메시지),"정상 채용/업무 문자 보강 (Claude 생성, 합성 데이터)"
4027,0,정상,정상,채용업무,SMS,"서연님, 내일 오전 17시 팀 회의 있습니다. 회의실 A 예약 부탁드립니다.",해당없음(정상 메시지),"정상 채용/업무 문자 보강 (Claude 생성, 합성 데이터)"
4028,0,정상,정상,채용업무,SMS,"시우님, 내일 오전 12시 팀 회의 있습니다. 3층 라운지 예약 부탁드립니다.",해당없음(정상 메시지),"정상 채용/업무 문자 보강 (Claude 생성, 합성 데이터)"
4029,0,정상,정상,채용업무,SMS,"[(주)한빛테크] 민준님, 10월 20일 면접 일정 안내드립니다. 오후 15시 본사 10층입니다.",해당없음(정상 메시지),"정상 채용/업무 문자 보강 (Claude 생성, 합성 데이터)"
4030,0,정상,정상,채용업무,SMS,"도윤님, 내일 오전 18시 팀 회의 있습니다. 근처 식당 예약 부탁드립니다.",해당없음(정상 메시지),"정상 채용/업무 문자 보강 (Claude 생성, 합성 데이터)"
4031,0,정상,정상,채용업무,SMS,"수아님, 내일 오전 11시 팀 회의 있습니다. 회의실 A 예약 부탁드립니다.",해당없음(정상 메시지),"정상 채용/업무 문자 보강 (Claude 생성, 합성 데이터)"
4032,0,정상,정상,업무이메일,SMS,"[은평초등학교] 학부모님께 안내드립니다. 9월 18일부터 3일간 중간고사가 진행되며, 시험기간 동안은 단축수업으로 오후 1시에 하교합니다. 자세한 시간표는 가정통신문을 참고해주세요.",해당없음(정상 메시지),"길이 다양성 보강 - 긴 정상 공지문 (Claude 생성, 합성 데이터)"
4033,0,정상,정상,업무이메일,SMS,"[대성고등학교] 학부모님께 안내드립니다. 11월 24일부터 3일간 중간고사가 진행되며, 시험기간 동안은 단축수업으로 오후 1시에 하교합니다. 자세한 시간표는 가정통신문을 참고해주세요.",해당없음(정상 메시지),"길이 다양성 보강 - 긴 정상 공지문 (Claude 생성, 합성 데이터)"
4034,0,정상,정상,업무이메일,SMS,"[행복초등학교] 학부모님께 안내드립니다. 4월 19일부터 3일간 중간고사가 진행되며, 시험기간 동안은 단축수업으로 오후 1시에 하교합니다. 자세한 시간표는 가정통신문을 참고해주세요.",해당없음(정상 메시지),"길이 다양성 보강 - 긴 정상 공지문 (Claude 생성, 합성 데이터)"
4035,0,정상,정상,업무이메일,SMS,"[한진택배] 고객님, 명절 연휴 기간 배송 물량 증가로 배송이 평소보다 1~2일 지연될 수 있습니다. 양해 부탁드리며, 빠른 배송을 위해 최선을 다하겠습니다. 문의사항은 고객센터로 연락 바랍니다.",해당없음(정상 메시지),"길이 다양성 보강 - 긴 정상 공지문 (Claude 생성, 합성 데이터)"
4036,0,정상,정상,업무이메일,SMS,"[하늘디자인] 안녕하세요, 예은님. 이번 달 정기 회의는 3월 25일 오후 10시 본사 3층 대회의실에서 진행됩니다. 참석 여부를 회신 부탁드리며, 자료는 사전에 공유드리겠습니다.",해당없음(정상 메시지),"길이 다양성 보강 - 긴 정상 공지문 (Claude 생성, 합성 데이터)"
4037,0,정상,정상,업무이메일,SMS,"[우체국택배] 고객님, 명절 연휴 기간 배송 물량 증가로 배송이 평소보다 1~2일 지연될 수 있습니다. 양해 부탁드리며, 빠른 배송을 위해 최선을 다하겠습니다. 문의사항은 고객센터로 연락 바랍니다.",해당없음(정상 메시지),"길이 다양성 보강 - 긴 정상 공지문 (Claude 생성, 합성 데이터)"
4038,0,정상,정상,업무이메일,SMS,"[OO초등학교] 학부모님께 안내드립니다. 7월 8일부터 3일간 중간고사가 진행되며, 시험기간 동안은 단축수업으로 오후 1시에 하교합니다. 자세한 시간표는 가정통신문을 참고해주세요.",해당없음(정상 메시지),"길이 다양성 보강 - 긴 정상 공지문 (Claude 생성, 합성 데이터)"
4039,0,정상,정상,업무이메일,SMS,"[행복초등학교] 학부모님께 안내드립니다. 9월 12일부터 3일간 중간고사가 진행되며, 시험기간 동안은 단축수업으로 오후 1시에 하교합니다. 자세한 시간표는 가정통신문을 참고해주세요.",해당없음(정상 메시지),"길이 다양성 보강 - 긴 정상 공지문 (Claude 생성, 합성 데이터)"
4040,0,정상,정상,업무이메일,SMS,"[하늘디자인] 안녕하세요, 수아님. 이번 달 정기 회의는 6월 23일 오후 9시 본사 2층 대회의실에서 진행됩니다. 참석 여부를 회신 부탁드리며, 자료는 사전에 공유드리겠습니다.",해당없음(정상 메시지),"길이 다양성 보강 - 긴 정상 공지문 (Claude 생성, 합성 데이터)"
4041,0,정상,정상,업무이메일,SMS,"[대한물류] 안녕하세요, 수아님. 이번 달 정기 회의는 10월 11일 오후 14시 본사 4층 대회의실에서 진행됩니다. 참석 여부를 회신 부탁드리며, 자료는 사전에 공유드리겠습니다.",해당없음(정상 메시지),"길이 다양성 보강 - 긴 정상 공지문 (Claude 생성, 합성 데이터)"
4042,0,정상,정상,업무이메일,SMS,"[미래에너지] 안녕하세요, 예은님. 이번 달 정기 회의는 6월 28일 오후 15시 본사 6층 대회의실에서 진행됩니다. 참석 여부를 회신 부탁드리며, 자료는 사전에 공유드리겠습니다.",해당없음(정상 메시지),"길이 다양성 보강 - 긴 정상 공지문 (Claude 생성, 합성 데이터)"
4043,0,정상,정상,업무이메일,SMS,"[롯데택배] 고객님, 명절 연휴 기간 배송 물량 증가로 배송이 평소보다 1~2일 지연될 수 있습니다. 양해 부탁드리며, 빠른 배송을 위해 최선을 다하겠습니다. 문의사항은 고객센터로 연락 바랍니다.",해당없음(정상 메시지),"길이 다양성 보강 - 긴 정상 공지문 (Claude 생성, 합성 데이터)"
4044,0,정상,정상,업무이메일,SMS,"[OO초등학교] 학부모님께 안내드립니다. 12월 5일부터 3일간 중간고사가 진행되며, 시험기간 동안은 단축수업으로 오후 1시에 하교합니다. 자세한 시간표는 가정통신문을 참고해주세요.",해당없음(정상 메시지),"길이 다양성 보강 - 긴 정상 공지문 (Claude 생성, 합성 데이터)"
4045,0,정상,정상,업무이메일,SMS,"[은평초등학교] 학부모님께 안내드립니다. 11월 17일부터 3일간 중간고사가 진행되며, 시험기간 동안은 단축수업으로 오후 1시에 하교합니다. 자세한 시간표는 가정통신문을 참고해주세요.",해당없음(정상 메시지),"길이 다양성 보강 - 긴 정상 공지문 (Claude 생성, 합성 데이터)"
4046,0,정상,정상,업무이메일,SMS,"[행복초등학교] 학부모님께 안내드립니다. 7월 4일부터 3일간 중간고사가 진행되며, 시험기간 동안은 단축수업으로 오후 1시에 하교합니다. 자세한 시간표는 가정통신문을 참고해주세요.",해당없음(정상 메시지),"길이 다양성 보강 - 긴 정상 공지문 (Claude 생성, 합성 데이터)"
4047,0,정상,정상,업무이메일,SMS,"[은평초등학교] 학부모님께 안내드립니다. 12월 11일부터 3일간 중간고사가 진행되며, 시험기간 동안은 단축수업으로 오후 1시에 하교합니다. 자세한 시간표는 가정통신문을 참고해주세요.",해당없음(정상 메시지),"길이 다양성 보강 - 긴 정상 공지문 (Claude 생성, 합성 데이터)"
4048,0,정상,정상,업무이메일,SMS,"[대성고등학교] 학부모님께 안내드립니다. 2월 12일부터 3일간 중간고사가 진행되며, 시험기간 동안은 단축수업으로 오후 1시에 하교합니다. 자세한 시간표는 가정통신문을 참고해주세요.",해당없음(정상 메시지),"길이 다양성 보강 - 긴 정상 공지문 (Claude 생성, 합성 데이터)"
4049,0,정상,정상,업무이메일,SMS,"[한빛중학교] 학부모님께 안내드립니다. 11월 17일부터 3일간 중간고사가 진행되며, 시험기간 동안은 단축수업으로 오후 1시에 하교합니다. 자세한 시간표는 가정통신문을 참고해주세요.",해당없음(정상 메시지),"길이 다양성 보강 - 긴 정상 공지문 (Claude 생성, 합성 데이터)"
4050,0,정상,정상,업무이메일,SMS,"[행복초등학교] 학부모님께 안내드립니다. 8월 21일부터 3일간 중간고사가 진행되며, 시험기간 동안은 단축수업으로 오후 1시에 하교합니다. 자세한 시간표는 가정통신문을 참고해주세요.",해당없음(정상 메시지),"길이 다양성 보강 - 긴 정상 공지문 (Claude 생성, 합성 데이터)"
4051,0,정상,정상,업무이메일,SMS,"[행복초등학교] 학부모님께 안내드립니다. 2월 3일부터 3일간 중간고사가 진행되며, 시험기간 동안은 단축수업으로 오후 1시에 하교합니다. 자세한 시간표는 가정통신문을 참고해주세요.",해당없음(정상 메시지),"길이 다양성 보강 - 긴 정상 공지문 (Claude 생성, 합성 데이터)"
4052,0,정상,정상,업무이메일,SMS,"[한빛중학교] 학부모님께 안내드립니다. 10월 21일부터 3일간 중간고사가 진행되며, 시험기간 동안은 단축수업으로 오후 1시에 하교합니다. 자세한 시간표는 가정통신문을 참고해주세요.",해당없음(정상 메시지),"길이 다양성 보강 - 긴 정상 공지문 (Claude 생성, 합성 데이터)"
4053,0,정상,정상,업무이메일,SMS,"[(주)한빛테크] 안녕하세요, 서연님. 이번 달 정기 회의는 8월 18일 오후 9시 본사 2층 대회의실에서 진행됩니다. 참석 여부를 회신 부탁드리며, 자료는 사전에 공유드리겠습니다.",해당없음(정상 메시지),"길이 다양성 보강 - 긴 정상 공지문 (Claude 생성, 합성 데이터)"
4054,0,정상,정상,업무이메일,SMS,"[대한물류] 안녕하세요, 지훈님. 이번 달 정기 회의는 2월 21일 오후 15시 본사 6층 대회의실에서 진행됩니다. 참석 여부를 회신 부탁드리며, 자료는 사전에 공유드리겠습니다.",해당없음(정상 메시지),"길이 다양성 보강 - 긴 정상 공지문 (Claude 생성, 합성 데이터)"
4055,0,정상,정상,업무이메일,SMS,"[CJ대한통운] 고객님, 명절 연휴 기간 배송 물량 증가로 배송이 평소보다 1~2일 지연될 수 있습니다. 양해 부탁드리며, 빠른 배송을 위해 최선을 다하겠습니다. 문의사항은 고객센터로 연락 바랍니다.",해당없음(정상 메시지),"길이 다양성 보강 - 긴 정상 공지문 (Claude 생성, 합성 데이터)"
4056,0,정상,정상,업무이메일,SMS,"[대한물류] 안녕하세요, 예은님. 이번 달 정기 회의는 8월 15일 오후 17시 본사 6층 대회의실에서 진행됩니다. 참석 여부를 회신 부탁드리며, 자료는 사전에 공유드리겠습니다.",해당없음(정상 메시지),"길이 다양성 보강 - 긴 정상 공지문 (Claude 생성, 합성 데이터)"
4057,0,정상,정상,업무이메일,SMS,"[하늘디자인] 안녕하세요, 지훈님. 이번 달 정기 회의는 10월 20일 오후 16시 본사 12층 대회의실에서 진행됩니다. 참석 여부를 회신 부탁드리며, 자료는 사전에 공유드리겠습니다.",해당없음(정상 메시지),"길이 다양성 보강 - 긴 정상 공지문 (Claude 생성, 합성 데이터)"
4058,1,스팸_사기,광고성스팸,초단문스팸,SMS,즉시 입금,"확인 불가능한 미끼성 초단문, 상세 내용 없이 클릭/연락 유도","길이 다양성 보강 - 짧은 스팸 문자 (Claude 생성, 합성 데이터)"
4059,1,스팸_사기,광고성스팸,초단문스팸,SMS,고수익 알바,"확인 불가능한 미끼성 초단문, 상세 내용 없이 클릭/연락 유도","길이 다양성 보강 - 짧은 스팸 문자 (Claude 생성, 합성 데이터)"
4060,1,스팸_사기,광고성스팸,초단문스팸,SMS,한정 특가!,"확인 불가능한 미끼성 초단문, 상세 내용 없이 클릭/연락 유도","길이 다양성 보강 - 짧은 스팸 문자 (Claude 생성, 합성 데이터)"
4061,1,스팸_사기,광고성스팸,초단문스팸,SMS,대출 필요?,"확인 불가능한 미끼성 초단문, 상세 내용 없이 클릭/연락 유도","길이 다양성 보강 - 짧은 스팸 문자 (Claude 생성, 합성 데이터)"
4062,1,스팸_사기,광고성스팸,초단문스팸,SMS,무료 상담,"확인 불가능한 미끼성 초단문, 상세 내용 없이 클릭/연락 유도","길이 다양성 보강 - 짧은 스팸 문자 (Claude 생성, 합성 데이터)"
4063,1,스팸_사기,광고성스팸,초단문스팸,SMS,무료 체험,"확인 불가능한 미끼성 초단문, 상세 내용 없이 클릭/연락 유도","길이 다양성 보강 - 짧은 스팸 문자 (Claude 생성, 합성 데이터)"
4064,1,스팸_사기,광고성스팸,초단문스팸,SMS,지금 클릭,"확인 불가능한 미끼성 초단문, 상세 내용 없이 클릭/연락 유도","길이 다양성 보강 - 짧은 스팸 문자 (Claude 생성, 합성 데이터)"
4065,1,스팸_사기,광고성스팸,초단문스팸,SMS,당첨 확인!,"확인 불가능한 미끼성 초단문, 상세 내용 없이 클릭/연락 유도","길이 다양성 보강 - 짧은 스팸 문자 (Claude 생성, 합성 데이터)"
4066,1,스팸_사기,광고성스팸,초단문스팸,SMS,투자 문의?,"확인 불가능한 미끼성 초단문, 상세 내용 없이 클릭/연락 유도","길이 다양성 보강 - 짧은 스팸 문자 (Claude 생성, 합성 데이터)"
4067,1,스팸_사기,광고성스팸,초단문스팸,SMS,무료 클릭!,"확인 불가능한 미끼성 초단문, 상세 내용 없이 클릭/연락 유도","길이 다양성 보강 - 짧은 스팸 문자 (Claude 생성, 합성 데이터)"
4068,0,정상,정상,관공서민원처리알림,SMS,[종로구청] 접수하신 서류가 정상적으로 접수되었습니다. 처리기한은 영업일 기준 3일입니다.,해당없음(정상 메시지),중복도 완화를 위해 추가한 신규 정상 시나리오(합성)
4069,0,정상,정상,공과금고지서,SMS,"수도요금 130,000원이 청구되었습니다. 자세한 내역은 앱에서 확인 가능합니다.",해당없음(정상 메시지),중복도 완화를 위해 추가한 신규 정상 시나리오(합성)
4070,0,정상,정상,헬스장출석알림,SMS,[헬스플러스] 오늘도 출석 체크되었습니다! 벌써 이번 달 20회 방문하셨어요.,해당없음(정상 메시지),중복도 완화를 위해 추가한 신규 정상 시나리오(합성)
4071,0,정상,정상,헬스장출석알림,SMS,[스포애니] 오늘도 출석 체크되었습니다! 벌써 이번 달 20회 방문하셨어요.,해당없음(정상 메시지),중복도 완화를 위해 추가한 신규 정상 시나리오(합성)
4072,0,정상,정상,헬스장출석알림,SMS,[스포애니] 이번 달 회원권이 13일 남았습니다. 연장 문의는 프런트로 해주세요.,해당없음(정상 메시지),중복도 완화를 위해 추가한 신규 정상 시나리오(합성)
4073,0,정상,정상,가족단체방안내,SMS,할머니 생신 선물 뭐로 할지 다 같이 정해요. 의견 있으면 단톡에 남겨주세요.,해당없음(정상 메시지),중복도 완화를 위해 추가한 신규 정상 시나리오(합성)
4074,0,정상,정상,헬스장출석알림,SMS,[올핏짐] 이번 달 회원권이 6일 남았습니다. 연장 문의는 프런트로 해주세요.,해당없음(정상 메시지),중복도 완화를 위해 추가한 신규 정상 시나리오(합성)
4075,0,정상,정상,회사워크숍공지,SMS,[사내공지] 마케팅팀 워크숍이 다음 주로 예정되어 있습니다. 참석 여부 회신 부탁드려요.,해당없음(정상 메시지),중복도 완화를 위해 추가한 신규 정상 시나리오(합성)
4076,0,정상,정상,헬스장출석알림,SMS,[올핏짐] 오늘도 출석 체크되었습니다! 벌써 이번 달 14회 방문하셨어요.,해당없음(정상 메시지),중복도 완화를 위해 추가한 신규 정상 시나리오(합성)
4077,0,정상,정상,OTT정기결제알림,SMS,"[웨이브] 8,000원 결제 완료. 이번 달도 편하게 이용하세요.",해당없음(정상 메시지),중복도 완화를 위해 추가한 신규 정상 시나리오(합성)
4078,0,정상,정상,헬스장출석알림,SMS,[헬스플러스] 오늘도 출석 체크되었습니다! 벌써 이번 달 18회 방문하셨어요.,해당없음(정상 메시지),중복도 완화를 위해 추가한 신규 정상 시나리오(합성)
4079,0,정상,정상,헬스장출석알림,SMS,[헬스플러스] 이번 달 회원권이 14일 남았습니다. 연장 문의는 프런트로 해주세요.,해당없음(정상 메시지),중복도 완화를 위해 추가한 신규 정상 시나리오(합성)
4080,0,정상,정상,학원수강료알림,SMS,"[수학의달인학원] 270,000원 수강료 결제 확인되었습니다. 이번 달도 화이팅!",해당없음(정상 메시지),중복도 완화를 위해 추가한 신규 정상 시나리오(합성)
4081,0,정상,정상,가족단체방안내,SMS,"이번 주말 가족 모임 장소를 정해야 하는데, 태민이 예약 좀 부탁해도 될까?",해당없음(정상 메시지),중복도 완화를 위해 추가한 신규 정상 시나리오(합성)
4082,0,정상,정상,카페예약확인,SMS,[카페온더플랜트] 18시 예약이 확정되었습니다. 방문 시 예약자명을 말씀해주세요.,해당없음(정상 메시지),중복도 완화를 위해 추가한 신규 정상 시나리오(합성)
4083,0,정상,정상,헬스장출석알림,SMS,[스포애니] 이번 달 회원권이 11일 남았습니다. 연장 문의는 프런트로 해주세요.,해당없음(정상 메시지),중복도 완화를 위해 추가한 신규 정상 시나리오(합성)
4084,0,정상,정상,병원예약알림,SMS,[미소치과] 예약하신 11월 20일 13시 진료 안내드립니다. 신분증 지참해주세요.,해당없음(정상 메시지),중복도 완화를 위해 추가한 신규 정상 시나리오(합성)
4085,0,정상,정상,헬스장출석알림,SMS,[바디센터] 이번 달 회원권이 3일 남았습니다. 연장 문의는 프런트로 해주세요.,해당없음(정상 메시지),중복도 완화를 위해 추가한 신규 정상 시나리오(합성)
4086,0,정상,정상,OTT정기결제알림,SMS,"[넷플릭스] 이번 달 정기결제 9,000원이 정상적으로 처리되었습니다.",해당없음(정상 메시지),중복도 완화를 위해 추가한 신규 정상 시나리오(합성)
4087,0,정상,정상,아파트관리비안내,SMS,"[한빛아파트] 관리비 안내: 26,000원, 미납 시 연체료가 부과될 수 있습니다.",해당없음(정상 메시지),중복도 완화를 위해 추가한 신규 정상 시나리오(합성)
4088,0,정상,정상,관공서민원처리알림,SMS,[영등포구청] 신청하신 민원 처리가 완료되었습니다. 결과는 정부24에서 확인 가능합니다.,해당없음(정상 메시지),중복도 완화를 위해 추가한 신규 정상 시나리오(합성)
4089,0,정상,정상,카페예약확인,SMS,[투썸플레이스 홍대점] 17시 예약이 확정되었습니다. 방문 시 예약자명을 말씀해주세요.,해당없음(정상 메시지),중복도 완화를 위해 추가한 신규 정상 시나리오(합성)
4090,0,정상,정상,지인경조사_정상,SMS,"태민이 결혼합니다. 그동안 함께해주셔서 감사했고, 앞으로도 잘 부탁드려요. 청첩장은 따로 전달할게요.",해당없음(정상 메시지),중복도 완화를 위해 추가한 신규 정상 시나리오(합성)
4091,0,정상,정상,학원수강료알림,SMS,"[피아노教습소] 300,000원 수강료 결제 확인되었습니다. 이번 달도 화이팅!",해당없음(정상 메시지),중복도 완화를 위해 추가한 신규 정상 시나리오(합성)
4092,0,정상,정상,아파트관리비안내,SMS,"[래미안한강] 관리비 안내: 19,000원, 미납 시 연체료가 부과될 수 있습니다.",해당없음(정상 메시지),중복도 완화를 위해 추가한 신규 정상 시나리오(합성)
4093,0,정상,정상,헬스장출석알림,SMS,[헬스플러스] 오늘도 출석 체크되었습니다! 벌써 이번 달 7회 방문하셨어요.,해당없음(정상 메시지),중복도 완화를 위해 추가한 신규 정상 시나리오(합성)
4094,0,정상,정상,온라인강의알림,SMS,[클래스101] 수강 중인 강의에 새 강의자료가 업데이트되었습니다. 확인해보세요.,해당없음(정상 메시지),중복도 완화를 위해 추가한 신규 정상 시나리오(합성)
4095,0,정상,정상,교통카드잔액알림,SMS,[캐시비] 잔액 부족 안내: 609원 남음. 충전소나 앱에서 충전 가능합니다.,해당없음(정상 메시지),중복도 완화를 위해 추가한 신규 정상 시나리오(합성)
4096,0,정상,정상,회사워크숍공지,SMS,[사내공지] 개발팀 워크숍이 다음 주로 예정되어 있습니다. 참석 여부 회신 부탁드려요.,해당없음(정상 메시지),중복도 완화를 위해 추가한 신규 정상 시나리오(합성)
4097,0,정상,정상,회사워크숍공지,SMS,이번 분기 마케팅팀 회식은 21일로 정해졌습니다. 참고해주세요.,해당없음(정상 메시지),중복도 완화를 위해 추가한 신규 정상 시나리오(합성)
4098,0,정상,정상,학원수강료알림,SMS,"[영어랑학원] 200,000원 수강료 결제 확인되었습니다. 이번 달도 화이팅!",해당없음(정상 메시지),중복도 완화를 위해 추가한 신규 정상 시나리오(합성)
4099,0,정상,정상,아파트관리비안내,SMS,"[래미안한강] 35,000원 관리비 고지서가 발송되었습니다. 자동이체 계좌를 확인해주세요.",해당없음(정상 메시지),중복도 완화를 위해 추가한 신규 정상 시나리오(합성)
4100,0,정상,정상,헬스장출석알림,SMS,[올핏짐] 이번 달 회원권이 10일 남았습니다. 연장 문의는 프런트로 해주세요.,해당없음(정상 메시지),중복도 완화를 위해 추가한 신규 정상 시나리오(합성)
4101,0,정상,정상,카페예약확인,SMS,[스타벅스 강남점] 11시 예약이 확정되었습니다. 방문 시 예약자명을 말씀해주세요.,해당없음(정상 메시지),중복도 완화를 위해 추가한 신규 정상 시나리오(합성)
4102,0,정상,정상,OTT정기결제알림,SMS,"[왓챠] 정기구독 16,000원이 결제되었어요. 결제내역은 앱에서 확인 가능합니다.",해당없음(정상 메시지),중복도 완화를 위해 추가한 신규 정상 시나리오(합성)
4103,0,정상,정상,공과금고지서,SMS,"[인터넷요금 고지] 이번 달 인터넷요금은 130,000원입니다. 납부일은 다음 달 10일까지예요.",해당없음(정상 메시지),중복도 완화를 위해 추가한 신규 정상 시나리오(합성)
4104,0,정상,정상,공과금고지서,SMS,"[전기요금 고지] 이번 달 전기요금은 60,000원입니다. 납부일은 다음 달 10일까지예요.",해당없음(정상 메시지),중복도 완화를 위해 추가한 신규 정상 시나리오(합성)
4105,0,정상,정상,헬스장출석알림,SMS,[바디센터] 이번 달 회원권이 11일 남았습니다. 연장 문의는 프런트로 해주세요.,해당없음(정상 메시지),중복도 완화를 위해 추가한 신규 정상 시나리오(합성)
4106,0,정상,정상,헬스장출석알림,SMS,[스포애니] 이번 달 회원권이 6일 남았습니다. 연장 문의는 프런트로 해주세요.,해당없음(정상 메시지),중복도 완화를 위해 추가한 신규 정상 시나리오(합성)
4107,0,정상,정상,아파트관리비안내,SMS,"[자이아파트] 31,000원 관리비 고지서가 발송되었습니다. 자동이체 계좌를 확인해주세요.",해당없음(정상 메시지),중복도 완화를 위해 추가한 신규 정상 시나리오(합성)
4108,0,정상,정상,지인경조사_정상,SMS,지훈 결혼식 날짜가 잡혔어요! 자세한 건 다음 주에 만나서 얘기하고 청첩장도 드릴게요.,해당없음(정상 메시지),중복도 완화를 위해 추가한 신규 정상 시나리오(합성)
4109,0,정상,정상,온라인강의알림,SMS,[인프런] 결제하신 강의의 수강기한이 24일 남았습니다.,해당없음(정상 메시지),중복도 완화를 위해 추가한 신규 정상 시나리오(합성)
4110,0,정상,정상,관공서민원처리알림,SMS,[강남구민원센터] 접수하신 서류가 정상적으로 접수되었습니다. 처리기한은 영업일 기준 3일입니다.,해당없음(정상 메시지),중복도 완화를 위해 추가한 신규 정상 시나리오(합성)
4111,0,정상,정상,아파트관리비안내,SMS,"[자이아파트] 35,000원 관리비 고지서가 발송되었습니다. 자동이체 계좌를 확인해주세요.",해당없음(정상 메시지),중복도 완화를 위해 추가한 신규 정상 시나리오(합성)
4112,0,정상,정상,학원수강료알림,SMS,"[미술나라학원] 수강료 150,000원이 정상 결제되었어요. 수업일정은 앱에서 확인 가능합니다.",해당없음(정상 메시지),중복도 완화를 위해 추가한 신규 정상 시나리오(합성)
4113,0,정상,정상,OTT정기결제알림,SMS,"[왓챠] 이번 달 정기결제 17,000원이 정상적으로 처리되었습니다.",해당없음(정상 메시지),중복도 완화를 위해 추가한 신규 정상 시나리오(합성)
4114,0,정상,정상,학원수강료알림,SMS,"[피아노教습소] 이번 달 수강료 100,000원 결제가 완료되었습니다. 다음 수업일도 확인해주세요.",해당없음(정상 메시지),중복도 완화를 위해 추가한 신규 정상 시나리오(합성)
4115,0,정상,정상,OTT정기결제알림,SMS,"[왓챠] 이번 달 정기결제 15,000원이 정상적으로 처리되었습니다.",해당없음(정상 메시지),중복도 완화를 위해 추가한 신규 정상 시나리오(합성)
4116,0,정상,정상,가족단체방안내,SMS,"이번 주말 가족 모임 장소를 정해야 하는데, 승우이 예약 좀 부탁해도 될까?",해당없음(정상 메시지),중복도 완화를 위해 추가한 신규 정상 시나리오(합성)
4117,0,정상,정상,카페예약확인,SMS,[블루보틀 성수점] 17시 예약이 확정되었습니다. 방문 시 예약자명을 말씀해주세요.,해당없음(정상 메시지),중복도 완화를 위해 추가한 신규 정상 시나리오(합성)
4118,0,정상,정상,교통카드잔액알림,SMS,[티머니] 현재 잔액 2993원입니다. 대중교통 이용 전 충전해주세요.,해당없음(정상 메시지),중복도 완화를 위해 추가한 신규 정상 시나리오(합성)
4119,0,정상,정상,교통카드잔액알림,SMS,[캐시비] 카드 잔액이 1862원 남았습니다. 충전 후 이용해주세요.,해당없음(정상 메시지),중복도 완화를 위해 추가한 신규 정상 시나리오(합성)
4120,0,정상,정상,공과금고지서,SMS,"[인터넷요금 고지] 이번 달 인터넷요금은 40,000원입니다. 납부일은 다음 달 10일까지예요.",해당없음(정상 메시지),중복도 완화를 위해 추가한 신규 정상 시나리오(합성)
4121,0,정상,정상,가족단체방안내,SMS,"이번 주말 가족 모임 장소를 정해야 하는데, 수민이 예약 좀 부탁해도 될까?",해당없음(정상 메시지),중복도 완화를 위해 추가한 신규 정상 시나리오(합성)
4122,0,정상,정상,가족단체방안내,SMS,"이번 주말 가족 모임 장소를 정해야 하는데, 유진이 예약 좀 부탁해도 될까?",해당없음(정상 메시지),중복도 완화를 위해 추가한 신규 정상 시나리오(합성)
4123,0,정상,정상,관공서민원처리알림,SMS,[수원시청 민원실] 접수하신 서류가 정상적으로 접수되었습니다. 처리기한은 영업일 기준 3일입니다.,해당없음(정상 메시지),중복도 완화를 위해 추가한 신규 정상 시나리오(합성)
4124,0,정상,정상,교통카드잔액알림,SMS,"[티머니] 잔액 633원, 충전이 필요해요. 미리 충전해두세요.",해당없음(정상 메시지),중복도 완화를 위해 추가한 신규 정상 시나리오(합성)
4125,0,정상,정상,아파트관리비안내,SMS,"[푸른마을아파트] 이번 달 관리비 35,000원이 부과되었습니다. 납부기한은 25일까지입니다.",해당없음(정상 메시지),중복도 완화를 위해 추가한 신규 정상 시나리오(합성)
4126,0,정상,정상,교통카드잔액알림,SMS,[티머니] 잔액 부족 안내: 1172원 남음. 충전소나 앱에서 충전 가능합니다.,해당없음(정상 메시지),중복도 완화를 위해 추가한 신규 정상 시나리오(합성)
4127,0,정상,정상,학원수강료알림,SMS,"[영어랑학원] 수강료 110,000원이 정상 결제되었어요. 수업일정은 앱에서 확인 가능합니다.",해당없음(정상 메시지),중복도 완화를 위해 추가한 신규 정상 시나리오(합성)
4128,0,정상,정상,병원예약알림,SMS,"[미소치과] 정기검진 예약: 11월 4일 11시, 늦지 않게 방문 부탁드립니다.",해당없음(정상 메시지),중복도 완화를 위해 추가한 신규 정상 시나리오(합성)
4129,0,정상,정상,카페예약확인,SMS,[스타벅스 강남점] 20시 예약이 확정되었습니다. 방문 시 예약자명을 말씀해주세요.,해당없음(정상 메시지),중복도 완화를 위해 추가한 신규 정상 시나리오(합성)
4130,0,정상,정상,가족단체방안내,SMS,"이번 주말 가족 모임 장소를 정해야 하는데, 건우이 예약 좀 부탁해도 될까?",해당없음(정상 메시지),중복도 완화를 위해 추가한 신규 정상 시나리오(합성)
4131,0,정상,정상,관공서민원처리알림,SMS,[영등포구청] 접수하신 서류가 정상적으로 접수되었습니다. 처리기한은 영업일 기준 3일입니다.,해당없음(정상 메시지),중복도 완화를 위해 추가한 신규 정상 시나리오(합성)
4132,0,정상,정상,헬스장출석알림,SMS,[올핏짐] 이번 달 회원권이 9일 남았습니다. 연장 문의는 프런트로 해주세요.,해당없음(정상 메시지),중복도 완화를 위해 추가한 신규 정상 시나리오(합성)
4133,0,정상,정상,아파트관리비안내,SMS,"[한빛아파트] 관리비 안내: 36,000원, 미납 시 연체료가 부과될 수 있습니다.",해당없음(정상 메시지),중복도 완화를 위해 추가한 신규 정상 시나리오(합성)
4134,0,정상,정상,아파트관리비안내,SMS,"[힐스테이트] 이번 달 관리비 21,000원이 부과되었습니다. 납부기한은 25일까지입니다.",해당없음(정상 메시지),중복도 완화를 위해 추가한 신규 정상 시나리오(합성)
4135,0,정상,정상,OTT정기결제알림,SMS,"[멜론] 10,000원 결제 완료. 이번 달도 편하게 이용하세요.",해당없음(정상 메시지),중복도 완화를 위해 추가한 신규 정상 시나리오(합성)
4136,0,정상,정상,가족단체방안내,SMS,"이번 주말 가족 모임 장소를 정해야 하는데, 민서이 예약 좀 부탁해도 될까?",해당없음(정상 메시지),중복도 완화를 위해 추가한 신규 정상 시나리오(합성)
4137,0,정상,정상,교통카드잔액알림,SMS,[캐시비] 카드 잔액이 577원 남았습니다. 충전 후 이용해주세요.,해당없음(정상 메시지),중복도 완화를 위해 추가한 신규 정상 시나리오(합성)
4138,0,정상,정상,공과금고지서,SMS,"도시가스요금 130,000원이 청구되었습니다. 자세한 내역은 앱에서 확인 가능합니다.",해당없음(정상 메시지),중복도 완화를 위해 추가한 신규 정상 시나리오(합성)
4139,0,정상,정상,OTT정기결제알림,SMS,"[넷플릭스] 이번 달 정기결제 10,000원이 정상적으로 처리되었습니다.",해당없음(정상 메시지),중복도 완화를 위해 추가한 신규 정상 시나리오(합성)
4140,0,정상,정상,병원예약알림,SMS,[참사랑내과] 4월 10일 15시 진료 예약이 확인되었습니다. 변경 시 미리 연락 주세요.,해당없음(정상 메시지),중복도 완화를 위해 추가한 신규 정상 시나리오(합성)
4141,0,정상,정상,카페예약확인,SMS,[스타벅스 강남점] 15시 예약이 확정되었습니다. 방문 시 예약자명을 말씀해주세요.,해당없음(정상 메시지),중복도 완화를 위해 추가한 신규 정상 시나리오(합성)
4142,0,정상,정상,병원예약알림,SMS,[연세이비인후과] 6월 24일 10시 진료 예약이 확인되었습니다. 변경 시 미리 연락 주세요.,해당없음(정상 메시지),중복도 완화를 위해 추가한 신규 정상 시나리오(합성)
4143,0,정상,정상,관공서민원처리알림,SMS,[수원시청 민원실] 신청하신 민원 처리가 완료되었습니다. 결과는 정부24에서 확인 가능합니다.,해당없음(정상 메시지),중복도 완화를 위해 추가한 신규 정상 시나리오(합성)
4144,0,정상,정상,헬스장출석알림,SMS,[스포애니] 오늘도 출석 체크되었습니다! 벌써 이번 달 13회 방문하셨어요.,해당없음(정상 메시지),중복도 완화를 위해 추가한 신규 정상 시나리오(합성)
4145,0,정상,정상,아파트관리비안내,SMS,"[한빛아파트] 19,000원 관리비 고지서가 발송되었습니다. 자동이체 계좌를 확인해주세요.",해당없음(정상 메시지),중복도 완화를 위해 추가한 신규 정상 시나리오(합성)
4146,0,정상,정상,아파트관리비안내,SMS,"[푸른마을아파트] 20,000원 관리비 고지서가 발송되었습니다. 자동이체 계좌를 확인해주세요.",해당없음(정상 메시지),중복도 완화를 위해 추가한 신규 정상 시나리오(합성)
4147,0,정상,정상,학원수강료알림,SMS,"[수학의달인학원] 이번 달 수강료 200,000원 결제가 완료되었습니다. 다음 수업일도 확인해주세요.",해당없음(정상 메시지),중복도 완화를 위해 추가한 신규 정상 시나리오(합성)
4148,0,정상,정상,지인경조사_정상,SMS,"유진이 결혼합니다. 그동안 함께해주셔서 감사했고, 앞으로도 잘 부탁드려요. 청첩장은 따로 전달할게요.",해당없음(정상 메시지),중복도 완화를 위해 추가한 신규 정상 시나리오(합성)
4149,0,정상,정상,카페예약확인,SMS,[스타벅스 강남점] 17시 예약이 확정되었습니다. 방문 시 예약자명을 말씀해주세요.,해당없음(정상 메시지),중복도 완화를 위해 추가한 신규 정상 시나리오(합성)
4150,0,정상,정상,지인경조사_정상,SMS,서연 결혼식 날짜가 잡혔어요! 자세한 건 다음 주에 만나서 얘기하고 청첩장도 드릴게요.,해당없음(정상 메시지),중복도 완화를 위해 추가한 신규 정상 시나리오(합성)
4151,0,정상,정상,교통카드잔액알림,SMS,[티머니] 현재 잔액 638원입니다. 대중교통 이용 전 충전해주세요.,해당없음(정상 메시지),중복도 완화를 위해 추가한 신규 정상 시나리오(합성)
4152,0,정상,정상,아파트관리비안내,SMS,"[한빛아파트] 37,000원 관리비 고지서가 발송되었습니다. 자동이체 계좌를 확인해주세요.",해당없음(정상 메시지),중복도 완화를 위해 추가한 신규 정상 시나리오(합성)
4153,0,정상,정상,OTT정기결제알림,SMS,"[웨이브] 10,000원 결제 완료. 이번 달도 편하게 이용하세요.",해당없음(정상 메시지),중복도 완화를 위해 추가한 신규 정상 시나리오(합성)
4154,0,정상,정상,아파트관리비안내,SMS,"[래미안한강] 이번 달 관리비 32,000원이 부과되었습니다. 납부기한은 25일까지입니다.",해당없음(정상 메시지),중복도 완화를 위해 추가한 신규 정상 시나리오(합성)
4155,0,정상,정상,회사워크숍공지,SMS,이번 분기 마케팅팀 회식은 27일로 정해졌습니다. 참고해주세요.,해당없음(정상 메시지),중복도 완화를 위해 추가한 신규 정상 시나리오(합성)
4156,0,정상,정상,학원수강료알림,SMS,"[수학의달인학원] 수강료 210,000원이 정상 결제되었어요. 수업일정은 앱에서 확인 가능합니다.",해당없음(정상 메시지),중복도 완화를 위해 추가한 신규 정상 시나리오(합성)
4157,0,정상,정상,카페예약확인,SMS,[블루보틀 성수점] 14시 예약이 확정되었습니다. 방문 시 예약자명을 말씀해주세요.,해당없음(정상 메시지),중복도 완화를 위해 추가한 신규 정상 시나리오(합성)
4158,0,정상,정상,카페예약확인,SMS,[블루보틀 성수점] 10시 예약이 확정되었습니다. 방문 시 예약자명을 말씀해주세요.,해당없음(정상 메시지),중복도 완화를 위해 추가한 신규 정상 시나리오(합성)
4159,0,정상,정상,병원예약알림,SMS,[미소치과] 12월 6일 13시 진료 예약이 확인되었습니다. 변경 시 미리 연락 주세요.,해당없음(정상 메시지),중복도 완화를 위해 추가한 신규 정상 시나리오(합성)
4160,0,정상,정상,회사워크숍공지,SMS,이번 분기 디자인팀 회식은 19일로 정해졌습니다. 참고해주세요.,해당없음(정상 메시지),중복도 완화를 위해 추가한 신규 정상 시나리오(합성)
4161,0,정상,정상,교통카드잔액알림,SMS,"[티머니] 잔액 2567원, 충전이 필요해요. 미리 충전해두세요.",해당없음(정상 메시지),중복도 완화를 위해 추가한 신규 정상 시나리오(합성)
4162,0,정상,정상,교통카드잔액알림,SMS,[티머니] 카드 잔액이 2371원 남았습니다. 충전 후 이용해주세요.,해당없음(정상 메시지),중복도 완화를 위해 추가한 신규 정상 시나리오(합성)
4163,0,정상,정상,온라인강의알림,SMS,[유데미] 수강 중인 강의에 새 강의자료가 업데이트되었습니다. 확인해보세요.,해당없음(정상 메시지),중복도 완화를 위해 추가한 신규 정상 시나리오(합성)
4164,0,정상,정상,병원예약알림,SMS,[참사랑내과] 11월 15일 13시 진료 예약이 확인되었습니다. 변경 시 미리 연락 주세요.,해당없음(정상 메시지),중복도 완화를 위해 추가한 신규 정상 시나리오(합성)
4165,0,정상,정상,회사워크숍공지,SMS,이번 분기 개발팀 회식은 24일로 정해졌습니다. 참고해주세요.,해당없음(정상 메시지),중복도 완화를 위해 추가한 신규 정상 시나리오(합성)
4166,0,정상,정상,아파트관리비안내,SMS,"[푸른마을아파트] 관리비 안내: 22,000원, 미납 시 연체료가 부과될 수 있습니다.",해당없음(정상 메시지),중복도 완화를 위해 추가한 신규 정상 시나리오(합성)
4167,0,정상,정상,OTT정기결제알림,SMS,"[웨이브] 16,000원 결제 완료. 이번 달도 편하게 이용하세요.",해당없음(정상 메시지),중복도 완화를 위해 추가한 신규 정상 시나리오(합성)
4168,0,정상,정상,OTT정기결제알림,SMS,"[멜론] 이번 달 정기결제 8,000원이 정상적으로 처리되었습니다.",해당없음(정상 메시지),중복도 완화를 위해 추가한 신규 정상 시나리오(합성)
4169,0,정상,정상,지인경조사_정상,SMS,건우 결혼식 날짜가 잡혔어요! 자세한 건 다음 주에 만나서 얘기하고 청첩장도 드릴게요.,해당없음(정상 메시지),중복도 완화를 위해 추가한 신규 정상 시나리오(합성)
4170,0,정상,정상,학원수강료알림,SMS,"[영어랑학원] 260,000원 수강료 결제 확인되었습니다. 이번 달도 화이팅!",해당없음(정상 메시지),중복도 완화를 위해 추가한 신규 정상 시나리오(합성)
4171,0,정상,정상,가족단체방안내,SMS,"이번 주말 가족 모임 장소를 정해야 하는데, 지훈이 예약 좀 부탁해도 될까?",해당없음(정상 메시지),중복도 완화를 위해 추가한 신규 정상 시나리오(합성)
4172,0,정상,정상,병원예약알림,SMS,[참사랑내과] 예약하신 1월 12일 14시 진료 안내드립니다. 신분증 지참해주세요.,해당없음(정상 메시지),중복도 완화를 위해 추가한 신규 정상 시나리오(합성)
4173,0,정상,정상,공과금고지서,SMS,"[인터넷요금 고지] 이번 달 인터넷요금은 120,000원입니다. 납부일은 다음 달 10일까지예요.",해당없음(정상 메시지),중복도 완화를 위해 추가한 신규 정상 시나리오(합성)
4174,0,정상,정상,관공서민원처리알림,SMS,[강남구민원센터] 신청하신 민원 처리가 완료되었습니다. 결과는 정부24에서 확인 가능합니다.,해당없음(정상 메시지),중복도 완화를 위해 추가한 신규 정상 시나리오(합성)
4175,0,정상,정상,카페예약확인,SMS,[블루보틀 성수점] 11시 예약이 확정되었습니다. 방문 시 예약자명을 말씀해주세요.,해당없음(정상 메시지),중복도 완화를 위해 추가한 신규 정상 시나리오(합성)
4176,0,정상,정상,병원예약알림,SMS,[미소치과] 2월 11일 11시 진료 예약이 확인되었습니다. 변경 시 미리 연락 주세요.,해당없음(정상 메시지),중복도 완화를 위해 추가한 신규 정상 시나리오(합성)
4177,0,정상,정상,교통카드잔액알림,SMS,[캐시비] 현재 잔액 2805원입니다. 대중교통 이용 전 충전해주세요.,해당없음(정상 메시지),중복도 완화를 위해 추가한 신규 정상 시나리오(합성)
4178,0,정상,정상,온라인강의알림,SMS,[패스트캠퍼스] 수강 중인 강의에 새 강의자료가 업데이트되었습니다. 확인해보세요.,해당없음(정상 메시지),중복도 완화를 위해 추가한 신규 정상 시나리오(합성)
4179,0,정상,정상,OTT정기결제알림,SMS,"[디즈니플러스] 11,000원 결제 완료. 이번 달도 편하게 이용하세요.",해당없음(정상 메시지),중복도 완화를 위해 추가한 신규 정상 시나리오(합성)
4180,0,정상,정상,병원예약알림,SMS,[서울정형외과] 예약하신 7월 11일 13시 진료 안내드립니다. 신분증 지참해주세요.,해당없음(정상 메시지),중복도 완화를 위해 추가한 신규 정상 시나리오(합성)
4181,0,정상,정상,학원수강료알림,SMS,"[미술나라학원] 210,000원 수강료 결제 확인되었습니다. 이번 달도 화이팅!",해당없음(정상 메시지),중복도 완화를 위해 추가한 신규 정상 시나리오(합성)
4182,0,정상,정상,온라인강의알림,SMS,[인프런] 수강 중인 강의에 새 강의자료가 업데이트되었습니다. 확인해보세요.,해당없음(정상 메시지),중복도 완화를 위해 추가한 신규 정상 시나리오(합성)
4183,0,정상,정상,교통카드잔액알림,SMS,[티머니] 현재 잔액 2897원입니다. 대중교통 이용 전 충전해주세요.,해당없음(정상 메시지),중복도 완화를 위해 추가한 신규 정상 시나리오(합성)
4184,0,정상,정상,학원수강료알림,SMS,"[미술나라학원] 수강료 180,000원이 정상 결제되었어요. 수업일정은 앱에서 확인 가능합니다.",해당없음(정상 메시지),중복도 완화를 위해 추가한 신규 정상 시나리오(합성)
4185,0,정상,정상,헬스장출석알림,SMS,[헬스플러스] 오늘도 출석 체크되었습니다! 벌써 이번 달 10회 방문하셨어요.,해당없음(정상 메시지),중복도 완화를 위해 추가한 신규 정상 시나리오(합성)
4186,0,정상,정상,관공서민원처리알림,SMS,[종로구청] 신청하신 민원 처리가 완료되었습니다. 결과는 정부24에서 확인 가능합니다.,해당없음(정상 메시지),중복도 완화를 위해 추가한 신규 정상 시나리오(합성)
4187,0,정상,정상,교통카드잔액알림,SMS,[캐시비] 카드 잔액이 1510원 남았습니다. 충전 후 이용해주세요.,해당없음(정상 메시지),중복도 완화를 위해 추가한 신규 정상 시나리오(합성)
4188,0,정상,정상,학원수강료알림,SMS,"[수학의달인학원] 수강료 280,000원이 정상 결제되었어요. 수업일정은 앱에서 확인 가능합니다.",해당없음(정상 메시지),중복도 완화를 위해 추가한 신규 정상 시나리오(합성)
4189,0,정상,정상,OTT정기결제알림,SMS,"[디즈니플러스] 정기구독 13,000원이 결제되었어요. 결제내역은 앱에서 확인 가능합니다.",해당없음(정상 메시지),중복도 완화를 위해 추가한 신규 정상 시나리오(합성)
4190,0,정상,정상,지인경조사_정상,SMS,태민 결혼식 날짜가 잡혔어요! 자세한 건 다음 주에 만나서 얘기하고 청첩장도 드릴게요.,해당없음(정상 메시지),중복도 완화를 위해 추가한 신규 정상 시나리오(합성)
4191,0,정상,정상,헬스장출석알림,SMS,[올핏짐] 이번 달 회원권이 5일 남았습니다. 연장 문의는 프런트로 해주세요.,해당없음(정상 메시지),중복도 완화를 위해 추가한 신규 정상 시나리오(합성)
4192,0,정상,정상,교통카드잔액알림,SMS,[티머니] 현재 잔액 1836원입니다. 대중교통 이용 전 충전해주세요.,해당없음(정상 메시지),중복도 완화를 위해 추가한 신규 정상 시나리오(합성)
4193,0,정상,정상,헬스장출석알림,SMS,[헬스플러스] 이번 달 회원권이 10일 남았습니다. 연장 문의는 프런트로 해주세요.,해당없음(정상 메시지),중복도 완화를 위해 추가한 신규 정상 시나리오(합성)
4194,0,정상,정상,학원수강료알림,SMS,"[미술나라학원] 이번 달 수강료 120,000원 결제가 완료되었습니다. 다음 수업일도 확인해주세요.",해당없음(정상 메시지),중복도 완화를 위해 추가한 신규 정상 시나리오(합성)
4195,0,정상,정상,지인경조사_정상,SMS,민서 결혼식 날짜가 잡혔어요! 자세한 건 다음 주에 만나서 얘기하고 청첩장도 드릴게요.,해당없음(정상 메시지),중복도 완화를 위해 추가한 신규 정상 시나리오(합성)
4196,0,정상,정상,교통카드잔액알림,SMS,[티머니] 카드 잔액이 1755원 남았습니다. 충전 후 이용해주세요.,해당없음(정상 메시지),중복도 완화를 위해 추가한 신규 정상 시나리오(합성)
4197,0,정상,정상,헬스장출석알림,SMS,[바디센터] 오늘도 출석 체크되었습니다! 벌써 이번 달 10회 방문하셨어요.,해당없음(정상 메시지),중복도 완화를 위해 추가한 신규 정상 시나리오(합성)
4198,0,정상,정상,교통카드잔액알림,SMS,[캐시비] 잔액 부족 안내: 1970원 남음. 충전소나 앱에서 충전 가능합니다.,해당없음(정상 메시지),중복도 완화를 위해 추가한 신규 정상 시나리오(합성)
4199,0,정상,정상,공과금고지서,SMS,"[전기요금 고지] 이번 달 전기요금은 140,000원입니다. 납부일은 다음 달 10일까지예요.",해당없음(정상 메시지),중복도 완화를 위해 추가한 신규 정상 시나리오(합성)
4200,0,정상,정상,헬스장출석알림,SMS,[올핏짐] 오늘도 출석 체크되었습니다! 벌써 이번 달 8회 방문하셨어요.,해당없음(정상 메시지),중복도 완화를 위해 추가한 신규 정상 시나리오(합성)
4201,0,정상,정상,병원예약알림,SMS,[서울정형외과] 5월 2일 11시 진료 예약이 확인되었습니다. 변경 시 미리 연락 주세요.,해당없음(정상 메시지),중복도 완화를 위해 추가한 신규 정상 시나리오(합성)
4202,0,정상,정상,교통카드잔액알림,SMS,"[캐시비] 잔액 1025원, 충전이 필요해요. 미리 충전해두세요.",해당없음(정상 메시지),중복도 완화를 위해 추가한 신규 정상 시나리오(합성)
4203,0,정상,정상,헬스장출석알림,SMS,[헬스플러스] 이번 달 회원권이 8일 남았습니다. 연장 문의는 프런트로 해주세요.,해당없음(정상 메시지),중복도 완화를 위해 추가한 신규 정상 시나리오(합성)
4204,0,정상,정상,OTT정기결제알림,SMS,"[넷플릭스] 정기구독 14,000원이 결제되었어요. 결제내역은 앱에서 확인 가능합니다.",해당없음(정상 메시지),중복도 완화를 위해 추가한 신규 정상 시나리오(합성)
4205,0,정상,정상,헬스장출석알림,SMS,[올핏짐] 오늘도 출석 체크되었습니다! 벌써 이번 달 10회 방문하셨어요.,해당없음(정상 메시지),중복도 완화를 위해 추가한 신규 정상 시나리오(합성)
4206,0,정상,정상,회사워크숍공지,SMS,[사내공지] 영업팀 워크숍이 다음 주로 예정되어 있습니다. 참석 여부 회신 부탁드려요.,해당없음(정상 메시지),중복도 완화를 위해 추가한 신규 정상 시나리오(합성)
4207,0,정상,정상,지인경조사_정상,SMS,"승우이 결혼합니다. 그동안 함께해주셔서 감사했고, 앞으로도 잘 부탁드려요. 청첩장은 따로 전달할게요.",해당없음(정상 메시지),중복도 완화를 위해 추가한 신규 정상 시나리오(합성)
4208,0,정상,정상,교통카드잔액알림,SMS,[캐시비] 잔액 부족 안내: 1838원 남음. 충전소나 앱에서 충전 가능합니다.,해당없음(정상 메시지),중복도 완화를 위해 추가한 신규 정상 시나리오(합성)
4209,0,정상,정상,헬스장출석알림,SMS,[바디센터] 이번 달 회원권이 6일 남았습니다. 연장 문의는 프런트로 해주세요.,해당없음(정상 메시지),중복도 완화를 위해 추가한 신규 정상 시나리오(합성)
4210,0,정상,정상,교통카드잔액알림,SMS,"[티머니] 잔액 603원, 충전이 필요해요. 미리 충전해두세요.",해당없음(정상 메시지),중복도 완화를 위해 추가한 신규 정상 시나리오(합성)
4211,0,정상,정상,교통카드잔액알림,SMS,[캐시비] 잔액 부족 안내: 1904원 남음. 충전소나 앱에서 충전 가능합니다.,해당없음(정상 메시지),중복도 완화를 위해 추가한 신규 정상 시나리오(합성)
4212,0,정상,정상,학원수강료알림,SMS,"[피아노教습소] 290,000원 수강료 결제 확인되었습니다. 이번 달도 화이팅!",해당없음(정상 메시지),중복도 완화를 위해 추가한 신규 정상 시나리오(합성)
4213,0,정상,정상,OTT정기결제알림,SMS,"[디즈니플러스] 정기구독 12,000원이 결제되었어요. 결제내역은 앱에서 확인 가능합니다.",해당없음(정상 메시지),중복도 완화를 위해 추가한 신규 정상 시나리오(합성)
4214,0,정상,정상,학원수강료알림,SMS,"[수학의달인학원] 수강료 110,000원이 정상 결제되었어요. 수업일정은 앱에서 확인 가능합니다.",해당없음(정상 메시지),중복도 완화를 위해 추가한 신규 정상 시나리오(합성)
4215,0,정상,정상,아파트관리비안내,SMS,"[힐스테이트] 이번 달 관리비 19,000원이 부과되었습니다. 납부기한은 25일까지입니다.",해당없음(정상 메시지),중복도 완화를 위해 추가한 신규 정상 시나리오(합성)
4216,0,정상,정상,병원예약알림,SMS,[서울정형외과] 9월 13일 16시 진료 예약이 확인되었습니다. 변경 시 미리 연락 주세요.,해당없음(정상 메시지),중복도 완화를 위해 추가한 신규 정상 시나리오(합성)
4217,0,정상,정상,공과금고지서,SMS,"수도요금 90,000원이 청구되었습니다. 자세한 내역은 앱에서 확인 가능합니다.",해당없음(정상 메시지),중복도 완화를 위해 추가한 신규 정상 시나리오(합성)
4218,0,정상,정상,지인경조사_정상,SMS,"재현이 결혼합니다. 그동안 함께해주셔서 감사했고, 앞으로도 잘 부탁드려요. 청첩장은 따로 전달할게요.",해당없음(정상 메시지),중복도 완화를 위해 추가한 신규 정상 시나리오(합성)
4219,0,정상,정상,카페예약확인,SMS,[블루보틀 성수점] 19시 예약이 확정되었습니다. 방문 시 예약자명을 말씀해주세요.,해당없음(정상 메시지),중복도 완화를 위해 추가한 신규 정상 시나리오(합성)
4220,0,정상,정상,공과금고지서,SMS,"도시가스요금 40,000원이 청구되었습니다. 자세한 내역은 앱에서 확인 가능합니다.",해당없음(정상 메시지),중복도 완화를 위해 추가한 신규 정상 시나리오(합성)
4221,0,정상,정상,회사워크숍공지,SMS,이번 분기 영업팀 회식은 14일로 정해졌습니다. 참고해주세요.,해당없음(정상 메시지),중복도 완화를 위해 추가한 신규 정상 시나리오(합성)
4222,0,정상,정상,아파트관리비안내,SMS,"[한빛아파트] 이번 달 관리비 27,000원이 부과되었습니다. 납부기한은 25일까지입니다.",해당없음(정상 메시지),중복도 완화를 위해 추가한 신규 정상 시나리오(합성)
4223,0,정상,정상,온라인강의알림,SMS,[인프런] 결제하신 강의의 수강기한이 22일 남았습니다.,해당없음(정상 메시지),중복도 완화를 위해 추가한 신규 정상 시나리오(합성)
4224,0,정상,정상,공과금고지서,SMS,"[도시가스요금 고지] 이번 달 도시가스요금은 50,000원입니다. 납부일은 다음 달 10일까지예요.",해당없음(정상 메시지),중복도 완화를 위해 추가한 신규 정상 시나리오(합성)
4225,0,정상,정상,회사워크숍공지,SMS,이번 분기 영업팀 회식은 23일로 정해졌습니다. 참고해주세요.,해당없음(정상 메시지),중복도 완화를 위해 추가한 신규 정상 시나리오(합성)
4226,0,정상,정상,공과금고지서,SMS,"도시가스요금 30,000원이 청구되었습니다. 자세한 내역은 앱에서 확인 가능합니다.",해당없음(정상 메시지),중복도 완화를 위해 추가한 신규 정상 시나리오(합성)
4227,0,정상,정상,온라인강의알림,SMS,[인프런] 결제하신 강의의 수강기한이 30일 남았습니다.,해당없음(정상 메시지),중복도 완화를 위해 추가한 신규 정상 시나리오(합성)
4228,0,정상,정상,학원수강료알림,SMS,"[미술나라학원] 260,000원 수강료 결제 확인되었습니다. 이번 달도 화이팅!",해당없음(정상 메시지),중복도 완화를 위해 추가한 신규 정상 시나리오(합성)
4229,0,정상,정상,공과금고지서,SMS,"전기요금 120,000원이 청구되었습니다. 자세한 내역은 앱에서 확인 가능합니다.",해당없음(정상 메시지),중복도 완화를 위해 추가한 신규 정상 시나리오(합성)
4230,0,정상,정상,병원예약알림,SMS,[참사랑내과] 예약하신 7월 3일 12시 진료 안내드립니다. 신분증 지참해주세요.,해당없음(정상 메시지),중복도 완화를 위해 추가한 신규 정상 시나리오(합성)
4231,0,정상,정상,학원수강료알림,SMS,"[피아노教습소] 이번 달 수강료 230,000원 결제가 완료되었습니다. 다음 수업일도 확인해주세요.",해당없음(정상 메시지),중복도 완화를 위해 추가한 신규 정상 시나리오(합성)
4232,0,정상,정상,병원예약알림,SMS,[하나피부과] 1월 8일 17시 진료 예약이 확인되었습니다. 변경 시 미리 연락 주세요.,해당없음(정상 메시지),중복도 완화를 위해 추가한 신규 정상 시나리오(합성)
4233,0,정상,정상,카페예약확인,SMS,[카페온더플랜트] 15시 예약이 확정되었습니다. 방문 시 예약자명을 말씀해주세요.,해당없음(정상 메시지),중복도 완화를 위해 추가한 신규 정상 시나리오(합성)
4234,0,정상,정상,온라인강의알림,SMS,[인프런] 결제하신 강의의 수강기한이 18일 남았습니다.,해당없음(정상 메시지),중복도 완화를 위해 추가한 신규 정상 시나리오(합성)
4235,0,정상,정상,아파트관리비안내,SMS,"[래미안한강] 이번 달 관리비 31,000원이 부과되었습니다. 납부기한은 25일까지입니다.",해당없음(정상 메시지),중복도 완화를 위해 추가한 신규 정상 시나리오(합성)
4236,0,정상,정상,병원예약알림,SMS,[연세이비인후과] 7월 21일 10시 진료 예약이 확인되었습니다. 변경 시 미리 연락 주세요.,해당없음(정상 메시지),중복도 완화를 위해 추가한 신규 정상 시나리오(합성)
4237,0,정상,정상,헬스장출석알림,SMS,[헬스플러스] 이번 달 회원권이 12일 남았습니다. 연장 문의는 프런트로 해주세요.,해당없음(정상 메시지),중복도 완화를 위해 추가한 신규 정상 시나리오(합성)
4238,0,정상,정상,온라인강의알림,SMS,[클래스101] 결제하신 강의의 수강기한이 13일 남았습니다.,해당없음(정상 메시지),중복도 완화를 위해 추가한 신규 정상 시나리오(합성)
4239,0,정상,정상,공과금고지서,SMS,"[전기요금 고지] 이번 달 전기요금은 80,000원입니다. 납부일은 다음 달 10일까지예요.",해당없음(정상 메시지),중복도 완화를 위해 추가한 신규 정상 시나리오(합성)
4240,0,정상,정상,헬스장출석알림,SMS,[헬스플러스] 이번 달 회원권이 15일 남았습니다. 연장 문의는 프런트로 해주세요.,해당없음(정상 메시지),중복도 완화를 위해 추가한 신규 정상 시나리오(합성)
4241,0,정상,정상,학원수강료알림,SMS,"[미술나라학원] 이번 달 수강료 290,000원 결제가 완료되었습니다. 다음 수업일도 확인해주세요.",해당없음(정상 메시지),중복도 완화를 위해 추가한 신규 정상 시나리오(합성)
4242,0,정상,정상,교통카드잔액알림,SMS,[캐시비] 잔액 부족 안내: 1488원 남음. 충전소나 앱에서 충전 가능합니다.,해당없음(정상 메시지),중복도 완화를 위해 추가한 신규 정상 시나리오(합성)
4243,0,정상,정상,공과금고지서,SMS,"[수도요금 고지] 이번 달 수도요금은 110,000원입니다. 납부일은 다음 달 10일까지예요.",해당없음(정상 메시지),중복도 완화를 위해 추가한 신규 정상 시나리오(합성)
4244,0,정상,정상,OTT정기결제알림,SMS,"[웨이브] 이번 달 정기결제 7,000원이 정상적으로 처리되었습니다.",해당없음(정상 메시지),중복도 완화를 위해 추가한 신규 정상 시나리오(합성)
4245,0,정상,정상,교통카드잔액알림,SMS,[캐시비] 잔액 부족 안내: 1501원 남음. 충전소나 앱에서 충전 가능합니다.,해당없음(정상 메시지),중복도 완화를 위해 추가한 신규 정상 시나리오(합성)
4246,0,정상,정상,아파트관리비안내,SMS,"[래미안한강] 이번 달 관리비 30,000원이 부과되었습니다. 납부기한은 25일까지입니다.",해당없음(정상 메시지),중복도 완화를 위해 추가한 신규 정상 시나리오(합성)
4247,0,정상,정상,교통카드잔액알림,SMS,[캐시비] 현재 잔액 1547원입니다. 대중교통 이용 전 충전해주세요.,해당없음(정상 메시지),중복도 완화를 위해 추가한 신규 정상 시나리오(합성)
4248,0,정상,정상,온라인강의알림,SMS,[유데미] 결제하신 강의의 수강기한이 26일 남았습니다.,해당없음(정상 메시지),중복도 완화를 위해 추가한 신규 정상 시나리오(합성)
4249,0,정상,정상,카페예약확인,SMS,[블루보틀 성수점] 12시 예약이 확정되었습니다. 방문 시 예약자명을 말씀해주세요.,해당없음(정상 메시지),중복도 완화를 위해 추가한 신규 정상 시나리오(합성)
4250,0,정상,정상,병원예약알림,SMS,"[참사랑내과] 정기검진 예약: 1월 12일 13시, 늦지 않게 방문 부탁드립니다.",해당없음(정상 메시지),중복도 완화를 위해 추가한 신규 정상 시나리오(합성)
4251,0,정상,정상,아파트관리비안내,SMS,"[자이아파트] 21,000원 관리비 고지서가 발송되었습니다. 자동이체 계좌를 확인해주세요.",해당없음(정상 메시지),중복도 완화를 위해 추가한 신규 정상 시나리오(합성)
4252,0,정상,정상,카페예약확인,SMS,[투썸플레이스 홍대점] 20시 예약이 확정되었습니다. 방문 시 예약자명을 말씀해주세요.,해당없음(정상 메시지),중복도 완화를 위해 추가한 신규 정상 시나리오(합성)
4253,0,정상,정상,OTT정기결제알림,SMS,"[왓챠] 정기구독 9,000원이 결제되었어요. 결제내역은 앱에서 확인 가능합니다.",해당없음(정상 메시지),중복도 완화를 위해 추가한 신규 정상 시나리오(합성)
4254,0,정상,정상,병원예약알림,SMS,[미소치과] 예약하신 2월 28일 15시 진료 안내드립니다. 신분증 지참해주세요.,해당없음(정상 메시지),중복도 완화를 위해 추가한 신규 정상 시나리오(합성)
4255,0,정상,정상,아파트관리비안내,SMS,"[래미안한강] 28,000원 관리비 고지서가 발송되었습니다. 자동이체 계좌를 확인해주세요.",해당없음(정상 메시지),중복도 완화를 위해 추가한 신규 정상 시나리오(합성)
4256,0,정상,정상,공과금고지서,SMS,"[인터넷요금 고지] 이번 달 인터넷요금은 90,000원입니다. 납부일은 다음 달 10일까지예요.",해당없음(정상 메시지),중복도 완화를 위해 추가한 신규 정상 시나리오(합성)
4257,0,정상,정상,병원예약알림,SMS,[하나피부과] 4월 21일 16시 진료 예약이 확인되었습니다. 변경 시 미리 연락 주세요.,해당없음(정상 메시지),중복도 완화를 위해 추가한 신규 정상 시나리오(합성)
4258,0,정상,정상,지인경조사_정상,SMS,"건우이 결혼합니다. 그동안 함께해주셔서 감사했고, 앞으로도 잘 부탁드려요. 청첩장은 따로 전달할게요.",해당없음(정상 메시지),중복도 완화를 위해 추가한 신규 정상 시나리오(합성)
4259,0,정상,정상,카페예약확인,SMS,[카페온더플랜트] 10시 예약이 확정되었습니다. 방문 시 예약자명을 말씀해주세요.,해당없음(정상 메시지),중복도 완화를 위해 추가한 신규 정상 시나리오(합성)
4260,0,정상,정상,가족단체방안내,SMS,"이번 주말 가족 모임 장소를 정해야 하는데, 재현이 예약 좀 부탁해도 될까?",해당없음(정상 메시지),중복도 완화를 위해 추가한 신규 정상 시나리오(합성)
4261,0,정상,정상,학원수강료알림,SMS,"[미술나라학원] 수강료 230,000원이 정상 결제되었어요. 수업일정은 앱에서 확인 가능합니다.",해당없음(정상 메시지),중복도 완화를 위해 추가한 신규 정상 시나리오(합성)
4262,0,정상,정상,카페예약확인,SMS,[투썸플레이스 홍대점] 16시 예약이 확정되었습니다. 방문 시 예약자명을 말씀해주세요.,해당없음(정상 메시지),중복도 완화를 위해 추가한 신규 정상 시나리오(합성)
4263,0,정상,정상,헬스장출석알림,SMS,[헬스플러스] 이번 달 회원권이 7일 남았습니다. 연장 문의는 프런트로 해주세요.,해당없음(정상 메시지),중복도 완화를 위해 추가한 신규 정상 시나리오(합성)
4264,0,정상,정상,온라인강의알림,SMS,[유데미] 결제하신 강의의 수강기한이 11일 남았습니다.,해당없음(정상 메시지),중복도 완화를 위해 추가한 신규 정상 시나리오(합성)
4265,0,정상,정상,회사워크숍공지,SMS,이번 분기 영업팀 회식은 27일로 정해졌습니다. 참고해주세요.,해당없음(정상 메시지),중복도 완화를 위해 추가한 신규 정상 시나리오(합성)
4266,0,정상,정상,학원수강료알림,SMS,"[영어랑학원] 170,000원 수강료 결제 확인되었습니다. 이번 달도 화이팅!",해당없음(정상 메시지),중복도 완화를 위해 추가한 신규 정상 시나리오(합성)
4267,0,정상,정상,교통카드잔액알림,SMS,[캐시비] 현재 잔액 2467원입니다. 대중교통 이용 전 충전해주세요.,해당없음(정상 메시지),중복도 완화를 위해 추가한 신규 정상 시나리오(합성)
4268,0,정상,정상,지인경조사_정상,SMS,다은 결혼식 날짜가 잡혔어요! 자세한 건 다음 주에 만나서 얘기하고 청첩장도 드릴게요.,해당없음(정상 메시지),중복도 완화를 위해 추가한 신규 정상 시나리오(합성)
4269,0,정상,정상,회사워크숍공지,SMS,이번 분기 개발팀 회식은 23일로 정해졌습니다. 참고해주세요.,해당없음(정상 메시지),중복도 완화를 위해 추가한 신규 정상 시나리오(합성)
4270,0,정상,정상,병원예약알림,SMS,[미소치과] 예약하신 1월 3일 13시 진료 안내드립니다. 신분증 지참해주세요.,해당없음(정상 메시지),중복도 완화를 위해 추가한 신규 정상 시나리오(합성)
4271,0,정상,정상,아파트관리비안내,SMS,"[힐스테이트] 관리비 안내: 31,000원, 미납 시 연체료가 부과될 수 있습니다.",해당없음(정상 메시지),중복도 완화를 위해 추가한 신규 정상 시나리오(합성)
4272,0,정상,정상,OTT정기결제알림,SMS,"[디즈니플러스] 이번 달 정기결제 6,000원이 정상적으로 처리되었습니다.",해당없음(정상 메시지),중복도 완화를 위해 추가한 신규 정상 시나리오(합성)
4273,0,정상,정상,아파트관리비안내,SMS,"[힐스테이트] 관리비 안내: 25,000원, 미납 시 연체료가 부과될 수 있습니다.",해당없음(정상 메시지),중복도 완화를 위해 추가한 신규 정상 시나리오(합성)
4274,0,정상,정상,아파트관리비안내,SMS,"[힐스테이트] 35,000원 관리비 고지서가 발송되었습니다. 자동이체 계좌를 확인해주세요.",해당없음(정상 메시지),중복도 완화를 위해 추가한 신규 정상 시나리오(합성)
4275,0,정상,정상,회사워크숍공지,SMS,이번 분기 영업팀 회식은 12일로 정해졌습니다. 참고해주세요.,해당없음(정상 메시지),중복도 완화를 위해 추가한 신규 정상 시나리오(합성)
4276,0,정상,정상,헬스장출석알림,SMS,[헬스플러스] 오늘도 출석 체크되었습니다! 벌써 이번 달 16회 방문하셨어요.,해당없음(정상 메시지),중복도 완화를 위해 추가한 신규 정상 시나리오(합성)
4277,0,정상,정상,학원수강료알림,SMS,"[미술나라학원] 130,000원 수강료 결제 확인되었습니다. 이번 달도 화이팅!",해당없음(정상 메시지),중복도 완화를 위해 추가한 신규 정상 시나리오(합성)
4278,0,정상,정상,OTT정기결제알림,SMS,"[멜론] 이번 달 정기결제 9,000원이 정상적으로 처리되었습니다.",해당없음(정상 메시지),중복도 완화를 위해 추가한 신규 정상 시나리오(합성)
4279,0,정상,정상,학원수강료알림,SMS,"[수학의달인학원] 이번 달 수강료 190,000원 결제가 완료되었습니다. 다음 수업일도 확인해주세요.",해당없음(정상 메시지),중복도 완화를 위해 추가한 신규 정상 시나리오(합성)
4280,0,정상,정상,헬스장출석알림,SMS,[스포애니] 이번 달 회원권이 14일 남았습니다. 연장 문의는 프런트로 해주세요.,해당없음(정상 메시지),중복도 완화를 위해 추가한 신규 정상 시나리오(합성)
4281,0,정상,정상,교통카드잔액알림,SMS,[티머니] 카드 잔액이 2203원 남았습니다. 충전 후 이용해주세요.,해당없음(정상 메시지),중복도 완화를 위해 추가한 신규 정상 시나리오(합성)
4282,0,정상,정상,아파트관리비안내,SMS,"[자이아파트] 이번 달 관리비 22,000원이 부과되었습니다. 납부기한은 25일까지입니다.",해당없음(정상 메시지),중복도 완화를 위해 추가한 신규 정상 시나리오(합성)
4283,0,정상,정상,공과금고지서,SMS,"도시가스요금 20,000원이 청구되었습니다. 자세한 내역은 앱에서 확인 가능합니다.",해당없음(정상 메시지),중복도 완화를 위해 추가한 신규 정상 시나리오(합성)
4284,0,정상,정상,병원예약알림,SMS,[미소치과] 8월 10일 14시 진료 예약이 확인되었습니다. 변경 시 미리 연락 주세요.,해당없음(정상 메시지),중복도 완화를 위해 추가한 신규 정상 시나리오(합성)
4285,0,정상,정상,학원수강료알림,SMS,"[영어랑학원] 이번 달 수강료 230,000원 결제가 완료되었습니다. 다음 수업일도 확인해주세요.",해당없음(정상 메시지),중복도 완화를 위해 추가한 신규 정상 시나리오(합성)
4286,0,정상,정상,학원수강료알림,SMS,"[영어랑학원] 수강료 120,000원이 정상 결제되었어요. 수업일정은 앱에서 확인 가능합니다.",해당없음(정상 메시지),중복도 완화를 위해 추가한 신규 정상 시나리오(합성)
4287,0,정상,정상,온라인강의알림,SMS,[인프런] 결제하신 강의의 수강기한이 25일 남았습니다.,해당없음(정상 메시지),중복도 완화를 위해 추가한 신규 정상 시나리오(합성)
4288,0,정상,정상,OTT정기결제알림,SMS,"[디즈니플러스] 이번 달 정기결제 9,000원이 정상적으로 처리되었습니다.",해당없음(정상 메시지),중복도 완화를 위해 추가한 신규 정상 시나리오(합성)
4289,0,정상,정상,아파트관리비안내,SMS,"[힐스테이트] 22,000원 관리비 고지서가 발송되었습니다. 자동이체 계좌를 확인해주세요.",해당없음(정상 메시지),중복도 완화를 위해 추가한 신규 정상 시나리오(합성)
4290,0,정상,정상,교통카드잔액알림,SMS,[티머니] 카드 잔액이 1203원 남았습니다. 충전 후 이용해주세요.,해당없음(정상 메시지),중복도 완화를 위해 추가한 신규 정상 시나리오(합성)
4291,0,정상,정상,온라인강의알림,SMS,[클래스101] 결제하신 강의의 수강기한이 20일 남았습니다.,해당없음(정상 메시지),중복도 완화를 위해 추가한 신규 정상 시나리오(합성)
4292,0,정상,정상,아파트관리비안내,SMS,"[자이아파트] 이번 달 관리비 36,000원이 부과되었습니다. 납부기한은 25일까지입니다.",해당없음(정상 메시지),중복도 완화를 위해 추가한 신규 정상 시나리오(합성)
4293,0,정상,정상,온라인강의알림,SMS,[클래스101] 결제하신 강의의 수강기한이 18일 남았습니다.,해당없음(정상 메시지),중복도 완화를 위해 추가한 신규 정상 시나리오(합성)
4294,0,정상,정상,아파트관리비안내,SMS,"[자이아파트] 20,000원 관리비 고지서가 발송되었습니다. 자동이체 계좌를 확인해주세요.",해당없음(정상 메시지),중복도 완화를 위해 추가한 신규 정상 시나리오(합성)
4295,0,정상,정상,교통카드잔액알림,SMS,[티머니] 잔액 부족 안내: 998원 남음. 충전소나 앱에서 충전 가능합니다.,해당없음(정상 메시지),중복도 완화를 위해 추가한 신규 정상 시나리오(합성)
4296,0,정상,정상,회사워크숍공지,SMS,이번 분기 마케팅팀 회식은 18일로 정해졌습니다. 참고해주세요.,해당없음(정상 메시지),중복도 완화를 위해 추가한 신규 정상 시나리오(합성)
4297,0,정상,정상,회사워크숍공지,SMS,[사내공지] 디자인팀 워크숍이 다음 주로 예정되어 있습니다. 참석 여부 회신 부탁드려요.,해당없음(정상 메시지),중복도 완화를 위해 추가한 신규 정상 시나리오(합성)
4298,0,정상,정상,아파트관리비안내,SMS,"[힐스테이트] 37,000원 관리비 고지서가 발송되었습니다. 자동이체 계좌를 확인해주세요.",해당없음(정상 메시지),중복도 완화를 위해 추가한 신규 정상 시나리오(합성)
4299,0,정상,정상,병원예약알림,SMS,"[연세이비인후과] 정기검진 예약: 4월 4일 11시, 늦지 않게 방문 부탁드립니다.",해당없음(정상 메시지),중복도 완화를 위해 추가한 신규 정상 시나리오(합성)
4300,0,정상,정상,병원예약알림,SMS,"[미소치과] 정기검진 예약: 1월 13일 10시, 늦지 않게 방문 부탁드립니다.",해당없음(정상 메시지),중복도 완화를 위해 추가한 신규 정상 시나리오(합성)
4301,0,정상,정상,학원수강료알림,SMS,"[영어랑학원] 수강료 280,000원이 정상 결제되었어요. 수업일정은 앱에서 확인 가능합니다.",해당없음(정상 메시지),중복도 완화를 위해 추가한 신규 정상 시나리오(합성)
4302,0,정상,정상,OTT정기결제알림,SMS,"[멜론] 정기구독 14,000원이 결제되었어요. 결제내역은 앱에서 확인 가능합니다.",해당없음(정상 메시지),중복도 완화를 위해 추가한 신규 정상 시나리오(합성)
4303,0,정상,정상,병원예약알림,SMS,[튼튼정형외과] 5월 11일 17시 진료 예약이 확인되었습니다. 변경 시 미리 연락 주세요.,해당없음(정상 메시지),중복도 완화를 위해 추가한 신규 정상 시나리오(합성)
4304,0,정상,정상,아파트관리비안내,SMS,"[자이아파트] 40,000원 관리비 고지서가 발송되었습니다. 자동이체 계좌를 확인해주세요.",해당없음(정상 메시지),중복도 완화를 위해 추가한 신규 정상 시나리오(합성)
4305,0,정상,정상,헬스장출석알림,SMS,[스포애니] 오늘도 출석 체크되었습니다! 벌써 이번 달 19회 방문하셨어요.,해당없음(정상 메시지),중복도 완화를 위해 추가한 신규 정상 시나리오(합성)
4306,0,정상,정상,카페예약확인,SMS,[투썸플레이스 홍대점] 15시 예약이 확정되었습니다. 방문 시 예약자명을 말씀해주세요.,해당없음(정상 메시지),중복도 완화를 위해 추가한 신규 정상 시나리오(합성)
4307,0,정상,정상,공과금고지서,SMS,"[전기요금 고지] 이번 달 전기요금은 50,000원입니다. 납부일은 다음 달 10일까지예요.",해당없음(정상 메시지),중복도 완화를 위해 추가한 신규 정상 시나리오(합성)
4308,0,정상,정상,카페예약확인,SMS,[카페온더플랜트] 19시 예약이 확정되었습니다. 방문 시 예약자명을 말씀해주세요.,해당없음(정상 메시지),중복도 완화를 위해 추가한 신규 정상 시나리오(합성)
4309,0,정상,정상,아파트관리비안내,SMS,"[래미안한강] 24,000원 관리비 고지서가 발송되었습니다. 자동이체 계좌를 확인해주세요.",해당없음(정상 메시지),중복도 완화를 위해 추가한 신규 정상 시나리오(합성)
4310,0,정상,정상,교통카드잔액알림,SMS,[캐시비] 현재 잔액 2040원입니다. 대중교통 이용 전 충전해주세요.,해당없음(정상 메시지),중복도 완화를 위해 추가한 신규 정상 시나리오(합성)
4311,0,정상,정상,아파트관리비안내,SMS,"[한빛아파트] 20,000원 관리비 고지서가 발송되었습니다. 자동이체 계좌를 확인해주세요.",해당없음(정상 메시지),중복도 완화를 위해 추가한 신규 정상 시나리오(합성)
4312,0,정상,정상,헬스장출석알림,SMS,[스포애니] 오늘도 출석 체크되었습니다! 벌써 이번 달 10회 방문하셨어요.,해당없음(정상 메시지),중복도 완화를 위해 추가한 신규 정상 시나리오(합성)
4313,0,정상,정상,회사워크숍공지,SMS,이번 분기 디자인팀 회식은 13일로 정해졌습니다. 참고해주세요.,해당없음(정상 메시지),중복도 완화를 위해 추가한 신규 정상 시나리오(합성)
4314,0,정상,정상,OTT정기결제알림,SMS,"[웨이브] 이번 달 정기결제 6,000원이 정상적으로 처리되었습니다.",해당없음(정상 메시지),중복도 완화를 위해 추가한 신규 정상 시나리오(합성)
4315,0,정상,정상,학원수강료알림,SMS,"[미술나라학원] 이번 달 수강료 100,000원 결제가 완료되었습니다. 다음 수업일도 확인해주세요.",해당없음(정상 메시지),중복도 완화를 위해 추가한 신규 정상 시나리오(합성)
4316,0,정상,정상,교통카드잔액알림,SMS,"[캐시비] 잔액 2167원, 충전이 필요해요. 미리 충전해두세요.",해당없음(정상 메시지),중복도 완화를 위해 추가한 신규 정상 시나리오(합성)
4317,0,정상,정상,아파트관리비안내,SMS,"[래미안한강] 이번 달 관리비 20,000원이 부과되었습니다. 납부기한은 25일까지입니다.",해당없음(정상 메시지),중복도 완화를 위해 추가한 신규 정상 시나리오(합성)
4318,0,정상,정상,카페예약확인,SMS,[블루보틀 성수점] 18시 예약이 확정되었습니다. 방문 시 예약자명을 말씀해주세요.,해당없음(정상 메시지),중복도 완화를 위해 추가한 신규 정상 시나리오(합성)
4319,0,정상,정상,온라인강의알림,SMS,[클래스101] 결제하신 강의의 수강기한이 24일 남았습니다.,해당없음(정상 메시지),중복도 완화를 위해 추가한 신규 정상 시나리오(합성)
4320,0,정상,정상,카페예약확인,SMS,[스타벅스 강남점] 16시 예약이 확정되었습니다. 방문 시 예약자명을 말씀해주세요.,해당없음(정상 메시지),중복도 완화를 위해 추가한 신규 정상 시나리오(합성)
4321,0,정상,정상,온라인강의알림,SMS,[인프런] 결제하신 강의의 수강기한이 16일 남았습니다.,해당없음(정상 메시지),중복도 완화를 위해 추가한 신규 정상 시나리오(합성)
4322,0,정상,정상,카페예약확인,SMS,[카페온더플랜트] 17시 예약이 확정되었습니다. 방문 시 예약자명을 말씀해주세요.,해당없음(정상 메시지),중복도 완화를 위해 추가한 신규 정상 시나리오(합성)
4323,0,정상,정상,가족단체방안내,SMS,"이번 주말 가족 모임 장소를 정해야 하는데, 서연이 예약 좀 부탁해도 될까?",해당없음(정상 메시지),중복도 완화를 위해 추가한 신규 정상 시나리오(합성)
4324,0,정상,정상,병원예약알림,SMS,"[참사랑내과] 정기검진 예약: 5월 25일 10시, 늦지 않게 방문 부탁드립니다.",해당없음(정상 메시지),중복도 완화를 위해 추가한 신규 정상 시나리오(합성)
4325,0,정상,정상,교통카드잔액알림,SMS,[티머니] 카드 잔액이 1902원 남았습니다. 충전 후 이용해주세요.,해당없음(정상 메시지),중복도 완화를 위해 추가한 신규 정상 시나리오(합성)
4326,0,정상,정상,온라인강의알림,SMS,[유데미] 결제하신 강의의 수강기한이 27일 남았습니다.,해당없음(정상 메시지),중복도 완화를 위해 추가한 신규 정상 시나리오(합성)
4327,0,정상,정상,아파트관리비안내,SMS,"[한빛아파트] 관리비 안내: 44,000원, 미납 시 연체료가 부과될 수 있습니다.",해당없음(정상 메시지),중복도 완화를 위해 추가한 신규 정상 시나리오(합성)
4328,0,정상,정상,회사워크숍공지,SMS,이번 분기 개발팀 회식은 27일로 정해졌습니다. 참고해주세요.,해당없음(정상 메시지),중복도 완화를 위해 추가한 신규 정상 시나리오(합성)
4329,0,정상,정상,학원수강료알림,SMS,"[피아노教습소] 이번 달 수강료 220,000원 결제가 완료되었습니다. 다음 수업일도 확인해주세요.",해당없음(정상 메시지),중복도 완화를 위해 추가한 신규 정상 시나리오(합성)
4330,0,정상,정상,공과금고지서,SMS,"수도요금 20,000원이 청구되었습니다. 자세한 내역은 앱에서 확인 가능합니다.",해당없음(정상 메시지),중복도 완화를 위해 추가한 신규 정상 시나리오(합성)
4331,0,정상,정상,공과금고지서,SMS,"[전기요금 고지] 이번 달 전기요금은 40,000원입니다. 납부일은 다음 달 10일까지예요.",해당없음(정상 메시지),중복도 완화를 위해 추가한 신규 정상 시나리오(합성)
4332,0,정상,정상,온라인강의알림,SMS,[클래스101] 결제하신 강의의 수강기한이 25일 남았습니다.,해당없음(정상 메시지),중복도 완화를 위해 추가한 신규 정상 시나리오(합성)
4333,0,정상,정상,병원예약알림,SMS,"[미소치과] 정기검진 예약: 5월 4일 11시, 늦지 않게 방문 부탁드립니다.",해당없음(정상 메시지),중복도 완화를 위해 추가한 신규 정상 시나리오(합성)
4334,0,정상,정상,공과금고지서,SMS,"전기요금 130,000원이 청구되었습니다. 자세한 내역은 앱에서 확인 가능합니다.",해당없음(정상 메시지),중복도 완화를 위해 추가한 신규 정상 시나리오(합성)
4335,0,정상,정상,헬스장출석알림,SMS,[바디센터] 오늘도 출석 체크되었습니다! 벌써 이번 달 12회 방문하셨어요.,해당없음(정상 메시지),중복도 완화를 위해 추가한 신규 정상 시나리오(합성)
4336,0,정상,정상,병원예약알림,SMS,[연세이비인후과] 3월 22일 10시 진료 예약이 확인되었습니다. 변경 시 미리 연락 주세요.,해당없음(정상 메시지),중복도 완화를 위해 추가한 신규 정상 시나리오(합성)
4337,0,정상,정상,아파트관리비안내,SMS,"[래미안한강] 이번 달 관리비 28,000원이 부과되었습니다. 납부기한은 25일까지입니다.",해당없음(정상 메시지),중복도 완화를 위해 추가한 신규 정상 시나리오(합성)
4338,0,정상,정상,병원예약알림,SMS,[미소치과] 예약하신 4월 24일 10시 진료 안내드립니다. 신분증 지참해주세요.,해당없음(정상 메시지),중복도 완화를 위해 추가한 신규 정상 시나리오(합성)
4339,0,정상,정상,교통카드잔액알림,SMS,[캐시비] 잔액 부족 안내: 1891원 남음. 충전소나 앱에서 충전 가능합니다.,해당없음(정상 메시지),중복도 완화를 위해 추가한 신규 정상 시나리오(합성)
4340,0,정상,정상,온라인강의알림,SMS,[유데미] 결제하신 강의의 수강기한이 28일 남았습니다.,해당없음(정상 메시지),중복도 완화를 위해 추가한 신규 정상 시나리오(합성)
4341,0,정상,정상,병원예약알림,SMS,"[참사랑내과] 정기검진 예약: 4월 4일 10시, 늦지 않게 방문 부탁드립니다.",해당없음(정상 메시지),중복도 완화를 위해 추가한 신규 정상 시나리오(합성)
4342,0,정상,정상,병원예약알림,SMS,[서울정형외과] 12월 17일 14시 진료 예약이 확인되었습니다. 변경 시 미리 연락 주세요.,해당없음(정상 메시지),중복도 완화를 위해 추가한 신규 정상 시나리오(합성)
4343,0,정상,정상,교통카드잔액알림,SMS,[티머니] 현재 잔액 2939원입니다. 대중교통 이용 전 충전해주세요.,해당없음(정상 메시지),중복도 완화를 위해 추가한 신규 정상 시나리오(합성)
4344,0,정상,정상,학원수강료알림,SMS,"[미술나라학원] 수강료 140,000원이 정상 결제되었어요. 수업일정은 앱에서 확인 가능합니다.",해당없음(정상 메시지),중복도 완화를 위해 추가한 신규 정상 시나리오(합성)
4345,0,정상,정상,카페예약확인,SMS,[투썸플레이스 홍대점] 13시 예약이 확정되었습니다. 방문 시 예약자명을 말씀해주세요.,해당없음(정상 메시지),중복도 완화를 위해 추가한 신규 정상 시나리오(합성)
4346,0,정상,정상,OTT정기결제알림,SMS,"[디즈니플러스] 이번 달 정기결제 14,000원이 정상적으로 처리되었습니다.",해당없음(정상 메시지),중복도 완화를 위해 추가한 신규 정상 시나리오(합성)
4347,0,정상,정상,헬스장출석알림,SMS,[스포애니] 이번 달 회원권이 9일 남았습니다. 연장 문의는 프런트로 해주세요.,해당없음(정상 메시지),중복도 완화를 위해 추가한 신규 정상 시나리오(합성)
4348,0,정상,정상,학원수강료알림,SMS,"[영어랑학원] 220,000원 수강료 결제 확인되었습니다. 이번 달도 화이팅!",해당없음(정상 메시지),중복도 완화를 위해 추가한 신규 정상 시나리오(합성)
4349,0,정상,정상,카페예약확인,SMS,[카페온더플랜트] 16시 예약이 확정되었습니다. 방문 시 예약자명을 말씀해주세요.,해당없음(정상 메시지),중복도 완화를 위해 추가한 신규 정상 시나리오(합성)
4350,0,정상,정상,OTT정기결제알림,SMS,"[왓챠] 정기구독 13,000원이 결제되었어요. 결제내역은 앱에서 확인 가능합니다.",해당없음(정상 메시지),중복도 완화를 위해 추가한 신규 정상 시나리오(합성)
4351,0,정상,정상,교통카드잔액알림,SMS,[캐시비] 현재 잔액 2466원입니다. 대중교통 이용 전 충전해주세요.,해당없음(정상 메시지),중복도 완화를 위해 추가한 신규 정상 시나리오(합성)
4352,0,정상,정상,OTT정기결제알림,SMS,"[넷플릭스] 정기구독 7,000원이 결제되었어요. 결제내역은 앱에서 확인 가능합니다.",해당없음(정상 메시지),중복도 완화를 위해 추가한 신규 정상 시나리오(합성)
4353,0,정상,정상,교통카드잔액알림,SMS,"[티머니] 잔액 1040원, 충전이 필요해요. 미리 충전해두세요.",해당없음(정상 메시지),중복도 완화를 위해 추가한 신규 정상 시나리오(합성)
4354,0,정상,정상,가족단체방안내,SMS,"이번 주말 가족 모임 장소를 정해야 하는데, 다은이 예약 좀 부탁해도 될까?",해당없음(정상 메시지),중복도 완화를 위해 추가한 신규 정상 시나리오(합성)
4355,0,정상,정상,학원수강료알림,SMS,"[영어랑학원] 이번 달 수강료 290,000원 결제가 완료되었습니다. 다음 수업일도 확인해주세요.",해당없음(정상 메시지),중복도 완화를 위해 추가한 신규 정상 시나리오(합성)
4356,0,정상,정상,아파트관리비안내,SMS,"[힐스테이트] 관리비 안내: 32,000원, 미납 시 연체료가 부과될 수 있습니다.",해당없음(정상 메시지),중복도 완화를 위해 추가한 신규 정상 시나리오(합성)
4357,0,정상,정상,아파트관리비안내,SMS,"[한빛아파트] 이번 달 관리비 29,000원이 부과되었습니다. 납부기한은 25일까지입니다.",해당없음(정상 메시지),중복도 완화를 위해 추가한 신규 정상 시나리오(합성)
4358,0,정상,정상,학원수강료알림,SMS,"[피아노教습소] 280,000원 수강료 결제 확인되었습니다. 이번 달도 화이팅!",해당없음(정상 메시지),중복도 완화를 위해 추가한 신규 정상 시나리오(합성)
4359,0,정상,정상,회사워크숍공지,SMS,이번 분기 마케팅팀 회식은 25일로 정해졌습니다. 참고해주세요.,해당없음(정상 메시지),중복도 완화를 위해 추가한 신규 정상 시나리오(합성)
4360,0,정상,정상,병원예약알림,SMS,"[연세이비인후과] 정기검진 예약: 12월 3일 13시, 늦지 않게 방문 부탁드립니다.",해당없음(정상 메시지),중복도 완화를 위해 추가한 신규 정상 시나리오(합성)
4361,0,정상,정상,공과금고지서,SMS,"[인터넷요금 고지] 이번 달 인터넷요금은 140,000원입니다. 납부일은 다음 달 10일까지예요.",해당없음(정상 메시지),중복도 완화를 위해 추가한 신규 정상 시나리오(합성)
4362,0,정상,정상,회사워크숍공지,SMS,이번 분기 개발팀 회식은 3일로 정해졌습니다. 참고해주세요.,해당없음(정상 메시지),중복도 완화를 위해 추가한 신규 정상 시나리오(합성)
4363,0,정상,정상,교통카드잔액알림,SMS,[티머니] 카드 잔액이 1300원 남았습니다. 충전 후 이용해주세요.,해당없음(정상 메시지),중복도 완화를 위해 추가한 신규 정상 시나리오(합성)
4364,0,정상,정상,병원예약알림,SMS,[서울정형외과] 12월 5일 17시 진료 예약이 확인되었습니다. 변경 시 미리 연락 주세요.,해당없음(정상 메시지),중복도 완화를 위해 추가한 신규 정상 시나리오(합성)
4365,0,정상,정상,아파트관리비안내,SMS,"[푸른마을아파트] 이번 달 관리비 15,000원이 부과되었습니다. 납부기한은 25일까지입니다.",해당없음(정상 메시지),중복도 완화를 위해 추가한 신규 정상 시나리오(합성)
4366,0,정상,정상,교통카드잔액알림,SMS,[캐시비] 현재 잔액 2191원입니다. 대중교통 이용 전 충전해주세요.,해당없음(정상 메시지),중복도 완화를 위해 추가한 신규 정상 시나리오(합성)
4367,0,정상,정상,회사워크숍공지,SMS,이번 분기 디자인팀 회식은 24일로 정해졌습니다. 참고해주세요.,해당없음(정상 메시지),중복도 완화를 위해 추가한 신규 정상 시나리오(합성)
4368,0,정상,정상,병원예약알림,SMS,"[하나피부과] 정기검진 예약: 4월 10일 10시, 늦지 않게 방문 부탁드립니다.",해당없음(정상 메시지),중복도 완화를 위해 추가한 신규 정상 시나리오(합성)
4369,0,정상,정상,회사워크숍공지,SMS,이번 분기 영업팀 회식은 5일로 정해졌습니다. 참고해주세요.,해당없음(정상 메시지),중복도 완화를 위해 추가한 신규 정상 시나리오(합성)
4370,0,정상,정상,지인경조사_정상,SMS,"소연이 결혼합니다. 그동안 함께해주셔서 감사했고, 앞으로도 잘 부탁드려요. 청첩장은 따로 전달할게요.",해당없음(정상 메시지),중복도 완화를 위해 추가한 신규 정상 시나리오(합성)
4371,0,정상,정상,아파트관리비안내,SMS,"[한빛아파트] 관리비 안내: 16,000원, 미납 시 연체료가 부과될 수 있습니다.",해당없음(정상 메시지),중복도 완화를 위해 추가한 신규 정상 시나리오(합성)
4372,0,정상,정상,아파트관리비안내,SMS,"[한빛아파트] 43,000원 관리비 고지서가 발송되었습니다. 자동이체 계좌를 확인해주세요.",해당없음(정상 메시지),중복도 완화를 위해 추가한 신규 정상 시나리오(합성)
4373,0,정상,정상,병원예약알림,SMS,"[미소치과] 정기검진 예약: 10월 9일 10시, 늦지 않게 방문 부탁드립니다.",해당없음(정상 메시지),중복도 완화를 위해 추가한 신규 정상 시나리오(합성)
4374,0,정상,정상,아파트관리비안내,SMS,"[래미안한강] 관리비 안내: 31,000원, 미납 시 연체료가 부과될 수 있습니다.",해당없음(정상 메시지),중복도 완화를 위해 추가한 신규 정상 시나리오(합성)
4375,0,정상,정상,카페예약확인,SMS,[투썸플레이스 홍대점] 18시 예약이 확정되었습니다. 방문 시 예약자명을 말씀해주세요.,해당없음(정상 메시지),중복도 완화를 위해 추가한 신규 정상 시나리오(합성)
4376,0,정상,정상,회사워크숍공지,SMS,이번 분기 디자인팀 회식은 3일로 정해졌습니다. 참고해주세요.,해당없음(정상 메시지),중복도 완화를 위해 추가한 신규 정상 시나리오(합성)
4377,0,정상,정상,교통카드잔액알림,SMS,"[티머니] 잔액 1244원, 충전이 필요해요. 미리 충전해두세요.",해당없음(정상 메시지),중복도 완화를 위해 추가한 신규 정상 시나리오(합성)
4378,0,정상,정상,지인경조사_정상,SMS,수민 결혼식 날짜가 잡혔어요! 자세한 건 다음 주에 만나서 얘기하고 청첩장도 드릴게요.,해당없음(정상 메시지),중복도 완화를 위해 추가한 신규 정상 시나리오(합성)
4379,0,정상,정상,교통카드잔액알림,SMS,[티머니] 잔액 부족 안내: 2465원 남음. 충전소나 앱에서 충전 가능합니다.,해당없음(정상 메시지),중복도 완화를 위해 추가한 신규 정상 시나리오(합성)
4380,0,정상,정상,교통카드잔액알림,SMS,[캐시비] 잔액 부족 안내: 722원 남음. 충전소나 앱에서 충전 가능합니다.,해당없음(정상 메시지),중복도 완화를 위해 추가한 신규 정상 시나리오(합성)
4381,0,정상,정상,OTT정기결제알림,SMS,"[왓챠] 14,000원 결제 완료. 이번 달도 편하게 이용하세요.",해당없음(정상 메시지),중복도 완화를 위해 추가한 신규 정상 시나리오(합성)
4382,0,정상,정상,교통카드잔액알림,SMS,[캐시비] 잔액 부족 안내: 2019원 남음. 충전소나 앱에서 충전 가능합니다.,해당없음(정상 메시지),중복도 완화를 위해 추가한 신규 정상 시나리오(합성)
4383,0,정상,정상,공과금고지서,SMS,"수도요금 120,000원이 청구되었습니다. 자세한 내역은 앱에서 확인 가능합니다.",해당없음(정상 메시지),중복도 완화를 위해 추가한 신규 정상 시나리오(합성)
4384,0,정상,정상,온라인강의알림,SMS,[클래스101] 결제하신 강의의 수강기한이 26일 남았습니다.,해당없음(정상 메시지),중복도 완화를 위해 추가한 신규 정상 시나리오(합성)
4385,0,정상,정상,교통카드잔액알림,SMS,[캐시비] 잔액 부족 안내: 886원 남음. 충전소나 앱에서 충전 가능합니다.,해당없음(정상 메시지),중복도 완화를 위해 추가한 신규 정상 시나리오(합성)
4386,0,정상,정상,가족단체방안내,SMS,"이번 주말 가족 모임 장소를 정해야 하는데, 하은이 예약 좀 부탁해도 될까?",해당없음(정상 메시지),중복도 완화를 위해 추가한 신규 정상 시나리오(합성)
4387,0,정상,정상,공과금고지서,SMS,"인터넷요금 90,000원이 청구되었습니다. 자세한 내역은 앱에서 확인 가능합니다.",해당없음(정상 메시지),중복도 완화를 위해 추가한 신규 정상 시나리오(합성)
4388,0,정상,정상,아파트관리비안내,SMS,"[한빛아파트] 22,000원 관리비 고지서가 발송되었습니다. 자동이체 계좌를 확인해주세요.",해당없음(정상 메시지),중복도 완화를 위해 추가한 신규 정상 시나리오(합성)
4389,0,정상,정상,교통카드잔액알림,SMS,[캐시비] 잔액 부족 안내: 2277원 남음. 충전소나 앱에서 충전 가능합니다.,해당없음(정상 메시지),중복도 완화를 위해 추가한 신규 정상 시나리오(합성)
4390,0,정상,정상,아파트관리비안내,SMS,"[한빛아파트] 27,000원 관리비 고지서가 발송되었습니다. 자동이체 계좌를 확인해주세요.",해당없음(정상 메시지),중복도 완화를 위해 추가한 신규 정상 시나리오(합성)
4391,0,정상,정상,OTT정기결제알림,SMS,"[멜론] 정기구독 13,000원이 결제되었어요. 결제내역은 앱에서 확인 가능합니다.",해당없음(정상 메시지),중복도 완화를 위해 추가한 신규 정상 시나리오(합성)
4392,0,정상,정상,OTT정기결제알림,SMS,"[왓챠] 이번 달 정기결제 6,000원이 정상적으로 처리되었습니다.",해당없음(정상 메시지),중복도 완화를 위해 추가한 신규 정상 시나리오(합성)
4393,0,정상,정상,병원예약알림,SMS,[미소치과] 예약하신 12월 19일 14시 진료 안내드립니다. 신분증 지참해주세요.,해당없음(정상 메시지),중복도 완화를 위해 추가한 신규 정상 시나리오(합성)
4394,0,정상,정상,교통카드잔액알림,SMS,[티머니] 카드 잔액이 527원 남았습니다. 충전 후 이용해주세요.,해당없음(정상 메시지),중복도 완화를 위해 추가한 신규 정상 시나리오(합성)
4395,0,정상,정상,카페예약확인,SMS,[스타벅스 강남점] 13시 예약이 확정되었습니다. 방문 시 예약자명을 말씀해주세요.,해당없음(정상 메시지),중복도 완화를 위해 추가한 신규 정상 시나리오(합성)
4396,0,정상,정상,교통카드잔액알림,SMS,[티머니] 현재 잔액 2841원입니다. 대중교통 이용 전 충전해주세요.,해당없음(정상 메시지),중복도 완화를 위해 추가한 신규 정상 시나리오(합성)
4397,0,정상,정상,헬스장출석알림,SMS,[올핏짐] 오늘도 출석 체크되었습니다! 벌써 이번 달 17회 방문하셨어요.,해당없음(정상 메시지),중복도 완화를 위해 추가한 신규 정상 시나리오(합성)
4398,0,정상,정상,OTT정기결제알림,SMS,"[넷플릭스] 정기구독 13,000원이 결제되었어요. 결제내역은 앱에서 확인 가능합니다.",해당없음(정상 메시지),중복도 완화를 위해 추가한 신규 정상 시나리오(합성)
4399,0,정상,정상,공과금고지서,SMS,"인터넷요금 50,000원이 청구되었습니다. 자세한 내역은 앱에서 확인 가능합니다.",해당없음(정상 메시지),중복도 완화를 위해 추가한 신규 정상 시나리오(합성)
4400,0,정상,정상,병원예약알림,SMS,"[참사랑내과] 정기검진 예약: 9월 1일 12시, 늦지 않게 방문 부탁드립니다.",해당없음(정상 메시지),중복도 완화를 위해 추가한 신규 정상 시나리오(합성)
4401,0,정상,정상,온라인강의알림,SMS,[패스트캠퍼스] 결제하신 강의의 수강기한이 27일 남았습니다.,해당없음(정상 메시지),중복도 완화를 위해 추가한 신규 정상 시나리오(합성)
4402,0,정상,정상,헬스장출석알림,SMS,[올핏짐] 오늘도 출석 체크되었습니다! 벌써 이번 달 20회 방문하셨어요.,해당없음(정상 메시지),중복도 완화를 위해 추가한 신규 정상 시나리오(합성)
4403,0,정상,정상,병원예약알림,SMS,[서울정형외과] 예약하신 10월 6일 9시 진료 안내드립니다. 신분증 지참해주세요.,해당없음(정상 메시지),중복도 완화를 위해 추가한 신규 정상 시나리오(합성)
4404,0,정상,정상,헬스장출석알림,SMS,[바디센터] 이번 달 회원권이 12일 남았습니다. 연장 문의는 프런트로 해주세요.,해당없음(정상 메시지),중복도 완화를 위해 추가한 신규 정상 시나리오(합성)
4405,0,정상,정상,공과금고지서,SMS,"인터넷요금 40,000원이 청구되었습니다. 자세한 내역은 앱에서 확인 가능합니다.",해당없음(정상 메시지),중복도 완화를 위해 추가한 신규 정상 시나리오(합성)
4406,0,정상,정상,공과금고지서,SMS,"수도요금 60,000원이 청구되었습니다. 자세한 내역은 앱에서 확인 가능합니다.",해당없음(정상 메시지),중복도 완화를 위해 추가한 신규 정상 시나리오(합성)
4407,0,정상,정상,교통카드잔액알림,SMS,[캐시비] 현재 잔액 1233원입니다. 대중교통 이용 전 충전해주세요.,해당없음(정상 메시지),중복도 완화를 위해 추가한 신규 정상 시나리오(합성)
4408,0,정상,정상,아파트관리비안내,SMS,"[푸른마을아파트] 관리비 안내: 43,000원, 미납 시 연체료가 부과될 수 있습니다.",해당없음(정상 메시지),중복도 완화를 위해 추가한 신규 정상 시나리오(합성)
4409,0,정상,정상,아파트관리비안내,SMS,"[자이아파트] 관리비 안내: 36,000원, 미납 시 연체료가 부과될 수 있습니다.",해당없음(정상 메시지),중복도 완화를 위해 추가한 신규 정상 시나리오(합성)
4410,0,정상,정상,아파트관리비안내,SMS,"[래미안한강] 이번 달 관리비 39,000원이 부과되었습니다. 납부기한은 25일까지입니다.",해당없음(정상 메시지),중복도 완화를 위해 추가한 신규 정상 시나리오(합성)
4411,0,정상,정상,학원수강료알림,SMS,"[영어랑학원] 이번 달 수강료 240,000원 결제가 완료되었습니다. 다음 수업일도 확인해주세요.",해당없음(정상 메시지),중복도 완화를 위해 추가한 신규 정상 시나리오(합성)
4412,0,정상,정상,병원예약알림,SMS,[연세이비인후과] 3월 9일 9시 진료 예약이 확인되었습니다. 변경 시 미리 연락 주세요.,해당없음(정상 메시지),중복도 완화를 위해 추가한 신규 정상 시나리오(합성)
4413,0,정상,정상,헬스장출석알림,SMS,[바디센터] 오늘도 출석 체크되었습니다! 벌써 이번 달 14회 방문하셨어요.,해당없음(정상 메시지),중복도 완화를 위해 추가한 신규 정상 시나리오(합성)
4414,0,정상,정상,카페예약확인,SMS,[블루보틀 성수점] 16시 예약이 확정되었습니다. 방문 시 예약자명을 말씀해주세요.,해당없음(정상 메시지),중복도 완화를 위해 추가한 신규 정상 시나리오(합성)
4415,0,정상,정상,헬스장출석알림,SMS,[스포애니] 이번 달 회원권이 5일 남았습니다. 연장 문의는 프런트로 해주세요.,해당없음(정상 메시지),중복도 완화를 위해 추가한 신규 정상 시나리오(합성)
4416,0,정상,정상,병원예약알림,SMS,"[미소치과] 정기검진 예약: 9월 5일 9시, 늦지 않게 방문 부탁드립니다.",해당없음(정상 메시지),중복도 완화를 위해 추가한 신규 정상 시나리오(합성)
4417,0,정상,정상,병원예약알림,SMS,[참사랑내과] 8월 20일 9시 진료 예약이 확인되었습니다. 변경 시 미리 연락 주세요.,해당없음(정상 메시지),중복도 완화를 위해 추가한 신규 정상 시나리오(합성)
4418,1,스팸_사기,스팸_사기,통신요금_미납사칭,SMS,[KT] 미납요금 13만원이 확인되었습니다. 즉시 납부하지 않으면 회선이 정지됩니다. 납부: hxxp://kt-pay-834.kr/8547,신규 사기 시나리오 예시,중복도 완화를 위해 추가한 신규 스팸 시나리오(합성)
4419,1,스팸_사기,스팸_사기,통신요금_미납사칭,SMS,[SKT] 미납요금 11만원이 확인되었습니다. 즉시 납부하지 않으면 회선이 정지됩니다. 납부: hxxp://skt-pay-885.kr/7535,신규 사기 시나리오 예시,중복도 완화를 위해 추가한 신규 스팸 시나리오(합성)
4420,1,스팸_사기,스팸_사기,중고거래_직거래사기,SMS,[당근마켓] 말씀하신 물건 입금 확인 후 바로 발송해드릴게요. 안전결제 말고 계좌로 직접 보내주세요: 505-17-687413,신규 사기 시나리오 예시,중복도 완화를 위해 추가한 신규 스팸 시나리오(합성)
4421,1,스팸_사기,스팸_사기,통신요금_미납사칭,SMS,[KT] 미납요금 13만원이 확인되었습니다. 즉시 납부하지 않으면 회선이 정지됩니다. 납부: hxxp://kt-pay-428.kr/3985,신규 사기 시나리오 예시,중복도 완화를 위해 추가한 신규 스팸 시나리오(합성)
4422,1,스팸_사기,스팸_사기,통신요금_미납사칭,SMS,[LGU+] 미납요금 10만원이 확인되었습니다. 즉시 납부하지 않으면 회선이 정지됩니다. 납부: hxxp://lgu+-pay-231.kr/8935,신규 사기 시나리오 예시,중복도 완화를 위해 추가한 신규 스팸 시나리오(합성)
4423,1,스팸_사기,스팸_사기,OTT_결제만료사칭,SMS,[멜론] 결제 정보가 만료되어 이용이 제한됩니다. 아래 링크에서 카드정보를 재등록해주세요 hxxp://멜론-billing-274.top/7897,신규 사기 시나리오 예시,중복도 완화를 위해 추가한 신규 스팸 시나리오(합성)
4424,1,스팸_사기,스팸_사기,코인_에어드랍사기,SMS,[비트코인 에어드랍] 지갑 인증만 하면 비트코인 403개 무료 지급! 지금 참여: hxxp://airdrop-비트코인-285.xyz/8478,신규 사기 시나리오 예시,중복도 완화를 위해 추가한 신규 스팸 시나리오(합성)
4425,1,스팸_사기,스팸_사기,중고거래_직거래사기,SMS,[중고나라] 말씀하신 물건 입금 확인 후 바로 발송해드릴게요. 안전결제 말고 계좌로 직접 보내주세요: 121-45-792294,신규 사기 시나리오 예시,중복도 완화를 위해 추가한 신규 스팸 시나리오(합성)
4426,1,스팸_사기,스팸_사기,코인_에어드랍사기,SMS,[이더리움 에어드랍] 지갑 인증만 하면 이더리움 338개 무료 지급! 지금 참여: hxxp://airdrop-이더리움-444.xyz/2397,신규 사기 시나리오 예시,중복도 완화를 위해 추가한 신규 스팸 시나리오(합성)
4427,1,스팸_사기,스팸_사기,코인_에어드랍사기,SMS,[이더리움 에어드랍] 지갑 인증만 하면 이더리움 470개 무료 지급! 지금 참여: hxxp://airdrop-이더리움-521.xyz/8124,신규 사기 시나리오 예시,중복도 완화를 위해 추가한 신규 스팸 시나리오(합성)
4428,1,스팸_사기,스팸_사기,중고거래_직거래사기,SMS,[중고나라] 말씀하신 물건 입금 확인 후 바로 발송해드릴게요. 안전결제 말고 계좌로 직접 보내주세요: 779-25-824287,신규 사기 시나리오 예시,중복도 완화를 위해 추가한 신규 스팸 시나리오(합성)
4429,1,스팸_사기,스팸_사기,코인_에어드랍사기,SMS,[리플 에어드랍] 지갑 인증만 하면 리플 310개 무료 지급! 지금 참여: hxxp://airdrop-리플-514.xyz/7075,신규 사기 시나리오 예시,중복도 완화를 위해 추가한 신규 스팸 시나리오(합성)
4430,1,스팸_사기,스팸_사기,OTT_결제만료사칭,SMS,[디즈니플러스] 결제 정보가 만료되어 이용이 제한됩니다. 아래 링크에서 카드정보를 재등록해주세요 hxxp://디즈니플러스-billing-106.top/4527,신규 사기 시나리오 예시,중복도 완화를 위해 추가한 신규 스팸 시나리오(합성)
4431,1,스팸_사기,스팸_사기,OTT_결제만료사칭,SMS,[왓챠] 결제 정보가 만료되어 이용이 제한됩니다. 아래 링크에서 카드정보를 재등록해주세요 hxxp://왓챠-billing-831.top/1791,신규 사기 시나리오 예시,중복도 완화를 위해 추가한 신규 스팸 시나리오(합성)
4432,1,스팸_사기,스팸_사기,몸캠피싱유도,SMS,"영상통화 하다가 캡처한 화면 갖고 있어요. 지인들한테 퍼지기 전에 연락주세요, 조용히 해결하고 싶으면 텔레그램으로 연락바랍니다",신규 사기 시나리오 예시,중복도 완화를 위해 추가한 신규 스팸 시나리오(합성)
4433,1,스팸_사기,스팸_사기,OTT_결제만료사칭,SMS,[디즈니플러스] 결제 정보가 만료되어 이용이 제한됩니다. 아래 링크에서 카드정보를 재등록해주세요 hxxp://디즈니플러스-billing-338.top/4540,신규 사기 시나리오 예시,중복도 완화를 위해 추가한 신규 스팸 시나리오(합성)
4434,1,스팸_사기,스팸_사기,중고거래_직거래사기,SMS,[번개장터] 말씀하신 물건 입금 확인 후 바로 발송해드릴게요. 안전결제 말고 계좌로 직접 보내주세요: 300-37-881371,신규 사기 시나리오 예시,중복도 완화를 위해 추가한 신규 스팸 시나리오(합성)
4435,1,스팸_사기,스팸_사기,OTT_결제만료사칭,SMS,[웨이브] 결제 정보가 만료되어 이용이 제한됩니다. 아래 링크에서 카드정보를 재등록해주세요 hxxp://웨이브-billing-808.top/2167,신규 사기 시나리오 예시,중복도 완화를 위해 추가한 신규 스팸 시나리오(합성)
4436,1,스팸_사기,스팸_사기,중고거래_직거래사기,SMS,[중고나라] 말씀하신 물건 입금 확인 후 바로 발송해드릴게요. 안전결제 말고 계좌로 직접 보내주세요: 676-99-265740,신규 사기 시나리오 예시,중복도 완화를 위해 추가한 신규 스팸 시나리오(합성)
4437,1,스팸_사기,스팸_사기,OTT_결제만료사칭,SMS,[왓챠] 결제 정보가 만료되어 이용이 제한됩니다. 아래 링크에서 카드정보를 재등록해주세요 hxxp://왓챠-billing-234.top/9354,신규 사기 시나리오 예시,중복도 완화를 위해 추가한 신규 스팸 시나리오(합성)
4438,1,스팸_사기,스팸_사기,통신요금_미납사칭,SMS,[KT] 미납요금 11만원이 확인되었습니다. 즉시 납부하지 않으면 회선이 정지됩니다. 납부: hxxp://kt-pay-329.kr/9960,신규 사기 시나리오 예시,중복도 완화를 위해 추가한 신규 스팸 시나리오(합성)
4439,1,스팸_사기,스팸_사기,OTT_결제만료사칭,SMS,[왓챠] 결제 정보가 만료되어 이용이 제한됩니다. 아래 링크에서 카드정보를 재등록해주세요 hxxp://왓챠-billing-854.top/4803,신규 사기 시나리오 예시,중복도 완화를 위해 추가한 신규 스팸 시나리오(합성)
4440,1,스팸_사기,스팸_사기,중고거래_직거래사기,SMS,[당근마켓] 말씀하신 물건 입금 확인 후 바로 발송해드릴게요. 안전결제 말고 계좌로 직접 보내주세요: 594-97-561547,신규 사기 시나리오 예시,중복도 완화를 위해 추가한 신규 스팸 시나리오(합성)
4441,1,스팸_사기,스팸_사기,코인_에어드랍사기,SMS,[비트코인 에어드랍] 지갑 인증만 하면 비트코인 71개 무료 지급! 지금 참여: hxxp://airdrop-비트코인-555.xyz/6801,신규 사기 시나리오 예시,중복도 완화를 위해 추가한 신규 스팸 시나리오(합성)
4442,1,스팸_사기,스팸_사기,OTT_결제만료사칭,SMS,[넷플릭스] 결제 정보가 만료되어 이용이 제한됩니다. 아래 링크에서 카드정보를 재등록해주세요 hxxp://넷플릭스-billing-954.top/1161,신규 사기 시나리오 예시,중복도 완화를 위해 추가한 신규 스팸 시나리오(합성)
4443,1,스팸_사기,스팸_사기,통신요금_미납사칭,SMS,[KT] 미납요금 12만원이 확인되었습니다. 즉시 납부하지 않으면 회선이 정지됩니다. 납부: hxxp://kt-pay-693.kr/7848,신규 사기 시나리오 예시,중복도 완화를 위해 추가한 신규 스팸 시나리오(합성)
4444,1,스팸_사기,스팸_사기,통신요금_미납사칭,SMS,[SKT] 미납요금 15만원이 확인되었습니다. 즉시 납부하지 않으면 회선이 정지됩니다. 납부: hxxp://skt-pay-410.kr/1827,신규 사기 시나리오 예시,중복도 완화를 위해 추가한 신규 스팸 시나리오(합성)
4445,1,스팸_사기,스팸_사기,중고거래_직거래사기,SMS,[중고나라] 말씀하신 물건 입금 확인 후 바로 발송해드릴게요. 안전결제 말고 계좌로 직접 보내주세요: 555-66-355694,신규 사기 시나리오 예시,중복도 완화를 위해 추가한 신규 스팸 시나리오(합성)
4446,1,스팸_사기,스팸_사기,중고거래_직거래사기,SMS,[중고나라] 말씀하신 물건 입금 확인 후 바로 발송해드릴게요. 안전결제 말고 계좌로 직접 보내주세요: 401-51-766135,신규 사기 시나리오 예시,중복도 완화를 위해 추가한 신규 스팸 시나리오(합성)
4447,1,스팸_사기,스팸_사기,중고거래_직거래사기,SMS,[번개장터] 말씀하신 물건 입금 확인 후 바로 발송해드릴게요. 안전결제 말고 계좌로 직접 보내주세요: 863-53-430437,신규 사기 시나리오 예시,중복도 완화를 위해 추가한 신규 스팸 시나리오(합성)
4448,1,스팸_사기,스팸_사기,코인_에어드랍사기,SMS,[리플 에어드랍] 지갑 인증만 하면 리플 306개 무료 지급! 지금 참여: hxxp://airdrop-리플-528.xyz/8527,신규 사기 시나리오 예시,중복도 완화를 위해 추가한 신규 스팸 시나리오(합성)
4449,1,스팸_사기,스팸_사기,통신요금_미납사칭,SMS,[LGU+] 미납요금 9만원이 확인되었습니다. 즉시 납부하지 않으면 회선이 정지됩니다. 납부: hxxp://lgu+-pay-145.kr/9630,신규 사기 시나리오 예시,중복도 완화를 위해 추가한 신규 스팸 시나리오(합성)
4450,1,스팸_사기,스팸_사기,코인_에어드랍사기,SMS,[리플 에어드랍] 지갑 인증만 하면 리플 197개 무료 지급! 지금 참여: hxxp://airdrop-리플-563.xyz/4004,신규 사기 시나리오 예시,중복도 완화를 위해 추가한 신규 스팸 시나리오(합성)
4451,1,스팸_사기,스팸_사기,OTT_결제만료사칭,SMS,[왓챠] 결제 정보가 만료되어 이용이 제한됩니다. 아래 링크에서 카드정보를 재등록해주세요 hxxp://왓챠-billing-418.top/3016,신규 사기 시나리오 예시,중복도 완화를 위해 추가한 신규 스팸 시나리오(합성)
4452,1,스팸_사기,스팸_사기,코인_에어드랍사기,SMS,[비트코인 에어드랍] 지갑 인증만 하면 비트코인 485개 무료 지급! 지금 참여: hxxp://airdrop-비트코인-916.xyz/3036,신규 사기 시나리오 예시,중복도 완화를 위해 추가한 신규 스팸 시나리오(합성)
4453,1,스팸_사기,스팸_사기,OTT_결제만료사칭,SMS,[왓챠] 결제 정보가 만료되어 이용이 제한됩니다. 아래 링크에서 카드정보를 재등록해주세요 hxxp://왓챠-billing-183.top/1301,신규 사기 시나리오 예시,중복도 완화를 위해 추가한 신규 스팸 시나리오(합성)
4454,1,스팸_사기,스팸_사기,중고거래_직거래사기,SMS,[당근마켓] 말씀하신 물건 입금 확인 후 바로 발송해드릴게요. 안전결제 말고 계좌로 직접 보내주세요: 864-31-249001,신규 사기 시나리오 예시,중복도 완화를 위해 추가한 신규 스팸 시나리오(합성)
4455,1,스팸_사기,스팸_사기,중고거래_직거래사기,SMS,[당근마켓] 말씀하신 물건 입금 확인 후 바로 발송해드릴게요. 안전결제 말고 계좌로 직접 보내주세요: 748-59-490518,신규 사기 시나리오 예시,중복도 완화를 위해 추가한 신규 스팸 시나리오(합성)
4456,1,스팸_사기,스팸_사기,중고거래_직거래사기,SMS,[중고나라] 말씀하신 물건 입금 확인 후 바로 발송해드릴게요. 안전결제 말고 계좌로 직접 보내주세요: 621-10-541580,신규 사기 시나리오 예시,중복도 완화를 위해 추가한 신규 스팸 시나리오(합성)
4457,1,스팸_사기,스팸_사기,OTT_결제만료사칭,SMS,[디즈니플러스] 결제 정보가 만료되어 이용이 제한됩니다. 아래 링크에서 카드정보를 재등록해주세요 hxxp://디즈니플러스-billing-877.top/6442,신규 사기 시나리오 예시,중복도 완화를 위해 추가한 신규 스팸 시나리오(합성)
4458,1,스팸_사기,스팸_사기,통신요금_미납사칭,SMS,[LGU+] 미납요금 7만원이 확인되었습니다. 즉시 납부하지 않으면 회선이 정지됩니다. 납부: hxxp://lgu+-pay-944.kr/4876,신규 사기 시나리오 예시,중복도 완화를 위해 추가한 신규 스팸 시나리오(합성)
4459,1,스팸_사기,스팸_사기,코인_에어드랍사기,SMS,[이더리움 에어드랍] 지갑 인증만 하면 이더리움 29개 무료 지급! 지금 참여: hxxp://airdrop-이더리움-489.xyz/5148,신규 사기 시나리오 예시,중복도 완화를 위해 추가한 신규 스팸 시나리오(합성)
4460,1,스팸_사기,스팸_사기,OTT_결제만료사칭,SMS,[웨이브] 결제 정보가 만료되어 이용이 제한됩니다. 아래 링크에서 카드정보를 재등록해주세요 hxxp://웨이브-billing-507.top/9146,신규 사기 시나리오 예시,중복도 완화를 위해 추가한 신규 스팸 시나리오(합성)
4461,1,스팸_사기,스팸_사기,코인_에어드랍사기,SMS,[리플 에어드랍] 지갑 인증만 하면 리플 39개 무료 지급! 지금 참여: hxxp://airdrop-리플-852.xyz/7814,신규 사기 시나리오 예시,중복도 완화를 위해 추가한 신규 스팸 시나리오(합성)
4462,1,스팸_사기,스팸_사기,중고거래_직거래사기,SMS,[번개장터] 말씀하신 물건 입금 확인 후 바로 발송해드릴게요. 안전결제 말고 계좌로 직접 보내주세요: 120-60-631347,신규 사기 시나리오 예시,중복도 완화를 위해 추가한 신규 스팸 시나리오(합성)
4463,1,스팸_사기,스팸_사기,통신요금_미납사칭,SMS,[LGU+] 미납요금 11만원이 확인되었습니다. 즉시 납부하지 않으면 회선이 정지됩니다. 납부: hxxp://lgu+-pay-176.kr/8307,신규 사기 시나리오 예시,중복도 완화를 위해 추가한 신규 스팸 시나리오(합성)
4464,1,스팸_사기,스팸_사기,통신요금_미납사칭,SMS,[KT] 미납요금 14만원이 확인되었습니다. 즉시 납부하지 않으면 회선이 정지됩니다. 납부: hxxp://kt-pay-597.kr/5563,신규 사기 시나리오 예시,중복도 완화를 위해 추가한 신규 스팸 시나리오(합성)
4465,1,스팸_사기,스팸_사기,통신요금_미납사칭,SMS,[LGU+] 미납요금 15만원이 확인되었습니다. 즉시 납부하지 않으면 회선이 정지됩니다. 납부: hxxp://lgu+-pay-492.kr/4893,신규 사기 시나리오 예시,중복도 완화를 위해 추가한 신규 스팸 시나리오(합성)
4466,1,스팸_사기,스팸_사기,코인_에어드랍사기,SMS,[비트코인 에어드랍] 지갑 인증만 하면 비트코인 499개 무료 지급! 지금 참여: hxxp://airdrop-비트코인-713.xyz/9902,신규 사기 시나리오 예시,중복도 완화를 위해 추가한 신규 스팸 시나리오(합성)
4467,1,스팸_사기,스팸_사기,중고거래_직거래사기,SMS,[중고나라] 말씀하신 물건 입금 확인 후 바로 발송해드릴게요. 안전결제 말고 계좌로 직접 보내주세요: 462-16-872010,신규 사기 시나리오 예시,중복도 완화를 위해 추가한 신규 스팸 시나리오(합성)
